show_id,type,genre
s1,Movie,Documentaries
s2,TV Show,International TV Shows
s2,TV Show,TV Dramas
s2,TV Show,TV Mysteries
s3,TV Show,Crime TV Shows
s3,TV Show,International TV Shows
s3,TV Show,TV Action & Adventure
s4,TV Show,Docuseries
s4,TV Show,Reality TV
s5,TV Show,International TV Shows
s5,TV Show,Romantic TV Shows
s5,TV Show,TV Comedies
s6,TV Show,TV Dramas
s6,TV Show,TV Horror
s6,TV Show,TV Mysteries
s7,Movie,Children & Family Movies
s8,Movie,Dramas
s8,Movie,Independent Movies
s8,Movie,International Movies
s9,TV Show,British TV Shows
s9,TV Show,Reality TV
s10,Movie,Comedies
s10,Movie,Dramas
s11,TV Show,Crime TV Shows
s11,TV Show,Docuseries
s11,TV Show,International TV Shows
s12,TV Show,Crime TV Shows
s12,TV Show,International TV Shows
s12,TV Show,TV Action & Adventure
s13,Movie,Dramas
s13,Movie,International Movies
s14,Movie,Children & Family Movies
s14,Movie,Comedies
s15,TV Show,British TV Shows
s15,TV Show,Crime TV Shows
s15,TV Show,Docuseries
s16,TV Show,TV Comedies
s16,TV Show,TV Dramas
s17,Movie,Documentaries
s17,Movie,International Movies
s18,TV Show,Crime TV Shows
s18,TV Show,Spanish-Language TV Shows
s18,TV Show,TV Dramas
s19,Movie,Thrillers
s20,TV Show,International TV Shows
s20,TV Show,Spanish-Language TV Shows
s20,TV Show,TV Action & Adventure
s21,TV Show,Crime TV Shows
s21,TV Show,Docuseries
s21,TV Show,International TV Shows
s22,TV Show,International TV Shows
s22,TV Show,TV Action & Adventure
s22,TV Show,TV Dramas
s23,Movie,Comedies
s23,Movie,International Movies
s24,Movie,Children & Family Movies
s25,Movie,Comedies
s25,Movie,International Movies
s25,Movie,Romantic Movies
s26,TV Show,Docuseries
s26,TV Show,International TV Shows
s26,TV Show,Reality TV
s27,Movie,Comedies
s27,Movie,International Movies
s27,Movie,Music & Musicals
s28,Movie,Comedies
s29,Movie,Horror Movies
s29,Movie,Sci-Fi & Fantasy
s30,Movie,Thrillers
s31,Movie,Dramas
s31,Movie,Independent Movies
s31,Movie,International Movies
s32,TV Show,TV Comedies
s33,TV Show,British TV Shows
s33,TV Show,International TV Shows
s33,TV Show,TV Comedies
s34,TV Show,International TV Shows
s34,TV Show,TV Dramas
s34,TV Show,TV Thrillers
s35,TV Show,Kids' TV
s36,Movie,Dramas
s36,Movie,International Movies
s36,Movie,Thrillers
s37,Movie,Action & Adventure
s37,Movie,Dramas
s37,Movie,International Movies
s38,TV Show,Kids' TV
s38,TV Show,TV Comedies
s39,Movie,Action & Adventure
s39,Movie,Dramas
s40,TV Show,Kids' TV
s41,TV Show,Kids' TV
s41,TV Show,TV Sci-Fi & Fantasy
s42,Movie,Action & Adventure
s42,Movie,Classic Movies
s42,Movie,Dramas
s43,Movie,Dramas
s43,Movie,Horror Movies
s43,Movie,Thrillers
s44,Movie,Action & Adventure
s44,Movie,Horror Movies
s44,Movie,Thrillers
s45,Movie,Action & Adventure
s45,Movie,Horror Movies
s45,Movie,Thrillers
s46,Movie,Documentaries
s47,Movie,Action & Adventure
s48,TV Show,International TV Shows
s48,TV Show,Romantic TV Shows
s48,TV Show,TV Comedies
s49,Movie,Dramas
s49,Movie,Thrillers
s50,TV Show,International TV Shows
s50,TV Show,TV Dramas
s51,TV Show,International TV Shows
s51,TV Show,TV Dramas
s51,TV Show,TV Sci-Fi & Fantasy
s52,Movie,Action & Adventure
s52,Movie,Anime Features
s52,Movie,International Movies
s53,Movie,Action & Adventure
s53,Movie,Anime Features
s53,Movie,International Movies
s54,Movie,Action & Adventure
s54,Movie,Anime Features
s54,Movie,International Movies
s55,Movie,Action & Adventure
s55,Movie,Anime Features
s55,Movie,International Movies
s56,TV Show,Reality TV
s57,Movie,Action & Adventure
s57,Movie,Anime Features
s57,Movie,International Movies
s58,Movie,Action & Adventure
s58,Movie,Anime Features
s58,Movie,International Movies
s59,Movie,Action & Adventure
s59,Movie,Anime Features
s59,Movie,International Movies
s60,Movie,Action & Adventure
s60,Movie,Anime Features
s60,Movie,International Movies
s61,Movie,Action & Adventure
s61,Movie,Anime Features
s61,Movie,International Movies
s62,Movie,Action & Adventure
s62,Movie,Anime Features
s62,Movie,International Movies
s63,Movie,Action & Adventure
s63,Movie,Anime Features
s63,Movie,International Movies
s64,Movie,Action & Adventure
s64,Movie,Anime Features
s64,Movie,International Movies
s65,Movie,Children & Family Movies
s66,TV Show,Kids' TV
s67,TV Show,Docuseries
s67,TV Show,International TV Shows
s68,TV Show,Kids' TV
s68,TV Show,TV Comedies
s69,Movie,Documentaries
s69,Movie,International Movies
s69,Movie,Sports Movies
s70,TV Show,International TV Shows
s70,TV Show,TV Dramas
s71,TV Show,International TV Shows
s71,TV Show,Reality TV
s71,TV Show,Romantic TV Shows
s72,Movie,Children & Family Movies
s73,TV Show,British TV Shows
s73,TV Show,Docuseries
s73,TV Show,International TV Shows
s74,Movie,Dramas
s74,Movie,International Movies
s75,TV Show,Reality TV
s76,Movie,Children & Family Movies
s77,TV Show,Anime Series
s77,TV Show,International TV Shows
s78,Movie,Children & Family Movies
s78,Movie,Comedies
s79,Movie,Comedies
s79,Movie,Dramas
s79,Movie,International Movies
s80,Movie,Comedies
s80,Movie,Dramas
s80,Movie,International Movies
s81,Movie,Children & Family Movies
s82,Movie,Action & Adventure
s83,TV Show,Crime TV Shows
s83,TV Show,TV Comedies
s83,TV Show,TV Dramas
s84,TV Show,Reality TV
s85,Movie,Action & Adventure
s85,Movie,Comedies
s85,Movie,Dramas
s86,TV Show,Anime Series
s86,TV Show,Kids' TV
s87,Movie,International Movies
s87,Movie,Thrillers
s88,TV Show,Kids' TV
s88,TV Show,Korean TV Shows
s89,Movie,Documentaries
s89,Movie,Sports Movies
s90,TV Show,Kids' TV
s91,Movie,Sci-Fi & Fantasy
s91,Movie,Thrillers
s92,Movie,Documentaries
s92,Movie,International Movies
s93,TV Show,International TV Shows
s93,TV Show,TV Dramas
s93,TV Show,TV Mysteries
s94,Movie,Dramas
s94,Movie,International Movies
s94,Movie,Romantic Movies
s95,Movie,Children & Family Movies
s95,Movie,Comedies
s96,TV Show,Reality TV
s97,Movie,Documentaries
s97,Movie,Music & Musicals
s98,TV Show,Kids' TV
s98,TV Show,TV Comedies
s98,TV Show,TV Sci-Fi & Fantasy
s99,TV Show,British TV Shows
s99,TV Show,Kids' TV
s100,TV Show,TV Comedies
s100,TV Show,TV Dramas
s101,TV Show,Kids' TV
s102,Movie,Documentaries
s102,Movie,Sports Movies
s103,TV Show,Docuseries
s103,TV Show,Science & Nature TV
s104,Movie,Dramas
s104,Movie,International Movies
s104,Movie,Thrillers
s105,TV Show,Kids' TV
s105,TV Show,Korean TV Shows
s106,Movie,Action & Adventure
s106,Movie,Comedies
s106,Movie,Dramas
s107,TV Show,Kids' TV
s107,TV Show,TV Comedies
s108,Movie,Children & Family Movies
s108,Movie,Dramas
s109,TV Show,Kids' TV
s109,TV Show,TV Dramas
s109,TV Show,Teen TV Shows
s110,TV Show,Crime TV Shows
s110,TV Show,International TV Shows
s110,TV Show,Spanish-Language TV Shows
s111,TV Show,Docuseries
s111,TV Show,International TV Shows
s111,TV Show,Spanish-Language TV Shows
s112,TV Show,Kids' TV
s113,Movie,Dramas
s114,Movie,Comedies
s114,Movie,Romantic Movies
s115,Movie,Dramas
s115,Movie,International Movies
s115,Movie,Thrillers
s116,Movie,Dramas
s116,Movie,Romantic Movies
s117,Movie,Comedies
s117,Movie,Dramas
s117,Movie,Independent Movies
s118,Movie,Documentaries
s119,Movie,Dramas
s119,Movie,International Movies
s119,Movie,Thrillers
s120,Movie,Dramas
s120,Movie,International Movies
s120,Movie,Romantic Movies
s121,TV Show,Kids' TV
s121,TV Show,TV Comedies
s122,TV Show,International TV Shows
s122,TV Show,Romantic TV Shows
s122,TV Show,TV Comedies
s123,Movie,Thrillers
s124,TV Show,Kids' TV
s125,TV Show,Kids' TV
s125,TV Show,Korean TV Shows
s126,TV Show,Crime TV Shows
s126,TV Show,TV Action & Adventure
s126,TV Show,TV Comedies
s127,Movie,Dramas
s127,Movie,International Movies
s127,Movie,Romantic Movies
s128,Movie,Children & Family Movies
s128,Movie,Comedies
s129,Movie,Dramas
s129,Movie,International Movies
s129,Movie,Thrillers
s130,Movie,Dramas
s131,Movie,Children & Family Movies
s131,Movie,Music & Musicals
s132,Movie,Action & Adventure
s132,Movie,Classic Movies
s132,Movie,Cult Movies
s133,TV Show,International TV Shows
s133,TV Show,TV Action & Adventure
s133,TV Show,TV Comedies
s134,Movie,Action & Adventure
s134,Movie,Sci-Fi & Fantasy
s135,Movie,Action & Adventure
s135,Movie,Dramas
s136,Movie,Action & Adventure
s137,Movie,Dramas
s137,Movie,Romantic Movies
s138,Movie,Action & Adventure
s138,Movie,Comedies
s139,Movie,Dramas
s139,Movie,Romantic Movies
s140,Movie,Classic Movies
s140,Movie,Comedies
s140,Movie,Dramas
s141,Movie,Dramas
s141,Movie,International Movies
s141,Movie,Thrillers
s142,Movie,Action & Adventure
s143,Movie,Dramas
s144,Movie,Action & Adventure
s144,Movie,Sci-Fi & Fantasy
s145,Movie,Comedies
s145,Movie,Cult Movies
s146,Movie,Comedies
s146,Movie,Cult Movies
s146,Movie,Music & Musicals
s147,Movie,Comedies
s147,Movie,Music & Musicals
s148,TV Show,Reality TV
s149,TV Show,TV Shows
s150,Movie,Action & Adventure
s150,Movie,Comedies
s151,Movie,Thrillers
s152,Movie,Action & Adventure
s152,Movie,International Movies
s153,Movie,Comedies
s154,TV Show,Kids' TV
s155,TV Show,Anime Series
s155,TV Show,International TV Shows
s155,TV Show,Teen TV Shows
s156,Movie,Action & Adventure
s156,Movie,Children & Family Movies
s156,Movie,Cult Movies
s157,Movie,Comedies
s157,Movie,Dramas
s157,Movie,Romantic Movies
s158,Movie,Sci-Fi & Fantasy
s158,Movie,Thrillers
s159,Movie,Comedies
s159,Movie,Romantic Movies
s160,Movie,Comedies
s160,Movie,Dramas
s160,Movie,International Movies
s161,TV Show,TV Comedies
s162,Movie,Comedies
s162,Movie,Cult Movies
s162,Movie,Sci-Fi & Fantasy
s163,Movie,Dramas
s164,Movie,Comedies
s164,Movie,Romantic Movies
s165,Movie,Action & Adventure
s165,Movie,Comedies
s166,TV Show,Crime TV Shows
s166,TV Show,International TV Shows
s166,TV Show,Spanish-Language TV Shows
s167,Movie,Classic Movies
s167,Movie,Dramas
s168,Movie,Children & Family Movies
s168,Movie,Comedies
s169,Movie,Action & Adventure
s169,Movie,Children & Family Movies
s169,Movie,Comedies
s170,Movie,Action & Adventure
s170,Movie,Dramas
s171,Movie,Documentaries
s171,Movie,Music & Musicals
s172,Movie,Dramas
s172,Movie,Faith & Spirituality
s173,Movie,Comedies
s173,Movie,Music & Musicals
s174,Movie,Documentaries
s174,Movie,LGBTQ Movies
s175,Movie,Action & Adventure
s175,Movie,Dramas
s176,Movie,Dramas
s176,Movie,Romantic Movies
s177,Movie,Action & Adventure
s177,Movie,Comedies
s178,Movie,Action & Adventure
s178,Movie,Classic Movies
s179,Movie,Action & Adventure
s179,Movie,Comedies
s180,Movie,Comedies
s180,Movie,Romantic Movies
s181,Movie,Comedies
s181,Movie,Romantic Movies
s182,TV Show,Docuseries
s183,Movie,Comedies
s184,Movie,Action & Adventure
s184,Movie,Classic Movies
s185,TV Show,Reality TV
s186,Movie,Documentaries
s186,Movie,Sports Movies
s187,TV Show,International TV Shows
s187,TV Show,Romantic TV Shows
s187,TV Show,TV Comedies
s188,TV Show,International TV Shows
s188,TV Show,TV Comedies
s189,Movie,Comedies
s189,Movie,International Movies
s190,TV Show,Kids' TV
s190,TV Show,TV Comedies
s191,Movie,Dramas
s191,Movie,International Movies
s192,Movie,Dramas
s192,Movie,Independent Movies
s193,Movie,Action & Adventure
s193,Movie,Comedies
s193,Movie,International Movies
s194,TV Show,International TV Shows
s194,TV Show,TV Dramas
s195,TV Show,International TV Shows
s195,TV Show,Spanish-Language TV Shows
s195,TV Show,TV Dramas
s196,Movie,Comedies
s196,Movie,Dramas
s196,Movie,International Movies
s197,Movie,Comedies
s197,Movie,Romantic Movies
s198,TV Show,Kids' TV
s198,TV Show,TV Comedies
s199,TV Show,Crime TV Shows
s199,TV Show,International TV Shows
s199,TV Show,TV Dramas
s200,Movie,Comedies
s200,Movie,Dramas
s200,Movie,International Movies
s201,Movie,Action & Adventure
s201,Movie,Horror Movies
s201,Movie,International Movies
s202,Movie,Dramas
s202,Movie,International Movies
s202,Movie,Thrillers
s203,Movie,Comedies
s203,Movie,International Movies
s203,Movie,Music & Musicals
s204,Movie,Comedies
s204,Movie,International Movies
s205,Movie,Comedies
s205,Movie,International Movies
s206,Movie,Comedies
s206,Movie,International Movies
s206,Movie,Sci-Fi & Fantasy
s207,Movie,Dramas
s207,Movie,Independent Movies
s207,Movie,International Movies
s208,Movie,Action & Adventure
s208,Movie,International Movies
s208,Movie,Music & Musicals
s209,Movie,Dramas
s209,Movie,International Movies
s209,Movie,Music & Musicals
s210,Movie,Dramas
s210,Movie,International Movies
s210,Movie,Music & Musicals
s211,Movie,Horror Movies
s211,Movie,International Movies
s212,Movie,Horror Movies
s212,Movie,International Movies
s213,TV Show,International TV Shows
s213,TV Show,TV Dramas
s214,TV Show,Docuseries
s214,TV Show,International TV Shows
s215,Movie,Action & Adventure
s215,Movie,International Movies
s216,Movie,Action & Adventure
s216,Movie,Dramas
s216,Movie,International Movies
s217,Movie,Comedies
s217,Movie,Dramas
s217,Movie,Independent Movies
s218,Movie,Comedies
s218,Movie,Dramas
s218,Movie,International Movies
s219,TV Show,Reality TV
s219,TV Show,Teen TV Shows
s220,TV Show,Anime Series
s220,TV Show,International TV Shows
s221,TV Show,Kids' TV
s221,TV Show,TV Comedies
s222,Movie,Documentaries
s223,TV Show,Crime TV Shows
s223,TV Show,TV Dramas
s223,TV Show,TV Mysteries
s224,TV Show,Crime TV Shows
s224,TV Show,Docuseries
s224,TV Show,International TV Shows
s225,TV Show,International TV Shows
s225,TV Show,Reality TV
s226,TV Show,International TV Shows
s226,TV Show,TV Dramas
s226,TV Show,TV Mysteries
s227,TV Show,International TV Shows
s227,TV Show,TV Comedies
s227,TV Show,TV Dramas
s228,Movie,Dramas
s228,Movie,Independent Movies
s228,Movie,Romantic Movies
s229,Movie,Action & Adventure
s230,Movie,Horror Movies
s231,Movie,Documentaries
s231,Movie,Sports Movies
s232,Movie,Children & Family Movies
s232,Movie,Dramas
s233,TV Show,Reality TV
s234,Movie,Documentaries
s234,Movie,Music & Musicals
s235,TV Show,Kids' TV
s235,TV Show,TV Comedies
s236,Movie,Documentaries
s236,Movie,LGBTQ Movies
s236,Movie,Sports Movies
s237,Movie,Horror Movies
s237,Movie,International Movies
s237,Movie,Thrillers
s238,Movie,Horror Movies
s238,Movie,International Movies
s238,Movie,Thrillers
s239,Movie,Horror Movies
s239,Movie,International Movies
s239,Movie,Thrillers
s240,Movie,Horror Movies
s240,Movie,International Movies
s240,Movie,Thrillers
s241,Movie,Action & Adventure
s241,Movie,Anime Features
s242,TV Show,TV Dramas
s242,TV Show,TV Mysteries
s242,TV Show,TV Sci-Fi & Fantasy
s243,TV Show,International TV Shows
s243,TV Show,TV Comedies
s244,TV Show,International TV Shows
s244,TV Show,Spanish-Language TV Shows
s244,TV Show,TV Comedies
s245,Movie,Dramas
s245,Movie,International Movies
s245,Movie,Thrillers
s246,TV Show,Docuseries
s246,TV Show,International TV Shows
s247,Movie,Dramas
s247,Movie,International Movies
s247,Movie,Romantic Movies
s248,Movie,Action & Adventure
s248,Movie,Dramas
s249,TV Show,TV Comedies
s249,TV Show,TV Dramas
s250,Movie,Children & Family Movies
s250,Movie,Comedies
s250,Movie,Music & Musicals
s251,Movie,Dramas
s251,Movie,International Movies
s251,Movie,Romantic Movies
s252,Movie,Dramas
s252,Movie,Independent Movies
s252,Movie,Romantic Movies
s253,Movie,International Movies
s253,Movie,Thrillers
s254,Movie,Dramas
s254,Movie,International Movies
s254,Movie,Romantic Movies
s255,TV Show,Kids' TV
s256,Movie,Documentaries
s256,Movie,International Movies
s257,Movie,Dramas
s257,Movie,International Movies
s258,Movie,Dramas
s258,Movie,International Movies
s258,Movie,Romantic Movies
s259,Movie,Comedies
s259,Movie,Dramas
s259,Movie,International Movies
s260,Movie,Comedies
s260,Movie,Dramas
s260,Movie,International Movies
s261,TV Show,Crime TV Shows
s261,TV Show,International TV Shows
s261,TV Show,TV Dramas
s262,Movie,Comedies
s262,Movie,International Movies
s262,Movie,Romantic Movies
s263,Movie,Documentaries
s263,Movie,LGBTQ Movies
s263,Movie,Sports Movies
s264,TV Show,Kids' TV
s265,Movie,Comedies
s265,Movie,Independent Movies
s266,TV Show,Anime Series
s266,TV Show,International TV Shows
s266,TV Show,Romantic TV Shows
s267,TV Show,Docuseries
s267,TV Show,International TV Shows
s268,Movie,Classic Movies
s268,Movie,Dramas
s268,Movie,Independent Movies
s269,Movie,Dramas
s269,Movie,International Movies
s270,TV Show,Kids' TV
s271,Movie,Action & Adventure
s272,TV Show,TV Dramas
s272,TV Show,TV Horror
s272,TV Show,TV Mysteries
s273,TV Show,Kids' TV
s274,TV Show,Crime TV Shows
s274,TV Show,International TV Shows
s274,TV Show,TV Dramas
s275,TV Show,TV Comedies
s275,TV Show,TV Dramas
s276,TV Show,Crime TV Shows
s276,TV Show,International TV Shows
s276,TV Show,Spanish-Language TV Shows
s277,TV Show,International TV Shows
s277,TV Show,Romantic TV Shows
s277,TV Show,Spanish-Language TV Shows
s278,TV Show,International TV Shows
s278,TV Show,TV Dramas
s278,TV Show,Teen TV Shows
s279,Movie,Stand-Up Comedy
s280,Movie,Action & Adventure
s280,Movie,Anime Features
s280,Movie,Children & Family Movies
s281,TV Show,Reality TV
s282,Movie,Comedies
s282,Movie,International Movies
s283,Movie,Dramas
s283,Movie,Independent Movies
s283,Movie,International Movies
s284,Movie,Documentaries
s284,Movie,International Movies
s285,Movie,Comedies
s285,Movie,Romantic Movies
s286,Movie,Dramas
s286,Movie,International Movies
s287,TV Show,Kids' TV
s288,TV Show,International TV Shows
s288,TV Show,Romantic TV Shows
s288,TV Show,TV Comedies
s289,TV Show,Crime TV Shows
s289,TV Show,International TV Shows
s289,TV Show,Spanish-Language TV Shows
s290,TV Show,International TV Shows
s290,TV Show,Romantic TV Shows
s290,TV Show,TV Dramas
s291,Movie,Documentaries
s291,Movie,Sports Movies
s292,TV Show,Anime Series
s292,TV Show,International TV Shows
s293,Movie,Comedies
s293,Movie,Dramas
s293,Movie,Independent Movies
s294,Movie,Comedies
s294,Movie,International Movies
s294,Movie,Romantic Movies
s295,Movie,International Movies
s295,Movie,Music & Musicals
s296,Movie,Action & Adventure
s296,Movie,Comedies
s297,TV Show,TV Action & Adventure
s297,TV Show,TV Dramas
s297,TV Show,TV Mysteries
s298,TV Show,TV Shows
s299,Movie,Comedies
s299,Movie,Dramas
s299,Movie,International Movies
s300,Movie,Horror Movies
s300,Movie,Independent Movies
s300,Movie,International Movies
s301,Movie,Children & Family Movies
s301,Movie,Music & Musicals
s302,Movie,Action & Adventure
s302,Movie,Comedies
s302,Movie,International Movies
s303,Movie,Documentaries
s303,Movie,International Movies
s304,Movie,Comedies
s304,Movie,Cult Movies
s304,Movie,International Movies
s305,Movie,Documentaries
s306,Movie,Classic Movies
s306,Movie,Dramas
s306,Movie,International Movies
s307,Movie,Dramas
s307,Movie,International Movies
s308,Movie,Horror Movies
s309,Movie,Movies
s310,TV Show,Reality TV
s311,TV Show,Crime TV Shows
s311,TV Show,Docuseries
s312,TV Show,International TV Shows
s312,TV Show,Spanish-Language TV Shows
s312,TV Show,TV Dramas
s313,TV Show,Reality TV
s314,TV Show,International TV Shows
s314,TV Show,Romantic TV Shows
s314,TV Show,TV Dramas
s315,Movie,Dramas
s315,Movie,Independent Movies
s315,Movie,Romantic Movies
s316,Movie,Dramas
s316,Movie,International Movies
s317,TV Show,International TV Shows
s317,TV Show,Romantic TV Shows
s317,TV Show,TV Comedies
s318,Movie,Documentaries
s318,Movie,LGBTQ Movies
s319,Movie,Documentaries
s319,Movie,International Movies
s320,TV Show,International TV Shows
s320,TV Show,Romantic TV Shows
s320,TV Show,TV Comedies
s321,TV Show,Docuseries
s322,TV Show,International TV Shows
s322,TV Show,Romantic TV Shows
s322,TV Show,TV Comedies
s323,TV Show,International TV Shows
s323,TV Show,Romantic TV Shows
s323,TV Show,TV Comedies
s324,TV Show,TV Comedies
s325,TV Show,Kids' TV
s326,Movie,Children & Family Movies
s326,Movie,Comedies
s327,Movie,Children & Family Movies
s327,Movie,Comedies
s328,Movie,Action & Adventure
s328,Movie,Sci-Fi & Fantasy
s329,Movie,Action & Adventure
s330,Movie,Dramas
s331,Movie,Children & Family Movies
s331,Movie,Comedies
s331,Movie,Sci-Fi & Fantasy
s332,TV Show,Anime Series
s332,TV Show,International TV Shows
s332,TV Show,TV Thrillers
s333,Movie,Action & Adventure
s333,Movie,Horror Movies
s333,Movie,Sci-Fi & Fantasy
s334,Movie,Classic Movies
s334,Movie,Comedies
s334,Movie,Cult Movies
s335,Movie,Dramas
s335,Movie,Romantic Movies
s336,Movie,Dramas
s336,Movie,Thrillers
s337,TV Show,TV Dramas
s337,TV Show,Teen TV Shows
s338,Movie,Comedies
s338,Movie,Romantic Movies
s339,TV Show,Anime Series
s339,TV Show,International TV Shows
s340,Movie,Dramas
s340,Movie,Independent Movies
s340,Movie,International Movies
s341,Movie,Action & Adventure
s341,Movie,Sci-Fi & Fantasy
s341,Movie,Thrillers
s342,Movie,Dramas
s342,Movie,Independent Movies
s343,Movie,Comedies
s344,Movie,Dramas
s345,Movie,Children & Family Movies
s345,Movie,Comedies
s345,Movie,Dramas
s346,Movie,Children & Family Movies
s346,Movie,Comedies
s347,Movie,Action & Adventure
s347,Movie,Comedies
s348,Movie,Children & Family Movies
s348,Movie,Comedies
s348,Movie,Sci-Fi & Fantasy
s349,Movie,Comedies
s350,Movie,Dramas
s350,Movie,Sports Movies
s351,Movie,Action & Adventure
s351,Movie,Dramas
s351,Movie,Sci-Fi & Fantasy
s352,Movie,Action & Adventure
s352,Movie,Comedies
s352,Movie,Cult Movies
s353,Movie,Comedies
s353,Movie,Dramas
s354,Movie,Horror Movies
s355,Movie,Action & Adventure
s355,Movie,Comedies
s356,Movie,Dramas
s356,Movie,Thrillers
s357,Movie,Action & Adventure
s358,Movie,Dramas
s358,Movie,Independent Movies
s358,Movie,Thrillers
s359,Movie,Thrillers
s360,Movie,Stand-Up Comedy
s361,Movie,Comedies
s361,Movie,Romantic Movies
s362,TV Show,TV Dramas
s362,TV Show,TV Sci-Fi & Fantasy
s363,Movie,Dramas
s363,Movie,International Movies
s364,Movie,Action & Adventure
s364,Movie,International Movies
s364,Movie,Thrillers
s365,TV Show,Kids' TV
s365,TV Show,TV Comedies
s366,Movie,Dramas
s366,Movie,Independent Movies
s366,Movie,International Movies
s367,TV Show,British TV Shows
s367,TV Show,International TV Shows
s367,TV Show,Reality TV
s368,Movie,Documentaries
s368,Movie,International Movies
s369,TV Show,International TV Shows
s369,TV Show,Reality TV
s370,TV Show,British TV Shows
s370,TV Show,Crime TV Shows
s370,TV Show,Docuseries
s371,TV Show,TV Action & Adventure
s371,TV Show,TV Dramas
s371,TV Show,Teen TV Shows
s372,Movie,Dramas
s372,Movie,Independent Movies
s372,Movie,International Movies
s373,Movie,Action & Adventure
s373,Movie,International Movies
s374,Movie,Action & Adventure
s374,Movie,Comedies
s374,Movie,International Movies
s375,Movie,Comedies
s375,Movie,International Movies
s375,Movie,Romantic Movies
s376,Movie,Comedies
s376,Movie,Romantic Movies
s377,TV Show,Anime Series
s378,Movie,Action & Adventure
s378,Movie,International Movies
s379,Movie,Documentaries
s380,TV Show,Reality TV
s381,TV Show,Crime TV Shows
s381,TV Show,TV Action & Adventure
s381,TV Show,TV Sci-Fi & Fantasy
s382,TV Show,Crime TV Shows
s382,TV Show,International TV Shows
s382,TV Show,Spanish-Language TV Shows
s383,TV Show,TV Dramas
s383,TV Show,Teen TV Shows
s384,Movie,Action & Adventure
s384,Movie,International Movies
s385,Movie,Thrillers
s386,TV Show,Crime TV Shows
s386,TV Show,International TV Shows
s386,TV Show,TV Comedies
s387,TV Show,Kids' TV
s388,Movie,Comedies
s388,Movie,Dramas
s388,Movie,International Movies
s389,TV Show,Stand-Up Comedy & Talk Shows
s389,TV Show,TV Comedies
s390,Movie,Dramas
s390,Movie,International Movies
s390,Movie,Thrillers
s391,TV Show,Classic & Cult TV
s391,TV Show,TV Action & Adventure
s391,TV Show,TV Dramas
s392,TV Show,International TV Shows
s392,TV Show,TV Action & Adventure
s392,TV Show,TV Dramas
s393,Movie,Action & Adventure
s393,Movie,Dramas
s394,Movie,Children & Family Movies
s394,Movie,Sports Movies
s395,Movie,Dramas
s395,Movie,Independent Movies
s395,Movie,International Movies
s396,Movie,Comedies
s396,Movie,International Movies
s397,Movie,Action & Adventure
s397,Movie,Horror Movies
s397,Movie,International Movies
s398,TV Show,International TV Shows
s398,TV Show,Romantic TV Shows
s398,TV Show,TV Comedies
s399,Movie,Horror Movies
s399,Movie,International Movies
s399,Movie,Thrillers
s400,TV Show,TV Action & Adventure
s400,TV Show,TV Sci-Fi & Fantasy
s401,TV Show,Anime Series
s401,TV Show,Stand-Up Comedy & Talk Shows
s402,TV Show,International TV Shows
s402,TV Show,Spanish-Language TV Shows
s402,TV Show,TV Action & Adventure
s403,Movie,Dramas
s403,Movie,Romantic Movies
s404,TV Show,Docuseries
s405,Movie,Documentaries
s406,Movie,Children & Family Movies
s407,Movie,Children & Family Movies
s408,Movie,Children & Family Movies
s409,Movie,Children & Family Movies
s410,Movie,Children & Family Movies
s411,Movie,Children & Family Movies
s412,Movie,Children & Family Movies
s413,Movie,Children & Family Movies
s414,Movie,Children & Family Movies
s415,Movie,Children & Family Movies
s416,Movie,Children & Family Movies
s417,Movie,Children & Family Movies
s418,Movie,Children & Family Movies
s419,Movie,Children & Family Movies
s420,Movie,Children & Family Movies
s420,Movie,Sports Movies
s421,Movie,Children & Family Movies
s422,Movie,Children & Family Movies
s423,Movie,Children & Family Movies
s424,Movie,Children & Family Movies
s425,Movie,Children & Family Movies
s426,TV Show,TV Dramas
s427,Movie,Dramas
s428,Movie,Comedies
s428,Movie,International Movies
s429,Movie,Anime Features
s429,Movie,Children & Family Movies
s429,Movie,International Movies
s430,Movie,Dramas
s430,Movie,International Movies
s430,Movie,Thrillers
s431,TV Show,British TV Shows
s431,TV Show,International TV Shows
s431,TV Show,Reality TV
s432,TV Show,International TV Shows
s432,TV Show,Reality TV
s432,TV Show,Romantic TV Shows
s433,Movie,Children & Family Movies
s434,Movie,Comedies
s434,Movie,Dramas
s434,Movie,Independent Movies
s435,TV Show,Classic & Cult TV
s435,TV Show,Crime TV Shows
s435,TV Show,International TV Shows
s436,TV Show,Crime TV Shows
s436,TV Show,International TV Shows
s436,TV Show,Romantic TV Shows
s437,Movie,Dramas
s437,Movie,International Movies
s437,Movie,Romantic Movies
s438,Movie,Action & Adventure
s439,Movie,Dramas
s439,Movie,International Movies
s439,Movie,Romantic Movies
s440,Movie,Dramas
s440,Movie,International Movies
s440,Movie,Thrillers
s441,TV Show,Docuseries
s441,TV Show,Science & Nature TV
s442,Movie,Horror Movies
s442,Movie,LGBTQ Movies
s443,TV Show,Kids' TV
s443,TV Show,TV Comedies
s444,Movie,Comedies
s444,Movie,International Movies
s445,TV Show,Docuseries
s446,Movie,Dramas
s446,Movie,Independent Movies
s446,Movie,Thrillers
s447,Movie,Dramas
s448,Movie,Dramas
s448,Movie,Romantic Movies
s449,Movie,Dramas
s449,Movie,Romantic Movies
s450,Movie,Dramas
s450,Movie,Romantic Movies
s451,Movie,Dramas
s451,Movie,Romantic Movies
s452,Movie,Action & Adventure
s452,Movie,Dramas
s452,Movie,Romantic Movies
s453,Movie,Comedies
s453,Movie,Dramas
s453,Movie,International Movies
s454,TV Show,Anime Series
s454,TV Show,International TV Shows
s455,Movie,Comedies
s455,Movie,Cult Movies
s456,Movie,Documentaries
s456,Movie,International Movies
s456,Movie,Music & Musicals
s457,TV Show,International TV Shows
s457,TV Show,Romantic TV Shows
s457,TV Show,TV Comedies
s458,Movie,Documentaries
s458,Movie,International Movies
s458,Movie,Sports Movies
s459,Movie,Dramas
s459,Movie,International Movies
s459,Movie,Romantic Movies
s460,TV Show,TV Comedies
s460,TV Show,TV Dramas
s460,TV Show,Teen TV Shows
s461,Movie,Children & Family Movies
s461,Movie,Comedies
s461,Movie,Sports Movies
s462,Movie,Comedies
s462,Movie,Dramas
s462,Movie,Independent Movies
s463,Movie,Documentaries
s464,Movie,Horror Movies
s464,Movie,International Movies
s465,Movie,Action & Adventure
s465,Movie,Comedies
s466,TV Show,Crime TV Shows
s466,TV Show,Docuseries
s467,TV Show,Reality TV
s468,Movie,Documentaries
s468,Movie,International Movies
s469,Movie,Comedies
s469,Movie,Dramas
s469,Movie,International Movies
s470,Movie,Dramas
s470,Movie,Independent Movies
s471,Movie,Movies
s472,Movie,Children & Family Movies
s472,Movie,Dramas
s472,Movie,International Movies
s473,TV Show,Kids' TV
s474,Movie,Documentaries
s474,Movie,Sports Movies
s475,Movie,Action & Adventure
s475,Movie,Comedies
s476,Movie,Stand-Up Comedy
s477,Movie,Comedies
s477,Movie,Documentaries
s477,Movie,International Movies
s478,TV Show,TV Comedies
s478,TV Show,TV Dramas
s478,TV Show,Teen TV Shows
s479,TV Show,International TV Shows
s479,TV Show,TV Dramas
s479,TV Show,TV Sci-Fi & Fantasy
s480,Movie,Horror Movies
s481,Movie,Comedies
s481,Movie,Dramas
s481,Movie,International Movies
s482,Movie,Action & Adventure
s482,Movie,Dramas
s482,Movie,International Movies
s483,TV Show,Docuseries
s484,Movie,Dramas
s484,Movie,International Movies
s484,Movie,Romantic Movies
s485,Movie,Stand-Up Comedy
s486,Movie,Thrillers
s487,Movie,Children & Family Movies
s487,Movie,Comedies
s487,Movie,Sci-Fi & Fantasy
s488,TV Show,International TV Shows
s488,TV Show,Romantic TV Shows
s488,TV Show,Spanish-Language TV Shows
s489,TV Show,Romantic TV Shows
s489,TV Show,TV Dramas
s490,Movie,Comedies
s490,Movie,International Movies
s491,TV Show,Crime TV Shows
s491,TV Show,Docuseries
s491,TV Show,International TV Shows
s492,Movie,Comedies
s492,Movie,Dramas
s492,Movie,Romantic Movies
s493,Movie,Dramas
s493,Movie,Romantic Movies
s494,TV Show,Anime Series
s494,TV Show,TV Horror
s494,TV Show,TV Thrillers
s495,Movie,Comedies
s495,Movie,Music & Musicals
s496,Movie,Documentaries
s496,Movie,International Movies
s497,Movie,Action & Adventure
s497,Movie,International Movies
s498,TV Show,Docuseries
s499,Movie,Dramas
s499,Movie,International Movies
s500,TV Show,Docuseries
s501,Movie,Action & Adventure
s501,Movie,International Movies
s502,Movie,Dramas
s502,Movie,International Movies
s503,Movie,Dramas
s503,Movie,International Movies
s503,Movie,Romantic Movies
s504,TV Show,Crime TV Shows
s504,TV Show,International TV Shows
s504,TV Show,TV Dramas
s505,TV Show,International TV Shows
s505,TV Show,Spanish-Language TV Shows
s505,TV Show,TV Comedies
s506,Movie,Dramas
s506,Movie,International Movies
s507,Movie,International Movies
s507,Movie,Romantic Movies
s508,Movie,Comedies
s508,Movie,International Movies
s509,Movie,Dramas
s509,Movie,International Movies
s510,TV Show,Kids' TV
s511,TV Show,International TV Shows
s511,TV Show,TV Dramas
s511,TV Show,TV Mysteries
s512,TV Show,Stand-Up Comedy & Talk Shows
s512,TV Show,TV Comedies
s513,TV Show,Kids' TV
s514,TV Show,TV Action & Adventure
s514,TV Show,TV Dramas
s514,TV Show,TV Sci-Fi & Fantasy
s515,TV Show,British TV Shows
s515,TV Show,International TV Shows
s515,TV Show,TV Comedies
s516,TV Show,British TV Shows
s516,TV Show,International TV Shows
s516,TV Show,TV Comedies
s517,TV Show,International TV Shows
s517,TV Show,TV Dramas
s517,TV Show,TV Mysteries
s518,TV Show,International TV Shows
s518,TV Show,Romantic TV Shows
s518,TV Show,TV Comedies
s519,Movie,Dramas
s519,Movie,International Movies
s520,TV Show,British TV Shows
s520,TV Show,Crime TV Shows
s520,TV Show,Docuseries
s521,TV Show,TV Comedies
s522,TV Show,International TV Shows
s522,TV Show,TV Comedies
s523,TV Show,Kids' TV
s523,TV Show,Korean TV Shows
s523,TV Show,TV Comedies
s524,TV Show,British TV Shows
s524,TV Show,Crime TV Shows
s524,TV Show,International TV Shows
s525,TV Show,International TV Shows
s525,TV Show,TV Dramas
s526,TV Show,Kids' TV
s527,TV Show,TV Comedies
s527,TV Show,TV Dramas
s528,TV Show,Kids' TV
s529,Movie,Dramas
s529,Movie,International Movies
s529,Movie,Romantic Movies
s530,Movie,Dramas
s530,Movie,International Movies
s531,TV Show,Kids' TV
s531,TV Show,TV Comedies
s532,Movie,Dramas
s532,Movie,International Movies
s533,TV Show,Crime TV Shows
s533,TV Show,TV Horror
s533,TV Show,TV Mysteries
s534,TV Show,International TV Shows
s534,TV Show,TV Dramas
s535,Movie,Dramas
s535,Movie,International Movies
s536,TV Show,Kids' TV
s536,TV Show,TV Comedies
s537,TV Show,Docuseries
s537,TV Show,International TV Shows
s537,TV Show,Science & Nature TV
s538,TV Show,International TV Shows
s538,TV Show,Reality TV
s539,TV Show,British TV Shows
s539,TV Show,International TV Shows
s539,TV Show,TV Dramas
s540,TV Show,Kids' TV
s540,TV Show,TV Action & Adventure
s540,TV Show,TV Sci-Fi & Fantasy
s541,TV Show,British TV Shows
s541,TV Show,Kids' TV
s542,Movie,Comedies
s542,Movie,Dramas
s542,Movie,International Movies
s543,Movie,Dramas
s543,Movie,International Movies
s544,TV Show,Crime TV Shows
s544,TV Show,International TV Shows
s544,TV Show,TV Action & Adventure
s545,TV Show,International TV Shows
s545,TV Show,TV Comedies
s546,TV Show,Kids' TV
s546,TV Show,Korean TV Shows
s547,TV Show,International TV Shows
s547,TV Show,Romantic TV Shows
s547,TV Show,TV Dramas
s548,TV Show,Kids' TV
s549,TV Show,Romantic TV Shows
s549,TV Show,TV Dramas
s550,TV Show,International TV Shows
s550,TV Show,Reality TV
s551,Movie,Horror Movies
s551,Movie,LGBTQ Movies
s552,Movie,International Movies
s552,Movie,Romantic Movies
s552,Movie,Thrillers
s553,Movie,Comedies
s553,Movie,International Movies
s554,TV Show,Crime TV Shows
s554,TV Show,International TV Shows
s554,TV Show,TV Dramas
s555,Movie,Dramas
s555,Movie,International Movies
s555,Movie,Thrillers
s556,Movie,Action & Adventure
s556,Movie,Cult Movies
s556,Movie,International Movies
s557,Movie,Horror Movies
s557,Movie,International Movies
s557,Movie,Thrillers
s558,Movie,Horror Movies
s558,Movie,Sci-Fi & Fantasy
s559,Movie,Action & Adventure
s560,Movie,Action & Adventure
s561,Movie,Documentaries
s561,Movie,Sports Movies
s562,Movie,Action & Adventure
s562,Movie,Comedies
s563,Movie,Comedies
s564,Movie,Action & Adventure
s564,Movie,Comedies
s564,Movie,Sci-Fi & Fantasy
s565,Movie,Comedies
s565,Movie,Dramas
s565,Movie,Independent Movies
s566,TV Show,International TV Shows
s566,TV Show,Kids' TV
s566,TV Show,TV Mysteries
s567,Movie,Action & Adventure
s567,Movie,Comedies
s568,Movie,Action & Adventure
s568,Movie,Thrillers
s569,Movie,Children & Family Movies
s569,Movie,Comedies
s570,Movie,Dramas
s570,Movie,International Movies
s570,Movie,Romantic Movies
s571,Movie,Action & Adventure
s571,Movie,International Movies
s572,TV Show,International TV Shows
s572,TV Show,Romantic TV Shows
s572,TV Show,TV Comedies
s573,Movie,Comedies
s573,Movie,Dramas
s573,Movie,International Movies
s574,Movie,Children & Family Movies
s574,Movie,Comedies
s575,Movie,Children & Family Movies
s575,Movie,Comedies
s576,Movie,Comedies
s576,Movie,Dramas
s576,Movie,Romantic Movies
s577,Movie,Dramas
s577,Movie,Faith & Spirituality
s577,Movie,International Movies
s578,TV Show,International TV Shows
s578,TV Show,TV Comedies
s579,Movie,Dramas
s579,Movie,Romantic Movies
s580,Movie,Action & Adventure
s580,Movie,Classic Movies
s580,Movie,Comedies
s581,Movie,Action & Adventure
s581,Movie,Anime Features
s581,Movie,International Movies
s582,Movie,Action & Adventure
s582,Movie,Sci-Fi & Fantasy
s583,Movie,Comedies
s583,Movie,Dramas
s584,Movie,Comedies
s584,Movie,Romantic Movies
s585,Movie,Comedies
s586,Movie,Dramas
s586,Movie,Romantic Movies
s587,Movie,Horror Movies
s588,TV Show,International TV Shows
s588,TV Show,TV Comedies
s588,TV Show,TV Dramas
s589,TV Show,Kids' TV
s590,Movie,Dramas
s590,Movie,International Movies
s591,TV Show,Anime Series
s591,TV Show,Kids' TV
s592,Movie,Dramas
s592,Movie,Romantic Movies
s593,Movie,Comedies
s593,Movie,Romantic Movies
s594,Movie,Children & Family Movies
s594,Movie,Comedies
s595,Movie,Action & Adventure
s595,Movie,Sci-Fi & Fantasy
s596,Movie,Children & Family Movies
s596,Movie,Comedies
s597,Movie,Comedies
s597,Movie,Dramas
s597,Movie,Independent Movies
s598,Movie,Action & Adventure
s598,Movie,Comedies
s598,Movie,Sports Movies
s599,Movie,Dramas
s599,Movie,Thrillers
s600,Movie,Dramas
s601,Movie,Thrillers
s602,Movie,Action & Adventure
s602,Movie,Children & Family Movies
s602,Movie,Classic Movies
s603,Movie,Action & Adventure
s603,Movie,Children & Family Movies
s603,Movie,Dramas
s604,Movie,Children & Family Movies
s604,Movie,Dramas
s605,Movie,Dramas
s606,Movie,Action & Adventure
s607,Movie,Dramas
s607,Movie,International Movies
s608,Movie,Horror Movies
s608,Movie,Thrillers
s609,Movie,Action & Adventure
s610,Movie,Action & Adventure
s610,Movie,Romantic Movies
s611,Movie,Action & Adventure
s611,Movie,Horror Movies
s611,Movie,Sci-Fi & Fantasy
s612,Movie,Action & Adventure
s612,Movie,Horror Movies
s612,Movie,Sci-Fi & Fantasy
s613,Movie,Action & Adventure
s613,Movie,Horror Movies
s613,Movie,Sci-Fi & Fantasy
s614,Movie,Dramas
s614,Movie,International Movies
s614,Movie,Thrillers
s615,Movie,Dramas
s615,Movie,Romantic Movies
s615,Movie,Sci-Fi & Fantasy
s616,Movie,Dramas
s616,Movie,Music & Musicals
s616,Movie,Romantic Movies
s617,Movie,Dramas
s618,TV Show,International TV Shows
s618,TV Show,Romantic TV Shows
s618,TV Show,TV Dramas
s619,Movie,Action & Adventure
s619,Movie,Comedies
s620,Movie,Dramas
s620,Movie,International Movies
s621,TV Show,Reality TV
s622,TV Show,Anime Series
s622,TV Show,Crime TV Shows
s622,TV Show,International TV Shows
s623,Movie,Thrillers
s624,Movie,Comedies
s624,Movie,Dramas
s624,Movie,International Movies
s625,Movie,Dramas
s625,Movie,International Movies
s625,Movie,Thrillers
s626,TV Show,Crime TV Shows
s626,TV Show,International TV Shows
s626,TV Show,Spanish-Language TV Shows
s627,TV Show,British TV Shows
s627,TV Show,Crime TV Shows
s627,TV Show,Docuseries
s628,TV Show,Anime Series
s628,TV Show,International TV Shows
s628,TV Show,Teen TV Shows
s629,TV Show,Kids' TV
s630,Movie,Dramas
s630,Movie,International Movies
s631,Movie,Dramas
s632,TV Show,Anime Series
s632,TV Show,International TV Shows
s633,Movie,Comedies
s633,Movie,International Movies
s634,Movie,Dramas
s634,Movie,Independent Movies
s634,Movie,International Movies
s635,Movie,Documentaries
s635,Movie,International Movies
s636,Movie,Dramas
s636,Movie,International Movies
s637,Movie,Action & Adventure
s638,TV Show,International TV Shows
s638,TV Show,TV Dramas
s638,TV Show,TV Mysteries
s639,TV Show,Romantic TV Shows
s639,TV Show,TV Dramas
s640,TV Show,Anime Series
s640,TV Show,International TV Shows
s641,TV Show,International TV Shows
s641,TV Show,TV Dramas
s642,Movie,Documentaries
s642,Movie,Sports Movies
s643,TV Show,International TV Shows
s643,TV Show,TV Dramas
s644,Movie,Horror Movies
s645,Movie,Comedies
s645,Movie,Romantic Movies
s646,Movie,Documentaries
s646,Movie,International Movies
s647,Movie,Comedies
s647,Movie,International Movies
s647,Movie,Music & Musicals
s648,TV Show,International TV Shows
s648,TV Show,Reality TV
s649,TV Show,Reality TV
s649,TV Show,Romantic TV Shows
s650,Movie,Dramas
s650,Movie,International Movies
s650,Movie,Romantic Movies
s651,Movie,Dramas
s651,Movie,International Movies
s652,Movie,Comedies
s652,Movie,Dramas
s652,Movie,International Movies
s653,Movie,Comedies
s653,Movie,Dramas
s653,Movie,International Movies
s654,TV Show,Docuseries
s654,TV Show,International TV Shows
s655,Movie,Comedies
s655,Movie,Dramas
s655,Movie,International Movies
s656,Movie,Comedies
s656,Movie,Dramas
s656,Movie,International Movies
s657,Movie,International Movies
s657,Movie,Music & Musicals
s657,Movie,Romantic Movies
s658,TV Show,Reality TV
s658,TV Show,TV Action & Adventure
s658,TV Show,TV Mysteries
s659,TV Show,International TV Shows
s659,TV Show,Romantic TV Shows
s659,TV Show,TV Dramas
s660,TV Show,International TV Shows
s660,TV Show,Romantic TV Shows
s660,TV Show,TV Dramas
s661,TV Show,TV Action & Adventure
s661,TV Show,TV Dramas
s661,TV Show,TV Sci-Fi & Fantasy
s662,TV Show,International TV Shows
s662,TV Show,TV Comedies
s662,TV Show,TV Dramas
s663,TV Show,TV Comedies
s664,TV Show,International TV Shows
s664,TV Show,TV Dramas
s665,TV Show,Kids' TV
s666,TV Show,Crime TV Shows
s666,TV Show,International TV Shows
s666,TV Show,TV Dramas
s667,TV Show,International TV Shows
s667,TV Show,Romantic TV Shows
s667,TV Show,TV Comedies
s668,TV Show,TV Comedies
s668,TV Show,TV Dramas
s668,TV Show,Teen TV Shows
s669,TV Show,Crime TV Shows
s669,TV Show,TV Dramas
s670,TV Show,Crime TV Shows
s670,TV Show,International TV Shows
s670,TV Show,Spanish-Language TV Shows
s671,Movie,Action & Adventure
s671,Movie,Anime Features
s671,Movie,International Movies
s672,Movie,Action & Adventure
s672,Movie,Anime Features
s672,Movie,International Movies
s673,Movie,Action & Adventure
s673,Movie,Anime Features
s673,Movie,International Movies
s674,TV Show,International TV Shows
s674,TV Show,Reality TV
s674,TV Show,Spanish-Language TV Shows
s675,TV Show,TV Dramas
s676,TV Show,International TV Shows
s676,TV Show,Reality TV
s676,TV Show,Romantic TV Shows
s677,TV Show,Crime TV Shows
s677,TV Show,TV Dramas
s677,TV Show,TV Mysteries
s678,TV Show,TV Comedies
s679,TV Show,Crime TV Shows
s679,TV Show,TV Dramas
s679,TV Show,TV Thrillers
s680,TV Show,Crime TV Shows
s680,TV Show,International TV Shows
s680,TV Show,TV Dramas
s681,TV Show,Docuseries
s682,TV Show,British TV Shows
s682,TV Show,Docuseries
s683,TV Show,International TV Shows
s683,TV Show,TV Comedies
s684,Movie,Dramas
s684,Movie,International Movies
s685,TV Show,Crime TV Shows
s685,TV Show,International TV Shows
s685,TV Show,Spanish-Language TV Shows
s686,Movie,Dramas
s687,TV Show,International TV Shows
s687,TV Show,Korean TV Shows
s687,TV Show,TV Comedies
s688,Movie,Action & Adventure
s688,Movie,Dramas
s688,Movie,International Movies
s689,Movie,Comedies
s689,Movie,International Movies
s689,Movie,Romantic Movies
s690,Movie,Action & Adventure
s690,Movie,Anime Features
s690,Movie,Classic Movies
s691,Movie,Action & Adventure
s691,Movie,International Movies
s692,TV Show,International TV Shows
s692,TV Show,TV Comedies
s693,TV Show,International TV Shows
s693,TV Show,Romantic TV Shows
s693,TV Show,TV Dramas
s694,Movie,Comedies
s694,Movie,Dramas
s694,Movie,International Movies
s695,Movie,Comedies
s695,Movie,Dramas
s695,Movie,Independent Movies
s696,Movie,Dramas
s696,Movie,International Movies
s697,TV Show,TV Action & Adventure
s697,TV Show,TV Dramas
s697,TV Show,TV Horror
s698,TV Show,International TV Shows
s698,TV Show,Romantic TV Shows
s698,TV Show,Spanish-Language TV Shows
s699,Movie,Dramas
s699,Movie,Independent Movies
s699,Movie,International Movies
s700,TV Show,International TV Shows
s700,TV Show,TV Dramas
s700,TV Show,TV Mysteries
s701,TV Show,Anime Series
s701,TV Show,International TV Shows
s702,Movie,Dramas
s703,Movie,Comedies
s703,Movie,Dramas
s703,Movie,Independent Movies
s704,TV Show,International TV Shows
s704,TV Show,TV Dramas
s704,TV Show,TV Mysteries
s705,Movie,Comedies
s705,Movie,Dramas
s705,Movie,International Movies
s706,Movie,Documentaries
s706,Movie,International Movies
s706,Movie,Sports Movies
s707,TV Show,International TV Shows
s707,TV Show,Spanish-Language TV Shows
s707,TV Show,TV Dramas
s708,TV Show,International TV Shows
s708,TV Show,Romantic TV Shows
s708,TV Show,TV Comedies
s709,Movie,Dramas
s709,Movie,Independent Movies
s710,TV Show,International TV Shows
s710,TV Show,Romantic TV Shows
s710,TV Show,Spanish-Language TV Shows
s711,TV Show,Docuseries
s711,TV Show,Science & Nature TV
s712,Movie,Dramas
s712,Movie,International Movies
s712,Movie,Thrillers
s713,Movie,Action & Adventure
s713,Movie,Dramas
s713,Movie,International Movies
s714,TV Show,Kids' TV
s714,TV Show,TV Comedies
s715,TV Show,Crime TV Shows
s715,TV Show,International TV Shows
s715,TV Show,TV Thrillers
s716,TV Show,International TV Shows
s716,TV Show,Romantic TV Shows
s716,TV Show,Spanish-Language TV Shows
s717,Movie,Documentaries
s718,Movie,Documentaries
s719,Movie,Comedies
s719,Movie,Independent Movies
s720,TV Show,Kids' TV
s721,TV Show,Kids' TV
s722,Movie,Action & Adventure
s723,Movie,Documentaries
s724,TV Show,Reality TV
s725,Movie,Documentaries
s726,TV Show,International TV Shows
s726,TV Show,Spanish-Language TV Shows
s726,TV Show,TV Dramas
s727,TV Show,TV Shows
s728,Movie,Documentaries
s729,Movie,Horror Movies
s730,Movie,Movies
s731,Movie,Movies
s732,TV Show,International TV Shows
s732,TV Show,TV Dramas
s733,Movie,Movies
s734,TV Show,Kids' TV
s735,TV Show,Crime TV Shows
s735,TV Show,International TV Shows
s735,TV Show,TV Action & Adventure
s736,Movie,Comedies
s736,Movie,Dramas
s736,Movie,International Movies
s737,Movie,Children & Family Movies
s737,Movie,Dramas
s737,Movie,International Movies
s738,TV Show,Anime Series
s738,TV Show,Crime TV Shows
s738,TV Show,TV Horror
s739,Movie,Anime Features
s739,Movie,Documentaries
s740,Movie,Children & Family Movies
s740,Movie,Comedies
s741,Movie,Comedies
s741,Movie,Horror Movies
s742,Movie,Dramas
s742,Movie,International Movies
s743,Movie,Dramas
s743,Movie,International Movies
s744,Movie,Dramas
s744,Movie,Independent Movies
s744,Movie,Romantic Movies
s745,TV Show,International TV Shows
s745,TV Show,Spanish-Language TV Shows
s745,TV Show,Stand-Up Comedy & Talk Shows
s746,Movie,International Movies
s746,Movie,Thrillers
s747,Movie,Dramas
s747,Movie,Thrillers
s748,Movie,Comedies
s748,Movie,Dramas
s748,Movie,International Movies
s749,TV Show,Reality TV
s750,TV Show,Crime TV Shows
s750,TV Show,TV Action & Adventure
s750,TV Show,TV Comedies
s751,Movie,Dramas
s751,Movie,Independent Movies
s751,Movie,International Movies
s752,TV Show,Kids' TV
s752,TV Show,TV Comedies
s753,Movie,Action & Adventure
s753,Movie,Comedies
s753,Movie,Sci-Fi & Fantasy
s754,TV Show,International TV Shows
s754,TV Show,Romantic TV Shows
s754,TV Show,Spanish-Language TV Shows
s755,Movie,Dramas
s755,Movie,Independent Movies
s756,Movie,Children & Family Movies
s756,Movie,Documentaries
s756,Movie,International Movies
s757,Movie,Dramas
s757,Movie,International Movies
s757,Movie,Romantic Movies
s758,Movie,Documentaries
s759,TV Show,Romantic TV Shows
s759,TV Show,TV Comedies
s759,TV Show,TV Dramas
s760,Movie,Movies
s761,Movie,Movies
s762,TV Show,Docuseries
s762,TV Show,Science & Nature TV
s763,Movie,Comedies
s763,Movie,International Movies
s763,Movie,Romantic Movies
s764,TV Show,TV Action & Adventure
s764,TV Show,TV Dramas
s764,TV Show,TV Sci-Fi & Fantasy
s765,Movie,Comedies
s765,Movie,International Movies
s765,Movie,Romantic Movies
s766,Movie,Action & Adventure
s766,Movie,International Movies
s767,Movie,Stand-Up Comedy
s768,TV Show,International TV Shows
s768,TV Show,TV Comedies
s769,Movie,Comedies
s769,Movie,Dramas
s769,Movie,International Movies
s770,Movie,Documentaries
s770,Movie,International Movies
s771,Movie,Documentaries
s771,Movie,International Movies
s771,Movie,Music & Musicals
s772,TV Show,TV Shows
s773,TV Show,International TV Shows
s773,TV Show,Romantic TV Shows
s773,TV Show,TV Dramas
s774,Movie,Dramas
s774,Movie,International Movies
s774,Movie,Thrillers
s775,Movie,Dramas
s775,Movie,Faith & Spirituality
s775,Movie,Romantic Movies
s776,Movie,Dramas
s776,Movie,Independent Movies
s776,Movie,LGBTQ Movies
s777,Movie,Action & Adventure
s778,Movie,Comedies
s778,Movie,Independent Movies
s778,Movie,LGBTQ Movies
s779,TV Show,Anime Series
s779,TV Show,International TV Shows
s780,Movie,Action & Adventure
s780,Movie,Cult Movies
s780,Movie,Sci-Fi & Fantasy
s781,TV Show,Kids' TV
s782,Movie,Documentaries
s783,Movie,Dramas
s783,Movie,Romantic Movies
s784,Movie,Comedies
s784,Movie,International Movies
s784,Movie,Music & Musicals
s785,Movie,Comedies
s785,Movie,Dramas
s785,Movie,Independent Movies
s786,TV Show,Kids' TV
s787,Movie,Action & Adventure
s787,Movie,Dramas
s788,Movie,Action & Adventure
s789,Movie,Thrillers
s790,TV Show,British TV Shows
s790,TV Show,International TV Shows
s790,TV Show,TV Dramas
s791,Movie,Documentaries
s792,Movie,Action & Adventure
s792,Movie,Dramas
s793,Movie,Comedies
s793,Movie,Dramas
s793,Movie,Romantic Movies
s794,Movie,Comedies
s794,Movie,Romantic Movies
s795,Movie,Comedies
s795,Movie,Dramas
s795,Movie,International Movies
s796,TV Show,TV Comedies
s797,Movie,Cult Movies
s797,Movie,Horror Movies
s798,Movie,Dramas
s799,Movie,Comedies
s799,Movie,Dramas
s799,Movie,Independent Movies
s800,Movie,Dramas
s800,Movie,Sports Movies
s801,Movie,Dramas
s801,Movie,Independent Movies
s801,Movie,LGBTQ Movies
s802,Movie,Action & Adventure
s802,Movie,Dramas
s802,Movie,Sports Movies
s803,Movie,Action & Adventure
s804,TV Show,Anime Series
s804,TV Show,Romantic TV Shows
s804,TV Show,Teen TV Shows
s805,Movie,Horror Movies
s805,Movie,Thrillers
s806,TV Show,International TV Shows
s806,TV Show,TV Comedies
s806,TV Show,TV Dramas
s807,Movie,Action & Adventure
s807,Movie,Dramas
s807,Movie,International Movies
s808,Movie,Action & Adventure
s808,Movie,Dramas
s808,Movie,International Movies
s809,Movie,Action & Adventure
s810,Movie,Action & Adventure
s810,Movie,Comedies
s811,Movie,Action & Adventure
s811,Movie,Classic Movies
s811,Movie,Cult Movies
s812,Movie,Children & Family Movies
s813,Movie,Action & Adventure
s814,TV Show,Kids' TV
s815,Movie,Comedies
s815,Movie,Romantic Movies
s816,Movie,Dramas
s816,Movie,International Movies
s816,Movie,LGBTQ Movies
s817,Movie,Thrillers
s818,Movie,Comedies
s818,Movie,Dramas
s818,Movie,Independent Movies
s819,Movie,Comedies
s819,Movie,Dramas
s819,Movie,Romantic Movies
s820,Movie,Action & Adventure
s820,Movie,Classic Movies
s821,TV Show,International TV Shows
s821,TV Show,TV Dramas
s821,TV Show,TV Mysteries
s822,Movie,Dramas
s822,Movie,Romantic Movies
s822,Movie,Thrillers
s823,Movie,Horror Movies
s824,Movie,Comedies
s824,Movie,Dramas
s824,Movie,Independent Movies
s825,Movie,Thrillers
s826,TV Show,Crime TV Shows
s826,TV Show,TV Dramas
s826,TV Show,TV Mysteries
s827,Movie,Stand-Up Comedy
s828,Movie,Comedies
s828,Movie,International Movies
s829,Movie,Dramas
s830,Movie,Children & Family Movies
s830,Movie,Comedies
s831,TV Show,TV Comedies
s831,TV Show,TV Dramas
s832,TV Show,Docuseries
s832,TV Show,International TV Shows
s832,TV Show,Spanish-Language TV Shows
s833,TV Show,International TV Shows
s833,TV Show,TV Action & Adventure
s833,TV Show,TV Dramas
s834,TV Show,Crime TV Shows
s834,TV Show,International TV Shows
s834,TV Show,TV Dramas
s835,Movie,Children & Family Movies
s835,Movie,Dramas
s835,Movie,Faith & Spirituality
s836,TV Show,Anime Series
s836,TV Show,International TV Shows
s837,Movie,Horror Movies
s837,Movie,International Movies
s837,Movie,Thrillers
s838,TV Show,International TV Shows
s838,TV Show,TV Action & Adventure
s838,TV Show,TV Dramas
s839,Movie,Stand-Up Comedy
s840,Movie,Dramas
s840,Movie,Independent Movies
s840,Movie,International Movies
s841,Movie,Dramas
s841,Movie,International Movies
s841,Movie,Sports Movies
s842,Movie,Action & Adventure
s842,Movie,Dramas
s842,Movie,International Movies
s843,TV Show,Docuseries
s844,TV Show,Anime Series
s844,TV Show,International TV Shows
s845,Movie,Documentaries
s845,Movie,International Movies
s846,Movie,Dramas
s846,Movie,International Movies
s846,Movie,Thrillers
s847,Movie,Children & Family Movies
s847,Movie,Comedies
s847,Movie,Sci-Fi & Fantasy
s848,TV Show,International TV Shows
s848,TV Show,Romantic TV Shows
s848,TV Show,TV Comedies
s849,TV Show,TV Comedies
s849,TV Show,TV Dramas
s850,Movie,International Movies
s850,Movie,Music & Musicals
s851,Movie,Dramas
s851,Movie,International Movies
s851,Movie,Music & Musicals
s852,Movie,Dramas
s852,Movie,International Movies
s852,Movie,Music & Musicals
s853,Movie,Dramas
s853,Movie,International Movies
s853,Movie,Music & Musicals
s854,Movie,Action & Adventure
s854,Movie,Horror Movies
s855,Movie,Documentaries
s856,TV Show,Kids' TV
s856,TV Show,TV Action & Adventure
s856,TV Show,TV Sci-Fi & Fantasy
s857,Movie,Dramas
s857,Movie,International Movies
s858,TV Show,International TV Shows
s858,TV Show,Spanish-Language TV Shows
s858,TV Show,TV Comedies
s859,Movie,Dramas
s859,Movie,Independent Movies
s859,Movie,International Movies
s860,Movie,Dramas
s860,Movie,International Movies
s861,Movie,Documentaries
s861,Movie,International Movies
s861,Movie,LGBTQ Movies
s862,Movie,Children & Family Movies
s862,Movie,Comedies
s863,TV Show,TV Comedies
s864,Movie,Children & Family Movies
s864,Movie,Comedies
s865,Movie,Dramas
s865,Movie,International Movies
s865,Movie,Thrillers
s866,Movie,Action & Adventure
s866,Movie,Dramas
s867,Movie,Thrillers
s868,Movie,Documentaries
s869,TV Show,Kids' TV
s870,TV Show,Crime TV Shows
s870,TV Show,International TV Shows
s870,TV Show,Spanish-Language TV Shows
s871,Movie,Documentaries
s872,Movie,Comedies
s872,Movie,Dramas
s872,Movie,International Movies
s873,Movie,Dramas
s873,Movie,Independent Movies
s873,Movie,Sci-Fi & Fantasy
s874,Movie,Dramas
s874,Movie,Independent Movies
s874,Movie,International Movies
s875,TV Show,Kids' TV
s876,Movie,Dramas
s876,Movie,International Movies
s876,Movie,Romantic Movies
s877,TV Show,Docuseries
s877,TV Show,International TV Shows
s878,Movie,Comedies
s878,Movie,Independent Movies
s878,Movie,International Movies
s879,Movie,Dramas
s879,Movie,International Movies
s879,Movie,Thrillers
s880,TV Show,TV Dramas
s881,TV Show,Reality TV
s881,TV Show,TV Horror
s881,TV Show,TV Thrillers
s882,Movie,Dramas
s882,Movie,International Movies
s882,Movie,Thrillers
s883,Movie,Children & Family Movies
s883,Movie,Comedies
s884,TV Show,TV Action & Adventure
s884,TV Show,TV Horror
s884,TV Show,TV Sci-Fi & Fantasy
s885,TV Show,International TV Shows
s885,TV Show,TV Dramas
s886,Movie,Comedies
s886,Movie,Dramas
s886,Movie,International Movies
s887,TV Show,International TV Shows
s887,TV Show,TV Horror
s887,TV Show,TV Sci-Fi & Fantasy
s888,Movie,Horror Movies
s888,Movie,International Movies
s888,Movie,Thrillers
s889,Movie,Comedies
s890,Movie,Dramas
s890,Movie,Thrillers
s891,TV Show,Anime Series
s891,TV Show,TV Horror
s891,TV Show,TV Thrillers
s892,Movie,Independent Movies
s892,Movie,International Movies
s892,Movie,Thrillers
s893,Movie,Dramas
s893,Movie,Independent Movies
s893,Movie,International Movies
s894,Movie,Documentaries
s894,Movie,International Movies
s894,Movie,Music & Musicals
s895,Movie,Dramas
s895,Movie,Independent Movies
s895,Movie,International Movies
s896,Movie,Dramas
s896,Movie,International Movies
s896,Movie,Thrillers
s897,TV Show,TV Comedies
s898,TV Show,International TV Shows
s898,TV Show,Romantic TV Shows
s898,TV Show,TV Comedies
s899,Movie,Comedies
s899,Movie,Dramas
s899,Movie,International Movies
s900,Movie,Dramas
s900,Movie,International Movies
s901,TV Show,Docuseries
s902,Movie,Independent Movies
s902,Movie,Thrillers
s903,TV Show,International TV Shows
s903,TV Show,TV Dramas
s904,Movie,Dramas
s904,Movie,International Movies
s904,Movie,Thrillers
s905,Movie,Action & Adventure
s906,Movie,Action & Adventure
s906,Movie,Dramas
s906,Movie,International Movies
s907,Movie,Dramas
s907,Movie,International Movies
s908,Movie,Documentaries
s909,TV Show,TV Action & Adventure
s909,TV Show,TV Sci-Fi & Fantasy
s910,Movie,Dramas
s910,Movie,Independent Movies
s910,Movie,International Movies
s911,Movie,Dramas
s912,TV Show,Kids' TV
s912,TV Show,TV Comedies
s913,Movie,Comedies
s914,Movie,Dramas
s914,Movie,International Movies
s914,Movie,Romantic Movies
s915,Movie,Documentaries
s916,Movie,Dramas
s916,Movie,International Movies
s916,Movie,Thrillers
s917,Movie,Action & Adventure
s918,Movie,Documentaries
s918,Movie,Dramas
s919,TV Show,Reality TV
s920,TV Show,Crime TV Shows
s920,TV Show,Docuseries
s921,TV Show,TV Dramas
s922,TV Show,Crime TV Shows
s922,TV Show,TV Dramas
s923,Movie,Dramas
s923,Movie,Independent Movies
s923,Movie,Thrillers
s924,TV Show,Kids' TV
s925,Movie,Children & Family Movies
s925,Movie,Comedies
s926,TV Show,British TV Shows
s926,TV Show,Kids' TV
s927,Movie,Action & Adventure
s927,Movie,Dramas
s928,TV Show,Kids' TV
s929,Movie,Action & Adventure
s929,Movie,Sports Movies
s930,Movie,Action & Adventure
s930,Movie,Horror Movies
s931,Movie,Action & Adventure
s931,Movie,Comedies
s932,Movie,Comedies
s933,Movie,Action & Adventure
s934,Movie,Children & Family Movies
s934,Movie,Dramas
s935,Movie,Dramas
s935,Movie,Independent Movies
s936,Movie,Children & Family Movies
s936,Movie,Comedies
s937,TV Show,Kids' TV
s938,Movie,Children & Family Movies
s938,Movie,Comedies
s939,Movie,Children & Family Movies
s939,Movie,Comedies
s939,Movie,Music & Musicals
s940,Movie,Children & Family Movies
s940,Movie,Music & Musicals
s941,Movie,Children & Family Movies
s941,Movie,Comedies
s942,Movie,Children & Family Movies
s942,Movie,Comedies
s943,Movie,Dramas
s943,Movie,Thrillers
s944,Movie,Action & Adventure
s944,Movie,Dramas
s944,Movie,Sports Movies
s945,Movie,Action & Adventure
s946,Movie,Dramas
s946,Movie,International Movies
s947,Movie,Action & Adventure
s947,Movie,Sci-Fi & Fantasy
s948,Movie,Dramas
s948,Movie,Thrillers
s949,Movie,Comedies
s950,Movie,Action & Adventure
s950,Movie,Sci-Fi & Fantasy
s951,Movie,Dramas
s951,Movie,International Movies
s951,Movie,Sci-Fi & Fantasy
s952,Movie,Comedies
s952,Movie,Romantic Movies
s953,Movie,Action & Adventure
s953,Movie,Comedies
s954,Movie,Dramas
s954,Movie,Thrillers
s955,Movie,Children & Family Movies
s955,Movie,Comedies
s956,Movie,Action & Adventure
s957,Movie,Comedies
s957,Movie,Independent Movies
s957,Movie,Romantic Movies
s958,TV Show,Reality TV
s959,Movie,Dramas
s959,Movie,International Movies
s960,Movie,Dramas
s960,Movie,Independent Movies
s960,Movie,International Movies
s961,TV Show,Crime TV Shows
s961,TV Show,International TV Shows
s961,TV Show,Spanish-Language TV Shows
s962,Movie,Children & Family Movies
s962,Movie,Comedies
s963,Movie,Horror Movies
s964,TV Show,International TV Shows
s964,TV Show,Spanish-Language TV Shows
s964,TV Show,TV Comedies
s965,Movie,Horror Movies
s965,Movie,Thrillers
s966,TV Show,Anime Series
s966,TV Show,International TV Shows
s967,Movie,Comedies
s967,Movie,International Movies
s968,TV Show,Docuseries
s968,TV Show,Science & Nature TV
s969,TV Show,International TV Shows
s969,TV Show,TV Comedies
s969,TV Show,TV Dramas
s970,Movie,Dramas
s971,Movie,Action & Adventure
s971,Movie,Sci-Fi & Fantasy
s972,Movie,Thrillers
s973,TV Show,International TV Shows
s973,TV Show,TV Dramas
s973,TV Show,TV Thrillers
s974,Movie,Dramas
s974,Movie,International Movies
s975,Movie,Dramas
s975,Movie,Independent Movies
s975,Movie,International Movies
s976,Movie,Action & Adventure
s976,Movie,Comedies
s976,Movie,Dramas
s977,Movie,Comedies
s977,Movie,International Movies
s978,Movie,Comedies
s978,Movie,International Movies
s979,Movie,Comedies
s979,Movie,International Movies
s979,Movie,Romantic Movies
s980,Movie,Comedies
s980,Movie,International Movies
s981,Movie,Comedies
s981,Movie,International Movies
s982,Movie,Action & Adventure
s982,Movie,Comedies
s982,Movie,International Movies
s983,Movie,Comedies
s983,Movie,Dramas
s983,Movie,International Movies
s984,Movie,Documentaries
s984,Movie,International Movies
s984,Movie,Music & Musicals
s985,Movie,Comedies
s985,Movie,International Movies
s986,Movie,Comedies
s986,Movie,International Movies
s986,Movie,Romantic Movies
s987,Movie,Comedies
s987,Movie,International Movies
s987,Movie,Romantic Movies
s988,Movie,Comedies
s988,Movie,International Movies
s989,TV Show,International TV Shows
s989,TV Show,Romantic TV Shows
s989,TV Show,TV Comedies
s990,Movie,Comedies
s990,Movie,International Movies
s991,Movie,Comedies
s991,Movie,International Movies
s992,Movie,Dramas
s992,Movie,Independent Movies
s992,Movie,International Movies
s993,Movie,International Movies
s993,Movie,Music & Musicals
s994,TV Show,TV Action & Adventure
s994,TV Show,TV Dramas
s994,TV Show,TV Sci-Fi & Fantasy
s995,Movie,Dramas
s995,Movie,International Movies
s995,Movie,Romantic Movies
s996,Movie,Comedies
s996,Movie,Dramas
s996,Movie,International Movies
s997,Movie,Horror Movies
s997,Movie,International Movies
s997,Movie,Thrillers
s998,TV Show,British TV Shows
s998,TV Show,Docuseries
s998,TV Show,International TV Shows
s999,Movie,Documentaries
s999,Movie,International Movies
s1000,Movie,Dramas
s1000,Movie,International Movies
s1000,Movie,Thrillers
s1001,Movie,Action & Adventure
s1001,Movie,International Movies
s1002,Movie,Dramas
s1002,Movie,International Movies
s1002,Movie,Thrillers
s1003,Movie,Comedies
s1003,Movie,International Movies
s1004,TV Show,International TV Shows
s1004,TV Show,TV Comedies
s1004,TV Show,TV Dramas
s1005,TV Show,Kids' TV
s1006,Movie,Children & Family Movies
s1006,Movie,Comedies
s1007,Movie,Children & Family Movies
s1007,Movie,Comedies
s1008,Movie,Children & Family Movies
s1008,Movie,Comedies
s1009,Movie,Children & Family Movies
s1010,Movie,Children & Family Movies
s1011,Movie,Children & Family Movies
s1012,Movie,Documentaries
s1013,TV Show,International TV Shows
s1013,TV Show,Spanish-Language TV Shows
s1013,TV Show,TV Dramas
s1014,Movie,Thrillers
s1015,TV Show,Kids' TV
s1016,Movie,Dramas
s1017,Movie,Action & Adventure
s1017,Movie,Comedies
s1017,Movie,International Movies
s1018,Movie,Dramas
s1018,Movie,International Movies
s1019,Movie,Comedies
s1019,Movie,International Movies
s1019,Movie,Music & Musicals
s1020,Movie,Dramas
s1020,Movie,International Movies
s1020,Movie,Music & Musicals
s1021,Movie,Documentaries
s1021,Movie,International Movies
s1022,Movie,Comedies
s1022,Movie,Dramas
s1022,Movie,Independent Movies
s1023,Movie,Dramas
s1023,Movie,International Movies
s1024,Movie,Dramas
s1024,Movie,Independent Movies
s1024,Movie,International Movies
s1025,Movie,Children & Family Movies
s1025,Movie,Comedies
s1025,Movie,Music & Musicals
s1026,TV Show,Anime Series
s1026,TV Show,Kids' TV
s1027,Movie,Children & Family Movies
s1028,Movie,Horror Movies
s1028,Movie,Romantic Movies
s1028,Movie,Sci-Fi & Fantasy
s1029,Movie,Comedies
s1030,Movie,Dramas
s1030,Movie,International Movies
s1031,Movie,Children & Family Movies
s1031,Movie,Comedies
s1031,Movie,Dramas
s1032,Movie,Dramas
s1032,Movie,International Movies
s1032,Movie,Romantic Movies
s1033,TV Show,International TV Shows
s1033,TV Show,Stand-Up Comedy & Talk Shows
s1034,Movie,Action & Adventure
s1034,Movie,Dramas
s1034,Movie,International Movies
s1035,Movie,Thrillers
s1036,Movie,Dramas
s1037,Movie,Action & Adventure
s1037,Movie,Sci-Fi & Fantasy
s1038,Movie,Comedies
s1038,Movie,Dramas
s1038,Movie,International Movies
s1039,TV Show,International TV Shows
s1039,TV Show,Romantic TV Shows
s1039,TV Show,TV Comedies
s1040,Movie,Documentaries
s1040,Movie,Music & Musicals
s1041,TV Show,Anime Series
s1041,TV Show,Crime TV Shows
s1041,TV Show,International TV Shows
s1042,Movie,Action & Adventure
s1042,Movie,Anime Features
s1042,Movie,Horror Movies
s1043,TV Show,Docuseries
s1044,TV Show,Romantic TV Shows
s1044,TV Show,TV Comedies
s1044,TV Show,TV Dramas
s1045,TV Show,Anime Series
s1045,TV Show,International TV Shows
s1045,TV Show,TV Thrillers
s1046,TV Show,Reality TV
s1047,Movie,Thrillers
s1048,TV Show,International TV Shows
s1048,TV Show,TV Dramas
s1049,TV Show,Kids' TV
s1050,TV Show,British TV Shows
s1050,TV Show,Kids' TV
s1051,Movie,Dramas
s1051,Movie,International Movies
s1051,Movie,LGBTQ Movies
s1052,TV Show,Anime Series
s1052,TV Show,Kids' TV
s1053,Movie,Dramas
s1053,Movie,Independent Movies
s1054,Movie,Documentaries
s1054,Movie,Music & Musicals
s1055,Movie,Documentaries
s1055,Movie,International Movies
s1055,Movie,Music & Musicals
s1056,Movie,Cult Movies
s1056,Movie,Dramas
s1056,Movie,Music & Musicals
s1057,TV Show,International TV Shows
s1057,TV Show,TV Dramas
s1058,TV Show,TV Comedies
s1059,TV Show,British TV Shows
s1059,TV Show,International TV Shows
s1059,TV Show,TV Dramas
s1060,TV Show,TV Dramas
s1060,TV Show,TV Thrillers
s1061,TV Show,Reality TV
s1061,TV Show,Romantic TV Shows
s1062,TV Show,Crime TV Shows
s1062,TV Show,Docuseries
s1063,TV Show,Crime TV Shows
s1063,TV Show,International TV Shows
s1063,TV Show,TV Dramas
s1064,TV Show,TV Comedies
s1064,TV Show,TV Dramas
s1065,TV Show,Crime TV Shows
s1065,TV Show,International TV Shows
s1065,TV Show,Korean TV Shows
s1066,TV Show,TV Horror
s1066,TV Show,TV Mysteries
s1066,TV Show,TV Thrillers
s1067,Movie,Dramas
s1067,Movie,International Movies
s1067,Movie,Thrillers
s1068,TV Show,International TV Shows
s1068,TV Show,TV Dramas
s1068,TV Show,Teen TV Shows
s1069,TV Show,Docuseries
s1069,TV Show,Science & Nature TV
s1070,Movie,Dramas
s1070,Movie,International Movies
s1070,Movie,Romantic Movies
s1071,Movie,Documentaries
s1072,Movie,Children & Family Movies
s1072,Movie,Music & Musicals
s1073,Movie,Children & Family Movies
s1073,Movie,Comedies
s1073,Movie,Music & Musicals
s1074,Movie,Children & Family Movies
s1074,Movie,Music & Musicals
s1075,Movie,Children & Family Movies
s1076,TV Show,Docuseries
s1077,Movie,Children & Family Movies
s1078,Movie,Children & Family Movies
s1079,Movie,Children & Family Movies
s1080,TV Show,Romantic TV Shows
s1080,TV Show,TV Comedies
s1080,TV Show,TV Dramas
s1081,Movie,Action & Adventure
s1081,Movie,Anime Features
s1081,Movie,International Movies
s1082,TV Show,Kids' TV
s1082,TV Show,TV Comedies
s1083,TV Show,International TV Shows
s1083,TV Show,Reality TV
s1084,Movie,Comedies
s1085,TV Show,Anime Series
s1085,TV Show,International TV Shows
s1085,TV Show,Romantic TV Shows
s1086,Movie,Dramas
s1086,Movie,International Movies
s1087,Movie,Dramas
s1087,Movie,International Movies
s1087,Movie,Thrillers
s1088,Movie,Comedies
s1088,Movie,Horror Movies
s1088,Movie,International Movies
s1089,Movie,Action & Adventure
s1089,Movie,Comedies
s1090,Movie,Dramas
s1091,Movie,Dramas
s1091,Movie,International Movies
s1091,Movie,Romantic Movies
s1092,TV Show,Anime Series
s1092,TV Show,International TV Shows
s1093,Movie,Documentaries
s1093,Movie,Music & Musicals
s1094,TV Show,International TV Shows
s1094,TV Show,Reality TV
s1094,TV Show,Romantic TV Shows
s1095,TV Show,Reality TV
s1095,TV Show,Romantic TV Shows
s1096,TV Show,Crime TV Shows
s1096,TV Show,Docuseries
s1096,TV Show,TV Mysteries
s1097,Movie,Children & Family Movies
s1097,Movie,Comedies
s1098,Movie,Documentaries
s1099,Movie,Comedies
s1099,Movie,Dramas
s1099,Movie,International Movies
s1100,Movie,Dramas
s1100,Movie,International Movies
s1101,Movie,Horror Movies
s1101,Movie,Thrillers
s1102,Movie,Children & Family Movies
s1102,Movie,Comedies
s1102,Movie,Sci-Fi & Fantasy
s1103,Movie,Comedies
s1104,Movie,Action & Adventure
s1104,Movie,Dramas
s1104,Movie,International Movies
s1105,Movie,Children & Family Movies
s1105,Movie,Comedies
s1105,Movie,Dramas
s1106,Movie,Dramas
s1106,Movie,Independent Movies
s1107,Movie,Action & Adventure
s1108,Movie,Dramas
s1108,Movie,Faith & Spirituality
s1108,Movie,International Movies
s1109,Movie,International Movies
s1109,Movie,Thrillers
s1110,Movie,Comedies
s1110,Movie,International Movies
s1110,Movie,Romantic Movies
s1111,Movie,Dramas
s1111,Movie,International Movies
s1112,Movie,Comedies
s1112,Movie,Romantic Movies
s1113,Movie,Children & Family Movies
s1113,Movie,Comedies
s1114,Movie,Action & Adventure
s1114,Movie,Sci-Fi & Fantasy
s1115,Movie,Comedies
s1115,Movie,Dramas
s1115,Movie,International Movies
s1116,Movie,Comedies
s1116,Movie,International Movies
s1116,Movie,Sports Movies
s1117,TV Show,Docuseries
s1117,TV Show,International TV Shows
s1118,Movie,Documentaries
s1118,Movie,International Movies
s1119,Movie,Horror Movies
s1119,Movie,Thrillers
s1120,Movie,Action & Adventure
s1120,Movie,Horror Movies
s1121,Movie,Action & Adventure
s1121,Movie,Sci-Fi & Fantasy
s1122,Movie,Comedies
s1122,Movie,Romantic Movies
s1123,Movie,Dramas
s1123,Movie,International Movies
s1124,TV Show,Docuseries
s1124,TV Show,International TV Shows
s1124,TV Show,Science & Nature TV
s1125,Movie,Action & Adventure
s1126,TV Show,British TV Shows
s1126,TV Show,Crime TV Shows
s1126,TV Show,Docuseries
s1127,Movie,Classic Movies
s1127,Movie,Music & Musicals
s1128,TV Show,Reality TV
s1128,TV Show,TV Comedies
s1128,TV Show,TV Horror
s1129,Movie,Action & Adventure
s1129,Movie,International Movies
s1130,TV Show,British TV Shows
s1130,TV Show,Docuseries
s1130,TV Show,International TV Shows
s1131,Movie,Action & Adventure
s1131,Movie,Dramas
s1131,Movie,International Movies
s1132,Movie,Action & Adventure
s1132,Movie,Dramas
s1132,Movie,International Movies
s1133,Movie,Action & Adventure
s1133,Movie,Dramas
s1133,Movie,International Movies
s1134,Movie,Action & Adventure
s1135,Movie,Action & Adventure
s1135,Movie,Sci-Fi & Fantasy
s1136,Movie,Action & Adventure
s1137,Movie,Dramas
s1137,Movie,International Movies
s1137,Movie,Romantic Movies
s1138,Movie,Action & Adventure
s1138,Movie,International Movies
s1138,Movie,Music & Musicals
s1139,Movie,Dramas
s1139,Movie,Independent Movies
s1139,Movie,International Movies
s1140,Movie,Horror Movies
s1140,Movie,Thrillers
s1141,Movie,Action & Adventure
s1142,Movie,Dramas
s1142,Movie,International Movies
s1142,Movie,Thrillers
s1143,Movie,Documentaries
s1144,TV Show,Docuseries
s1144,TV Show,Reality TV
s1145,Movie,Comedies
s1145,Movie,Romantic Movies
s1146,Movie,Dramas
s1147,TV Show,International TV Shows
s1147,TV Show,Reality TV
s1147,TV Show,Spanish-Language TV Shows
s1148,Movie,Documentaries
s1148,Movie,International Movies
s1148,Movie,Sports Movies
s1149,TV Show,Kids' TV
s1149,TV Show,Korean TV Shows
s1150,TV Show,Anime Series
s1150,TV Show,Kids' TV
s1151,Movie,Documentaries
s1152,Movie,Children & Family Movies
s1153,TV Show,Kids' TV
s1154,Movie,Dramas
s1154,Movie,International Movies
s1155,Movie,Dramas
s1156,Movie,Documentaries
s1156,Movie,International Movies
s1157,Movie,Children & Family Movies
s1157,Movie,Faith & Spirituality
s1157,Movie,Music & Musicals
s1158,Movie,Comedies
s1159,TV Show,Kids' TV
s1160,Movie,Dramas
s1160,Movie,International Movies
s1161,Movie,Dramas
s1161,Movie,Independent Movies
s1161,Movie,Thrillers
s1162,Movie,Documentaries
s1163,Movie,Dramas
s1163,Movie,International Movies
s1164,TV Show,International TV Shows
s1164,TV Show,Reality TV
s1164,TV Show,Spanish-Language TV Shows
s1165,Movie,Comedies
s1165,Movie,International Movies
s1166,Movie,Comedies
s1166,Movie,Dramas
s1166,Movie,International Movies
s1167,TV Show,British TV Shows
s1167,TV Show,Crime TV Shows
s1167,TV Show,International TV Shows
s1168,Movie,Dramas
s1168,Movie,International Movies
s1168,Movie,Romantic Movies
s1169,TV Show,Anime Series
s1170,TV Show,Kids' TV
s1171,Movie,Children & Family Movies
s1171,Movie,Comedies
s1172,Movie,Documentaries
s1173,Movie,Stand-Up Comedy
s1174,TV Show,International TV Shows
s1174,TV Show,Korean TV Shows
s1174,TV Show,Stand-Up Comedy & Talk Shows
s1175,TV Show,International TV Shows
s1175,TV Show,TV Dramas
s1176,Movie,Dramas
s1176,Movie,Independent Movies
s1176,Movie,International Movies
s1177,Movie,Dramas
s1177,Movie,International Movies
s1178,Movie,Horror Movies
s1178,Movie,International Movies
s1179,Movie,Action & Adventure
s1180,TV Show,Kids' TV
s1181,TV Show,Kids' TV
s1181,TV Show,TV Comedies
s1182,TV Show,TV Comedies
s1183,TV Show,Docuseries
s1184,Movie,International Movies
s1184,Movie,Music & Musicals
s1185,Movie,Action & Adventure
s1185,Movie,International Movies
s1186,Movie,Comedies
s1186,Movie,International Movies
s1186,Movie,Romantic Movies
s1187,TV Show,Anime Series
s1187,TV Show,Crime TV Shows
s1187,TV Show,International TV Shows
s1188,Movie,Thrillers
s1189,Movie,Action & Adventure
s1189,Movie,Comedies
s1189,Movie,International Movies
s1190,Movie,Stand-Up Comedy
s1191,Movie,Action & Adventure
s1192,Movie,Stand-Up Comedy
s1193,Movie,Dramas
s1193,Movie,International Movies
s1194,Movie,Documentaries
s1194,Movie,International Movies
s1194,Movie,Music & Musicals
s1195,Movie,Dramas
s1195,Movie,International Movies
s1195,Movie,Thrillers
s1196,Movie,Documentaries
s1197,TV Show,Crime TV Shows
s1197,TV Show,Docuseries
s1197,TV Show,International TV Shows
s1198,Movie,Dramas
s1198,Movie,Music & Musicals
s1199,Movie,Stand-Up Comedy
s1200,Movie,Dramas
s1200,Movie,Thrillers
s1201,TV Show,Kids' TV
s1202,TV Show,Crime TV Shows
s1202,TV Show,International TV Shows
s1202,TV Show,TV Comedies
s1203,Movie,Dramas
s1203,Movie,International Movies
s1203,Movie,Romantic Movies
s1204,Movie,Children & Family Movies
s1204,Movie,Dramas
s1205,Movie,Documentaries
s1206,TV Show,Docuseries
s1206,TV Show,Science & Nature TV
s1206,TV Show,TV Action & Adventure
s1207,TV Show,British TV Shows
s1207,TV Show,Kids' TV
s1207,TV Show,TV Dramas
s1208,Movie,Documentaries
s1209,Movie,Comedies
s1209,Movie,International Movies
s1210,Movie,Comedies
s1210,Movie,Dramas
s1210,Movie,International Movies
s1211,TV Show,International TV Shows
s1211,TV Show,Korean TV Shows
s1211,TV Show,Romantic TV Shows
s1212,Movie,Dramas
s1212,Movie,International Movies
s1213,Movie,Dramas
s1213,Movie,International Movies
s1214,TV Show,TV Comedies
s1215,Movie,Dramas
s1215,Movie,International Movies
s1215,Movie,Music & Musicals
s1216,Movie,Comedies
s1216,Movie,International Movies
s1216,Movie,Romantic Movies
s1217,Movie,Comedies
s1217,Movie,International Movies
s1217,Movie,Romantic Movies
s1218,TV Show,British TV Shows
s1218,TV Show,Crime TV Shows
s1218,TV Show,International TV Shows
s1219,Movie,Children & Family Movies
s1219,Movie,Comedies
s1220,Movie,Comedies
s1220,Movie,Dramas
s1220,Movie,Independent Movies
s1221,Movie,Dramas
s1221,Movie,Independent Movies
s1221,Movie,International Movies
s1222,Movie,Dramas
s1222,Movie,International Movies
s1223,Movie,Horror Movies
s1223,Movie,Independent Movies
s1224,TV Show,Crime TV Shows
s1224,TV Show,International TV Shows
s1224,TV Show,TV Action & Adventure
s1225,TV Show,Docuseries
s1226,TV Show,Reality TV
s1226,TV Show,Romantic TV Shows
s1227,TV Show,Docuseries
s1227,TV Show,International TV Shows
s1228,TV Show,International TV Shows
s1228,TV Show,TV Dramas
s1229,Movie,Dramas
s1229,Movie,Independent Movies
s1229,Movie,International Movies
s1230,TV Show,International TV Shows
s1230,TV Show,TV Dramas
s1231,Movie,Comedies
s1231,Movie,Dramas
s1231,Movie,Independent Movies
s1232,TV Show,Kids' TV
s1233,Movie,Comedies
s1233,Movie,Dramas
s1233,Movie,International Movies
s1234,Movie,Comedies
s1234,Movie,International Movies
s1235,TV Show,Docuseries
s1235,TV Show,International TV Shows
s1235,TV Show,Spanish-Language TV Shows
s1236,TV Show,Anime Series
s1236,TV Show,Kids' TV
s1236,TV Show,TV Action & Adventure
s1237,Movie,Action & Adventure
s1237,Movie,Dramas
s1237,Movie,International Movies
s1238,Movie,Comedies
s1238,Movie,International Movies
s1238,Movie,Romantic Movies
s1239,TV Show,Anime Series
s1240,Movie,Action & Adventure
s1241,Movie,Dramas
s1241,Movie,Romantic Movies
s1242,Movie,Comedies
s1242,Movie,Dramas
s1242,Movie,Music & Musicals
s1243,TV Show,Crime TV Shows
s1243,TV Show,Docuseries
s1244,Movie,Dramas
s1245,Movie,Action & Adventure
s1245,Movie,Comedies
s1245,Movie,International Movies
s1246,TV Show,Kids' TV
s1247,TV Show,Classic & Cult TV
s1247,TV Show,Crime TV Shows
s1247,TV Show,International TV Shows
s1248,Movie,Action & Adventure
s1248,Movie,Dramas
s1248,Movie,International Movies
s1249,Movie,Documentaries
s1249,Movie,Music & Musicals
s1250,Movie,Stand-Up Comedy
s1251,Movie,Documentaries
s1251,Movie,International Movies
s1251,Movie,Music & Musicals
s1252,Movie,Action & Adventure
s1252,Movie,Classic Movies
s1252,Movie,Dramas
s1253,Movie,Comedies
s1253,Movie,International Movies
s1254,Movie,Children & Family Movies
s1254,Movie,Comedies
s1255,Movie,Classic Movies
s1255,Movie,Dramas
s1256,Movie,Action & Adventure
s1256,Movie,Dramas
s1256,Movie,International Movies
s1257,Movie,Comedies
s1257,Movie,Cult Movies
s1257,Movie,Music & Musicals
s1258,TV Show,Anime Series
s1258,TV Show,International TV Shows
s1259,Movie,Children & Family Movies
s1259,Movie,Comedies
s1260,Movie,Comedies
s1260,Movie,Dramas
s1260,Movie,Independent Movies
s1261,Movie,Comedies
s1261,Movie,International Movies
s1261,Movie,Romantic Movies
s1262,Movie,Dramas
s1262,Movie,Independent Movies
s1262,Movie,International Movies
s1263,Movie,Comedies
s1263,Movie,Dramas
s1264,Movie,Action & Adventure
s1265,Movie,Comedies
s1265,Movie,Dramas
s1265,Movie,Independent Movies
s1266,Movie,International Movies
s1266,Movie,Thrillers
s1267,Movie,Dramas
s1267,Movie,Independent Movies
s1267,Movie,International Movies
s1268,Movie,International Movies
s1268,Movie,Thrillers
s1269,TV Show,Crime TV Shows
s1269,TV Show,International TV Shows
s1269,TV Show,Spanish-Language TV Shows
s1270,Movie,Dramas
s1270,Movie,International Movies
s1270,Movie,Romantic Movies
s1271,TV Show,International TV Shows
s1271,TV Show,Spanish-Language TV Shows
s1271,TV Show,TV Dramas
s1272,TV Show,International TV Shows
s1272,TV Show,Spanish-Language TV Shows
s1272,TV Show,TV Dramas
s1273,TV Show,Docuseries
s1273,TV Show,International TV Shows
s1274,Movie,International Movies
s1274,Movie,Thrillers
s1275,TV Show,Reality TV
s1276,TV Show,Romantic TV Shows
s1276,TV Show,TV Comedies
s1276,TV Show,TV Dramas
s1277,Movie,Dramas
s1277,Movie,International Movies
s1278,TV Show,TV Horror
s1278,TV Show,Teen TV Shows
s1279,Movie,Stand-Up Comedy
s1280,Movie,Documentaries
s1280,Movie,International Movies
s1281,Movie,Documentaries
s1281,Movie,International Movies
s1281,Movie,Sports Movies
s1282,Movie,Dramas
s1282,Movie,International Movies
s1283,TV Show,International TV Shows
s1283,TV Show,TV Dramas
s1284,Movie,Horror Movies
s1284,Movie,Thrillers
s1285,Movie,Horror Movies
s1286,TV Show,International TV Shows
s1286,TV Show,TV Comedies
s1286,TV Show,TV Dramas
s1287,Movie,Comedies
s1287,Movie,Dramas
s1287,Movie,Independent Movies
s1288,Movie,Comedies
s1288,Movie,Dramas
s1289,Movie,Dramas
s1289,Movie,Thrillers
s1290,Movie,Documentaries
s1290,Movie,International Movies
s1290,Movie,Music & Musicals
s1291,Movie,Comedies
s1291,Movie,LGBTQ Movies
s1291,Movie,Thrillers
s1292,Movie,Dramas
s1292,Movie,Independent Movies
s1292,Movie,International Movies
s1293,Movie,Documentaries
s1293,Movie,International Movies
s1294,TV Show,International TV Shows
s1294,TV Show,TV Dramas
s1295,TV Show,International TV Shows
s1295,TV Show,TV Action & Adventure
s1295,TV Show,TV Dramas
s1296,Movie,Comedies
s1296,Movie,Dramas
s1296,Movie,Independent Movies
s1297,TV Show,International TV Shows
s1297,TV Show,Romantic TV Shows
s1297,TV Show,TV Comedies
s1298,Movie,Horror Movies
s1299,TV Show,International TV Shows
s1299,TV Show,TV Action & Adventure
s1299,TV Show,TV Dramas
s1300,TV Show,Anime Series
s1300,TV Show,International TV Shows
s1301,TV Show,Docuseries
s1302,TV Show,British TV Shows
s1302,TV Show,International TV Shows
s1302,TV Show,TV Dramas
s1303,TV Show,Docuseries
s1303,TV Show,Reality TV
s1303,TV Show,Science & Nature TV
s1304,Movie,Documentaries
s1305,Movie,Children & Family Movies
s1306,Movie,Action & Adventure
s1306,Movie,Comedies
s1306,Movie,Dramas
s1307,TV Show,Crime TV Shows
s1307,TV Show,TV Comedies
s1307,TV Show,TV Dramas
s1308,Movie,Children & Family Movies
s1308,Movie,Comedies
s1308,Movie,Dramas
s1309,TV Show,Kids' TV
s1309,TV Show,TV Comedies
s1310,Movie,Thrillers
s1311,TV Show,TV Comedies
s1312,Movie,Comedies
s1312,Movie,Dramas
s1312,Movie,International Movies
s1313,Movie,Dramas
s1313,Movie,Independent Movies
s1313,Movie,LGBTQ Movies
s1314,TV Show,Reality TV
s1315,TV Show,TV Comedies
s1316,Movie,Stand-Up Comedy
s1317,Movie,Dramas
s1317,Movie,International Movies
s1317,Movie,Romantic Movies
s1318,TV Show,British TV Shows
s1318,TV Show,International TV Shows
s1318,TV Show,Reality TV
s1319,Movie,Comedies
s1319,Movie,Romantic Movies
s1320,Movie,Children & Family Movies
s1321,TV Show,Crime TV Shows
s1321,TV Show,International TV Shows
s1321,TV Show,TV Dramas
s1322,TV Show,Crime TV Shows
s1322,TV Show,Spanish-Language TV Shows
s1322,TV Show,TV Action & Adventure
s1323,Movie,Comedies
s1323,Movie,Dramas
s1323,Movie,International Movies
s1324,Movie,Dramas
s1324,Movie,International Movies
s1324,Movie,Romantic Movies
s1325,Movie,Dramas
s1325,Movie,Independent Movies
s1325,Movie,Romantic Movies
s1326,Movie,International Movies
s1326,Movie,Thrillers
s1327,Movie,Comedies
s1327,Movie,International Movies
s1327,Movie,Romantic Movies
s1328,Movie,Documentaries
s1328,Movie,Music & Musicals
s1329,TV Show,Crime TV Shows
s1329,TV Show,Docuseries
s1330,Movie,Comedies
s1330,Movie,International Movies
s1331,Movie,Dramas
s1331,Movie,Romantic Movies
s1332,TV Show,TV Shows
s1333,TV Show,Kids' TV
s1333,TV Show,TV Comedies
s1334,Movie,Comedies
s1334,Movie,Dramas
s1335,Movie,Action & Adventure
s1335,Movie,International Movies
s1336,TV Show,Crime TV Shows
s1336,TV Show,TV Dramas
s1336,TV Show,TV Mysteries
s1337,Movie,Stand-Up Comedy
s1338,Movie,Dramas
s1338,Movie,Independent Movies
s1338,Movie,International Movies
s1339,TV Show,Crime TV Shows
s1339,TV Show,International TV Shows
s1339,TV Show,Spanish-Language TV Shows
s1340,TV Show,Crime TV Shows
s1340,TV Show,International TV Shows
s1340,TV Show,TV Dramas
s1341,Movie,Dramas
s1341,Movie,International Movies
s1342,Movie,Dramas
s1342,Movie,Independent Movies
s1343,Movie,Action & Adventure
s1343,Movie,Dramas
s1343,Movie,International Movies
s1344,Movie,Documentaries
s1345,Movie,Dramas
s1345,Movie,International Movies
s1345,Movie,Romantic Movies
s1346,Movie,Action & Adventure
s1346,Movie,International Movies
s1347,Movie,Comedies
s1347,Movie,Dramas
s1347,Movie,International Movies
s1348,Movie,Action & Adventure
s1348,Movie,International Movies
s1349,TV Show,Romantic TV Shows
s1349,TV Show,TV Dramas
s1350,TV Show,Crime TV Shows
s1350,TV Show,International TV Shows
s1350,TV Show,Spanish-Language TV Shows
s1351,TV Show,Kids' TV
s1352,Movie,Dramas
s1352,Movie,Faith & Spirituality
s1352,Movie,International Movies
s1353,TV Show,Stand-Up Comedy & Talk Shows
s1353,TV Show,TV Comedies
s1354,Movie,Action & Adventure
s1354,Movie,Comedies
s1355,TV Show,TV Dramas
s1356,TV Show,Romantic TV Shows
s1356,TV Show,Teen TV Shows
s1357,TV Show,TV Comedies
s1357,TV Show,Teen TV Shows
s1358,Movie,Dramas
s1359,Movie,Thrillers
s1360,Movie,Dramas
s1360,Movie,International Movies
s1360,Movie,Thrillers
s1361,TV Show,International TV Shows
s1361,TV Show,Romantic TV Shows
s1361,TV Show,TV Comedies
s1362,TV Show,TV Horror
s1362,TV Show,Teen TV Shows
s1363,TV Show,Kids' TV
s1363,TV Show,TV Comedies
s1364,TV Show,Romantic TV Shows
s1364,TV Show,TV Dramas
s1364,TV Show,Teen TV Shows
s1365,Movie,Children & Family Movies
s1365,Movie,Sci-Fi & Fantasy
s1366,TV Show,Kids' TV
s1366,TV Show,TV Comedies
s1367,Movie,Dramas
s1367,Movie,Faith & Spirituality
s1368,Movie,Horror Movies
s1369,Movie,Action & Adventure
s1369,Movie,International Movies
s1370,Movie,Children & Family Movies
s1370,Movie,Comedies
s1371,Movie,Dramas
s1371,Movie,International Movies
s1372,TV Show,Docuseries
s1373,Movie,Children & Family Movies
s1373,Movie,Dramas
s1373,Movie,International Movies
s1374,TV Show,International TV Shows
s1374,TV Show,TV Dramas
s1374,TV Show,TV Thrillers
s1375,Movie,Documentaries
s1375,Movie,International Movies
s1375,Movie,Sports Movies
s1376,TV Show,TV Comedies
s1376,TV Show,TV Dramas
s1377,Movie,Comedies
s1377,Movie,Dramas
s1377,Movie,Independent Movies
s1378,TV Show,Romantic TV Shows
s1378,TV Show,TV Action & Adventure
s1378,TV Show,TV Dramas
s1379,Movie,Children & Family Movies
s1379,Movie,Dramas
s1380,Movie,Dramas
s1380,Movie,International Movies
s1381,TV Show,Kids' TV
s1382,Movie,Comedies
s1382,Movie,International Movies
s1382,Movie,Romantic Movies
s1383,Movie,Dramas
s1383,Movie,International Movies
s1383,Movie,Romantic Movies
s1384,TV Show,International TV Shows
s1384,TV Show,Reality TV
s1385,TV Show,Crime TV Shows
s1385,TV Show,International TV Shows
s1385,TV Show,Korean TV Shows
s1386,TV Show,Anime Series
s1386,TV Show,International TV Shows
s1387,Movie,Comedies
s1387,Movie,International Movies
s1387,Movie,LGBTQ Movies
s1388,Movie,Dramas
s1388,Movie,Thrillers
s1389,Movie,Dramas
s1390,Movie,Comedies
s1391,Movie,Dramas
s1392,Movie,Dramas
s1393,TV Show,International TV Shows
s1393,TV Show,Spanish-Language TV Shows
s1393,TV Show,TV Comedies
s1394,Movie,Thrillers
s1395,TV Show,Docuseries
s1395,TV Show,Science & Nature TV
s1396,TV Show,Kids' TV
s1397,Movie,Action & Adventure
s1398,Movie,Dramas
s1398,Movie,Sci-Fi & Fantasy
s1399,Movie,Horror Movies
s1400,Movie,Dramas
s1400,Movie,Independent Movies
s1401,TV Show,Reality TV
s1402,TV Show,Kids' TV
s1402,TV Show,TV Thrillers
s1403,TV Show,TV Action & Adventure
s1403,TV Show,TV Comedies
s1403,TV Show,TV Sci-Fi & Fantasy
s1404,Movie,Children & Family Movies
s1404,Movie,Comedies
s1404,Movie,Dramas
s1405,TV Show,Kids' TV
s1405,TV Show,TV Comedies
s1406,Movie,Action & Adventure
s1407,Movie,Children & Family Movies
s1407,Movie,Comedies
s1408,Movie,Children & Family Movies
s1409,TV Show,TV Dramas
s1409,TV Show,TV Sci-Fi & Fantasy
s1410,Movie,Thrillers
s1411,Movie,Dramas
s1411,Movie,International Movies
s1412,Movie,Documentaries
s1413,Movie,Dramas
s1413,Movie,International Movies
s1413,Movie,LGBTQ Movies
s1414,Movie,Dramas
s1414,Movie,International Movies
s1415,Movie,Comedies
s1415,Movie,Dramas
s1415,Movie,International Movies
s1416,Movie,Dramas
s1416,Movie,Thrillers
s1417,TV Show,Crime TV Shows
s1417,TV Show,Docuseries
s1418,Movie,International Movies
s1418,Movie,Thrillers
s1419,Movie,Stand-Up Comedy
s1420,TV Show,British TV Shows
s1420,TV Show,Romantic TV Shows
s1420,TV Show,TV Dramas
s1421,Movie,Documentaries
s1422,Movie,Comedies
s1422,Movie,Dramas
s1422,Movie,International Movies
s1423,Movie,Dramas
s1423,Movie,International Movies
s1424,Movie,Comedies
s1424,Movie,International Movies
s1424,Movie,Romantic Movies
s1425,Movie,Children & Family Movies
s1425,Movie,Comedies
s1426,Movie,Documentaries
s1427,Movie,Dramas
s1427,Movie,International Movies
s1428,TV Show,British TV Shows
s1428,TV Show,Crime TV Shows
s1428,TV Show,Docuseries
s1429,Movie,Dramas
s1429,Movie,Independent Movies
s1429,Movie,International Movies
s1430,TV Show,Kids' TV
s1430,TV Show,TV Comedies
s1431,TV Show,Docuseries
s1432,Movie,Comedies
s1432,Movie,Dramas
s1432,Movie,International Movies
s1433,TV Show,Anime Series
s1433,TV Show,International TV Shows
s1433,TV Show,Spanish-Language TV Shows
s1434,Movie,Dramas
s1434,Movie,International Movies
s1435,Movie,Children & Family Movies
s1435,Movie,Comedies
s1436,Movie,Dramas
s1437,Movie,Documentaries
s1437,Movie,International Movies
s1437,Movie,Music & Musicals
s1438,TV Show,Docuseries
s1438,TV Show,Reality TV
s1439,Movie,Documentaries
s1439,Movie,International Movies
s1439,Movie,Sports Movies
s1440,TV Show,Docuseries
s1440,TV Show,TV Comedies
s1441,TV Show,International TV Shows
s1441,TV Show,Reality TV
s1441,TV Show,Spanish-Language TV Shows
s1442,Movie,Action & Adventure
s1442,Movie,Comedies
s1442,Movie,International Movies
s1443,TV Show,Docuseries
s1443,TV Show,International TV Shows
s1444,TV Show,Docuseries
s1445,Movie,Comedies
s1445,Movie,Romantic Movies
s1445,Movie,Sports Movies
s1446,Movie,Action & Adventure
s1446,Movie,Comedies
s1446,Movie,International Movies
s1447,Movie,Comedies
s1448,Movie,Horror Movies
s1448,Movie,Thrillers
s1449,TV Show,TV Action & Adventure
s1449,TV Show,TV Comedies
s1449,TV Show,TV Dramas
s1450,TV Show,Reality TV
s1451,Movie,Stand-Up Comedy
s1452,Movie,Children & Family Movies
s1452,Movie,Dramas
s1452,Movie,Sports Movies
s1453,Movie,Dramas
s1453,Movie,Independent Movies
s1454,Movie,Children & Family Movies
s1454,Movie,Comedies
s1455,Movie,Documentaries
s1456,TV Show,Docuseries
s1456,TV Show,Science & Nature TV
s1457,Movie,Action & Adventure
s1457,Movie,Dramas
s1457,Movie,Independent Movies
s1458,TV Show,Spanish-Language TV Shows
s1458,TV Show,TV Dramas
s1459,Movie,Action & Adventure
s1460,Movie,Comedies
s1461,TV Show,International TV Shows
s1461,TV Show,Spanish-Language TV Shows
s1461,TV Show,TV Dramas
s1462,Movie,Comedies
s1462,Movie,Dramas
s1462,Movie,Independent Movies
s1463,TV Show,Kids' TV
s1463,TV Show,TV Comedies
s1464,TV Show,Kids' TV
s1465,Movie,Documentaries
s1466,TV Show,Kids' TV
s1466,TV Show,TV Comedies
s1466,TV Show,TV Sci-Fi & Fantasy
s1467,Movie,Documentaries
s1468,Movie,Action & Adventure
s1468,Movie,Thrillers
s1469,Movie,Comedies
s1469,Movie,International Movies
s1470,Movie,Classic Movies
s1470,Movie,Dramas
s1470,Movie,Independent Movies
s1471,Movie,Dramas
s1471,Movie,LGBTQ Movies
s1472,Movie,Stand-Up Comedy
s1473,Movie,Comedies
s1473,Movie,Dramas
s1473,Movie,International Movies
s1474,TV Show,TV Horror
s1474,TV Show,TV Mysteries
s1474,TV Show,TV Sci-Fi & Fantasy
s1475,Movie,Action & Adventure
s1475,Movie,Dramas
s1475,Movie,Faith & Spirituality
s1476,Movie,Comedies
s1476,Movie,Dramas
s1476,Movie,International Movies
s1477,TV Show,Reality TV
s1478,TV Show,Crime TV Shows
s1478,TV Show,TV Dramas
s1478,TV Show,TV Thrillers
s1479,TV Show,International TV Shows
s1479,TV Show,TV Mysteries
s1479,TV Show,TV Thrillers
s1480,TV Show,Crime TV Shows
s1480,TV Show,Docuseries
s1480,TV Show,International TV Shows
s1481,TV Show,British TV Shows
s1481,TV Show,Classic & Cult TV
s1481,TV Show,International TV Shows
s1482,Movie,Horror Movies
s1482,Movie,International Movies
s1483,TV Show,Anime Series
s1484,TV Show,International TV Shows
s1484,TV Show,Romantic TV Shows
s1484,TV Show,TV Comedies
s1485,Movie,Dramas
s1486,Movie,Children & Family Movies
s1486,Movie,Comedies
s1487,Movie,Comedies
s1488,TV Show,Crime TV Shows
s1488,TV Show,International TV Shows
s1488,TV Show,TV Dramas
s1489,Movie,Dramas
s1489,Movie,International Movies
s1490,TV Show,Docuseries
s1490,TV Show,International TV Shows
s1491,Movie,Children & Family Movies
s1492,Movie,Comedies
s1492,Movie,Dramas
s1492,Movie,International Movies
s1493,TV Show,Romantic TV Shows
s1493,TV Show,TV Dramas
s1494,Movie,International Movies
s1494,Movie,Romantic Movies
s1495,Movie,Children & Family Movies
s1495,Movie,Comedies
s1496,Movie,Comedies
s1496,Movie,Dramas
s1496,Movie,International Movies
s1497,Movie,Children & Family Movies
s1497,Movie,Dramas
s1497,Movie,International Movies
s1498,Movie,Dramas
s1498,Movie,International Movies
s1498,Movie,Romantic Movies
s1499,Movie,Action & Adventure
s1499,Movie,Comedies
s1499,Movie,Independent Movies
s1500,Movie,Dramas
s1501,Movie,Dramas
s1501,Movie,International Movies
s1501,Movie,LGBTQ Movies
s1502,Movie,Dramas
s1502,Movie,Romantic Movies
s1503,Movie,Stand-Up Comedy
s1504,TV Show,International TV Shows
s1504,TV Show,Romantic TV Shows
s1504,TV Show,TV Comedies
s1505,Movie,Music & Musicals
s1506,TV Show,Kids' TV
s1507,TV Show,British TV Shows
s1507,TV Show,Kids' TV
s1507,TV Show,TV Comedies
s1508,Movie,Children & Family Movies
s1508,Movie,Comedies
s1509,TV Show,British TV Shows
s1509,TV Show,Kids' TV
s1510,Movie,Documentaries
s1510,Movie,Music & Musicals
s1511,Movie,Comedies
s1512,Movie,Comedies
s1512,Movie,International Movies
s1513,Movie,Stand-Up Comedy
s1514,Movie,Dramas
s1515,TV Show,Crime TV Shows
s1515,TV Show,International TV Shows
s1515,TV Show,TV Dramas
s1516,Movie,Comedies
s1517,TV Show,International TV Shows
s1517,TV Show,Romantic TV Shows
s1517,TV Show,TV Comedies
s1518,Movie,Dramas
s1518,Movie,Music & Musicals
s1519,Movie,Documentaries
s1519,Movie,Music & Musicals
s1520,Movie,Children & Family Movies
s1520,Movie,Comedies
s1520,Movie,Dramas
s1521,TV Show,International TV Shows
s1521,TV Show,TV Dramas
s1522,Movie,Dramas
s1522,Movie,Independent Movies
s1522,Movie,International Movies
s1523,Movie,Dramas
s1523,Movie,International Movies
s1523,Movie,Romantic Movies
s1524,Movie,Comedies
s1524,Movie,Dramas
s1524,Movie,International Movies
s1525,Movie,Action & Adventure
s1526,Movie,Dramas
s1526,Movie,International Movies
s1526,Movie,Romantic Movies
s1527,Movie,Comedies
s1527,Movie,International Movies
s1527,Movie,Romantic Movies
s1528,TV Show,British TV Shows
s1528,TV Show,Kids' TV
s1529,TV Show,International TV Shows
s1529,TV Show,Romantic TV Shows
s1529,TV Show,TV Comedies
s1530,Movie,International Movies
s1530,Movie,Romantic Movies
s1531,TV Show,Stand-Up Comedy & Talk Shows
s1531,TV Show,TV Comedies
s1532,Movie,Dramas
s1532,Movie,International Movies
s1532,Movie,Romantic Movies
s1533,TV Show,Docuseries
s1533,TV Show,International TV Shows
s1534,TV Show,Docuseries
s1534,TV Show,Spanish-Language TV Shows
s1535,Movie,Dramas
s1535,Movie,International Movies
s1535,Movie,LGBTQ Movies
s1536,TV Show,International TV Shows
s1536,TV Show,TV Comedies
s1536,TV Show,TV Dramas
s1537,Movie,Horror Movies
s1537,Movie,Thrillers
s1538,Movie,Dramas
s1539,TV Show,Anime Series
s1539,TV Show,International TV Shows
s1540,TV Show,Anime Series
s1540,TV Show,International TV Shows
s1541,Movie,Dramas
s1541,Movie,Thrillers
s1542,TV Show,British TV Shows
s1542,TV Show,Crime TV Shows
s1542,TV Show,Docuseries
s1543,Movie,Stand-Up Comedy
s1544,TV Show,Reality TV
s1545,Movie,Dramas
s1545,Movie,Independent Movies
s1545,Movie,Sports Movies
s1546,TV Show,Kids' TV
s1546,TV Show,TV Comedies
s1547,TV Show,Docuseries
s1548,TV Show,Reality TV
s1549,TV Show,Reality TV
s1550,Movie,Dramas
s1550,Movie,Independent Movies
s1551,Movie,Comedies
s1551,Movie,Romantic Movies
s1552,TV Show,Kids' TV
s1553,TV Show,TV Dramas
s1553,TV Show,TV Mysteries
s1553,TV Show,TV Thrillers
s1554,Movie,Comedies
s1555,TV Show,International TV Shows
s1555,TV Show,TV Dramas
s1555,TV Show,TV Thrillers
s1556,TV Show,Kids' TV
s1556,TV Show,TV Comedies
s1557,Movie,Children & Family Movies
s1558,Movie,Children & Family Movies
s1558,Movie,Dramas
s1559,Movie,Documentaries
s1560,TV Show,International TV Shows
s1560,TV Show,Spanish-Language TV Shows
s1560,TV Show,TV Dramas
s1561,Movie,Comedies
s1561,Movie,LGBTQ Movies
s1561,Movie,Music & Musicals
s1562,Movie,Dramas
s1562,Movie,International Movies
s1562,Movie,Sports Movies
s1563,TV Show,International TV Shows
s1563,TV Show,TV Action & Adventure
s1563,TV Show,TV Mysteries
s1564,Movie,Dramas
s1564,Movie,LGBTQ Movies
s1565,TV Show,Crime TV Shows
s1565,TV Show,International TV Shows
s1565,TV Show,TV Dramas
s1566,Movie,International Movies
s1566,Movie,Romantic Movies
s1567,Movie,Dramas
s1567,Movie,International Movies
s1567,Movie,Romantic Movies
s1568,Movie,Comedies
s1568,Movie,International Movies
s1568,Movie,LGBTQ Movies
s1569,Movie,Dramas
s1569,Movie,Independent Movies
s1569,Movie,International Movies
s1570,TV Show,International TV Shows
s1570,TV Show,TV Comedies
s1571,TV Show,International TV Shows
s1571,TV Show,Romantic TV Shows
s1571,TV Show,TV Dramas
s1572,Movie,Comedies
s1572,Movie,Dramas
s1572,Movie,International Movies
s1573,TV Show,Kids' TV
s1573,TV Show,TV Comedies
s1574,TV Show,Kids' TV
s1574,TV Show,TV Comedies
s1574,TV Show,Teen TV Shows
s1575,TV Show,Docuseries
s1575,TV Show,Science & Nature TV
s1576,Movie,Documentaries
s1576,Movie,International Movies
s1577,Movie,Children & Family Movies
s1577,Movie,Comedies
s1578,Movie,Documentaries
s1578,Movie,International Movies
s1578,Movie,Music & Musicals
s1579,TV Show,International TV Shows
s1579,TV Show,Romantic TV Shows
s1579,TV Show,TV Dramas
s1580,TV Show,TV Comedies
s1580,TV Show,Teen TV Shows
s1581,Movie,Children & Family Movies
s1582,Movie,Children & Family Movies
s1583,Movie,Dramas
s1583,Movie,Thrillers
s1584,TV Show,International TV Shows
s1584,TV Show,Romantic TV Shows
s1584,TV Show,TV Dramas
s1585,Movie,Action & Adventure
s1585,Movie,Dramas
s1586,TV Show,Crime TV Shows
s1586,TV Show,TV Dramas
s1586,TV Show,TV Mysteries
s1587,TV Show,Crime TV Shows
s1587,TV Show,Docuseries
s1587,TV Show,International TV Shows
s1588,TV Show,International TV Shows
s1588,TV Show,TV Dramas
s1588,TV Show,TV Horror
s1589,Movie,Children & Family Movies
s1590,TV Show,International TV Shows
s1590,TV Show,Romantic TV Shows
s1590,TV Show,TV Comedies
s1591,TV Show,TV Comedies
s1592,Movie,Children & Family Movies
s1592,Movie,Comedies
s1593,Movie,Comedies
s1593,Movie,International Movies
s1593,Movie,Thrillers
s1594,TV Show,Crime TV Shows
s1594,TV Show,International TV Shows
s1594,TV Show,TV Dramas
s1595,Movie,Comedies
s1595,Movie,International Movies
s1596,Movie,Dramas
s1596,Movie,Independent Movies
s1597,TV Show,British TV Shows
s1597,TV Show,Reality TV
s1598,Movie,Children & Family Movies
s1598,Movie,Dramas
s1599,Movie,Dramas
s1599,Movie,International Movies
s1599,Movie,Romantic Movies
s1600,Movie,Comedies
s1600,Movie,Dramas
s1600,Movie,International Movies
s1601,Movie,Children & Family Movies
s1602,Movie,Comedies
s1602,Movie,International Movies
s1603,Movie,Comedies
s1603,Movie,Dramas
s1603,Movie,International Movies
s1604,TV Show,British TV Shows
s1604,TV Show,Docuseries
s1604,TV Show,International TV Shows
s1605,Movie,Stand-Up Comedy
s1606,TV Show,International TV Shows
s1606,TV Show,TV Comedies
s1606,TV Show,TV Dramas
s1607,Movie,Comedies
s1607,Movie,Dramas
s1607,Movie,International Movies
s1608,Movie,Stand-Up Comedy
s1609,Movie,Action & Adventure
s1610,Movie,Children & Family Movies
s1611,Movie,Thrillers
s1612,TV Show,Reality TV
s1613,Movie,Comedies
s1613,Movie,Independent Movies
s1614,Movie,Dramas
s1614,Movie,International Movies
s1614,Movie,Romantic Movies
s1615,TV Show,Kids' TV
s1616,TV Show,Reality TV
s1617,Movie,Children & Family Movies
s1617,Movie,Comedies
s1618,Movie,Comedies
s1619,TV Show,British TV Shows
s1619,TV Show,Kids' TV
s1620,TV Show,Kids' TV
s1620,TV Show,TV Comedies
s1621,Movie,Action & Adventure
s1622,Movie,Action & Adventure
s1623,TV Show,Classic & Cult TV
s1623,TV Show,TV Action & Adventure
s1623,TV Show,TV Sci-Fi & Fantasy
s1624,TV Show,Reality TV
s1624,TV Show,Romantic TV Shows
s1625,Movie,Thrillers
s1626,TV Show,International TV Shows
s1626,TV Show,TV Horror
s1626,TV Show,TV Mysteries
s1627,Movie,Action & Adventure
s1627,Movie,Comedies
s1628,TV Show,Docuseries
s1629,TV Show,British TV Shows
s1629,TV Show,Reality TV
s1630,Movie,Horror Movies
s1630,Movie,International Movies
s1631,Movie,Dramas
s1631,Movie,International Movies
s1632,Movie,Thrillers
s1633,Movie,Children & Family Movies
s1634,Movie,Action & Adventure
s1635,TV Show,International TV Shows
s1635,TV Show,TV Action & Adventure
s1635,TV Show,TV Dramas
s1636,Movie,Children & Family Movies
s1637,Movie,Children & Family Movies
s1637,Movie,Documentaries
s1638,Movie,Horror Movies
s1638,Movie,International Movies
s1639,TV Show,International TV Shows
s1639,TV Show,Reality TV
s1640,TV Show,International TV Shows
s1640,TV Show,TV Dramas
s1640,TV Show,Teen TV Shows
s1641,TV Show,International TV Shows
s1641,TV Show,Romantic TV Shows
s1641,TV Show,TV Comedies
s1642,TV Show,Reality TV
s1643,Movie,Action & Adventure
s1643,Movie,International Movies
s1644,Movie,International Movies
s1644,Movie,Thrillers
s1645,Movie,Comedies
s1645,Movie,International Movies
s1645,Movie,LGBTQ Movies
s1646,Movie,Stand-Up Comedy
s1647,Movie,Action & Adventure
s1647,Movie,Dramas
s1647,Movie,International Movies
s1648,Movie,Comedies
s1648,Movie,International Movies
s1648,Movie,Romantic Movies
s1649,Movie,Horror Movies
s1650,TV Show,Anime Series
s1650,TV Show,Crime TV Shows
s1650,TV Show,International TV Shows
s1651,Movie,Music & Musicals
s1652,Movie,Children & Family Movies
s1652,Movie,Comedies
s1653,Movie,Horror Movies
s1653,Movie,International Movies
s1653,Movie,Thrillers
s1654,Movie,Horror Movies
s1654,Movie,International Movies
s1654,Movie,Thrillers
s1655,TV Show,International TV Shows
s1655,TV Show,Romantic TV Shows
s1655,TV Show,TV Comedies
s1656,Movie,Children & Family Movies
s1656,Movie,Comedies
s1657,Movie,Dramas
s1658,Movie,Dramas
s1658,Movie,International Movies
s1659,TV Show,International TV Shows
s1659,TV Show,TV Comedies
s1659,TV Show,TV Dramas
s1660,Movie,Action & Adventure
s1661,Movie,Documentaries
s1661,Movie,Music & Musicals
s1662,TV Show,International TV Shows
s1662,TV Show,Romantic TV Shows
s1662,TV Show,TV Dramas
s1663,Movie,Action & Adventure
s1663,Movie,Comedies
s1663,Movie,International Movies
s1664,Movie,Children & Family Movies
s1664,Movie,Music & Musicals
s1665,Movie,Action & Adventure
s1666,Movie,International Movies
s1666,Movie,Thrillers
s1667,Movie,Children & Family Movies
s1668,TV Show,Docuseries
s1668,TV Show,International TV Shows
s1669,TV Show,International TV Shows
s1669,TV Show,TV Dramas
s1670,Movie,Dramas
s1671,TV Show,International TV Shows
s1671,TV Show,Romantic TV Shows
s1671,TV Show,TV Comedies
s1672,Movie,Children & Family Movies
s1672,Movie,Comedies
s1673,TV Show,Docuseries
s1673,TV Show,Reality TV
s1674,Movie,Dramas
s1674,Movie,International Movies
s1675,Movie,Action & Adventure
s1675,Movie,Comedies
s1675,Movie,International Movies
s1676,Movie,Comedies
s1676,Movie,International Movies
s1676,Movie,Music & Musicals
s1677,Movie,Dramas
s1677,Movie,International Movies
s1677,Movie,Romantic Movies
s1678,Movie,International Movies
s1678,Movie,Romantic Movies
s1679,Movie,International Movies
s1679,Movie,Thrillers
s1680,Movie,Action & Adventure
s1680,Movie,Dramas
s1680,Movie,International Movies
s1681,Movie,Dramas
s1681,Movie,International Movies
s1681,Movie,Thrillers
s1682,Movie,Children & Family Movies
s1682,Movie,Comedies
s1682,Movie,Dramas
s1683,Movie,Comedies
s1683,Movie,Dramas
s1683,Movie,International Movies
s1684,Movie,Comedies
s1684,Movie,International Movies
s1685,TV Show,Reality TV
s1686,Movie,Dramas
s1686,Movie,International Movies
s1687,Movie,Stand-Up Comedy
s1688,TV Show,Kids' TV
s1688,TV Show,TV Comedies
s1689,TV Show,Docuseries
s1689,TV Show,Reality TV
s1690,Movie,Dramas
s1690,Movie,Romantic Movies
s1691,Movie,Documentaries
s1692,Movie,Music & Musicals
s1692,Movie,Romantic Movies
s1693,TV Show,Reality TV
s1694,TV Show,Anime Series
s1694,TV Show,Kids' TV
s1695,Movie,Children & Family Movies
s1695,Movie,Comedies
s1696,Movie,Romantic Movies
s1697,TV Show,Kids' TV
s1698,TV Show,Reality TV
s1699,TV Show,British TV Shows
s1699,TV Show,International TV Shows
s1699,TV Show,TV Dramas
s1700,Movie,Children & Family Movies
s1700,Movie,Classic Movies
s1700,Movie,Comedies
s1701,Movie,Thrillers
s1702,TV Show,TV Horror
s1702,TV Show,TV Mysteries
s1702,TV Show,TV Thrillers
s1703,Movie,Children & Family Movies
s1703,Movie,Comedies
s1704,Movie,Children & Family Movies
s1704,Movie,Music & Musicals
s1705,Movie,Documentaries
s1705,Movie,International Movies
s1706,Movie,Dramas
s1706,Movie,International Movies
s1707,TV Show,Crime TV Shows
s1707,TV Show,International TV Shows
s1707,TV Show,Spanish-Language TV Shows
s1708,Movie,International Movies
s1708,Movie,Romantic Movies
s1709,TV Show,International TV Shows
s1709,TV Show,TV Dramas
s1710,Movie,Dramas
s1710,Movie,International Movies
s1710,Movie,Romantic Movies
s1711,Movie,Dramas
s1711,Movie,Independent Movies
s1712,TV Show,Crime TV Shows
s1712,TV Show,International TV Shows
s1712,TV Show,TV Dramas
s1713,Movie,Comedies
s1713,Movie,Dramas
s1713,Movie,International Movies
s1714,Movie,Dramas
s1714,Movie,International Movies
s1714,Movie,LGBTQ Movies
s1715,Movie,Horror Movies
s1716,TV Show,International TV Shows
s1716,TV Show,Reality TV
s1717,TV Show,TV Comedies
s1718,TV Show,TV Action & Adventure
s1718,TV Show,TV Dramas
s1719,TV Show,Crime TV Shows
s1719,TV Show,Docuseries
s1720,Movie,Documentaries
s1720,Movie,International Movies
s1721,Movie,Dramas
s1721,Movie,International Movies
s1722,TV Show,TV Shows
s1723,TV Show,Romantic TV Shows
s1723,TV Show,TV Comedies
s1723,TV Show,TV Dramas
s1724,TV Show,Anime Series
s1724,TV Show,Kids' TV
s1725,TV Show,Anime Series
s1725,TV Show,Kids' TV
s1726,Movie,Dramas
s1726,Movie,International Movies
s1727,TV Show,Reality TV
s1728,Movie,Dramas
s1728,Movie,International Movies
s1729,Movie,Dramas
s1729,Movie,Independent Movies
s1729,Movie,International Movies
s1730,Movie,Comedies
s1731,TV Show,International TV Shows
s1731,TV Show,TV Comedies
s1731,TV Show,TV Dramas
s1732,Movie,Dramas
s1732,Movie,LGBTQ Movies
s1732,Movie,Romantic Movies
s1733,Movie,Dramas
s1733,Movie,International Movies
s1733,Movie,Romantic Movies
s1734,TV Show,Crime TV Shows
s1734,TV Show,Docuseries
s1734,TV Show,International TV Shows
s1735,Movie,Comedies
s1735,Movie,Romantic Movies
s1736,Movie,Dramas
s1736,Movie,International Movies
s1736,Movie,Romantic Movies
s1737,Movie,Children & Family Movies
s1737,Movie,Comedies
s1737,Movie,Romantic Movies
s1738,TV Show,International TV Shows
s1738,TV Show,TV Dramas
s1738,TV Show,TV Horror
s1739,Movie,Dramas
s1739,Movie,Romantic Movies
s1740,Movie,Comedies
s1740,Movie,Dramas
s1740,Movie,Romantic Movies
s1741,TV Show,International TV Shows
s1741,TV Show,Romantic TV Shows
s1741,TV Show,TV Comedies
s1742,Movie,Dramas
s1742,Movie,International Movies
s1743,Movie,Stand-Up Comedy
s1744,Movie,Dramas
s1744,Movie,International Movies
s1745,Movie,Documentaries
s1745,Movie,International Movies
s1746,Movie,Documentaries
s1747,TV Show,International TV Shows
s1747,TV Show,TV Comedies
s1747,TV Show,TV Dramas
s1748,Movie,Sci-Fi & Fantasy
s1748,Movie,Thrillers
s1749,TV Show,Reality TV
s1750,Movie,Children & Family Movies
s1750,Movie,Comedies
s1751,TV Show,Romantic TV Shows
s1751,TV Show,TV Dramas
s1751,TV Show,Teen TV Shows
s1752,Movie,Children & Family Movies
s1753,Movie,Children & Family Movies
s1754,Movie,Children & Family Movies
s1755,TV Show,Reality TV
s1756,TV Show,Docuseries
s1757,TV Show,Kids' TV
s1758,TV Show,Kids' TV
s1759,TV Show,Kids' TV
s1760,TV Show,Kids' TV
s1761,TV Show,Kids' TV
s1761,TV Show,TV Comedies
s1762,Movie,Children & Family Movies
s1762,Movie,Comedies
s1763,Movie,Action & Adventure
s1764,Movie,Dramas
s1764,Movie,Independent Movies
s1764,Movie,Thrillers
s1765,Movie,Dramas
s1765,Movie,Thrillers
s1766,TV Show,Kids' TV
s1766,TV Show,TV Comedies
s1767,TV Show,Crime TV Shows
s1767,TV Show,International TV Shows
s1767,TV Show,TV Dramas
s1768,Movie,Dramas
s1769,Movie,Action & Adventure
s1769,Movie,Dramas
s1769,Movie,Sports Movies
s1770,TV Show,Crime TV Shows
s1770,TV Show,International TV Shows
s1770,TV Show,Korean TV Shows
s1771,Movie,Comedies
s1771,Movie,Sports Movies
s1772,TV Show,Docuseries
s1772,TV Show,International TV Shows
s1773,Movie,Action & Adventure
s1773,Movie,Dramas
s1773,Movie,International Movies
s1774,TV Show,International TV Shows
s1774,TV Show,Reality TV
s1775,Movie,Dramas
s1775,Movie,Independent Movies
s1775,Movie,Thrillers
s1776,Movie,Horror Movies
s1776,Movie,Independent Movies
s1777,Movie,Dramas
s1777,Movie,International Movies
s1778,Movie,Horror Movies
s1778,Movie,International Movies
s1779,TV Show,Kids' TV
s1779,TV Show,Korean TV Shows
s1780,TV Show,TV Action & Adventure
s1780,TV Show,TV Sci-Fi & Fantasy
s1781,Movie,Dramas
s1781,Movie,International Movies
s1781,Movie,Thrillers
s1782,TV Show,Docuseries
s1782,TV Show,Reality TV
s1783,TV Show,Crime TV Shows
s1783,TV Show,International TV Shows
s1783,TV Show,TV Dramas
s1784,Movie,Horror Movies
s1784,Movie,International Movies
s1785,Movie,Horror Movies
s1785,Movie,International Movies
s1786,Movie,Comedies
s1786,Movie,Romantic Movies
s1787,Movie,International Movies
s1788,Movie,Music & Musicals
s1789,Movie,Horror Movies
s1789,Movie,International Movies
s1790,Movie,Documentaries
s1791,TV Show,Anime Series
s1792,TV Show,Kids' TV
s1793,Movie,Documentaries
s1793,Movie,International Movies
s1793,Movie,Sports Movies
s1794,Movie,Comedies
s1795,TV Show,International TV Shows
s1795,TV Show,Romantic TV Shows
s1795,TV Show,TV Mysteries
s1796,Movie,Comedies
s1796,Movie,International Movies
s1796,Movie,Music & Musicals
s1797,Movie,Action & Adventure
s1797,Movie,Dramas
s1797,Movie,Independent Movies
s1798,Movie,Dramas
s1798,Movie,Music & Musicals
s1799,Movie,Comedies
s1799,Movie,International Movies
s1799,Movie,LGBTQ Movies
s1800,TV Show,International TV Shows
s1800,TV Show,TV Action & Adventure
s1800,TV Show,TV Dramas
s1801,TV Show,Docuseries
s1801,TV Show,International TV Shows
s1802,Movie,Children & Family Movies
s1802,Movie,Music & Musicals
s1803,Movie,Dramas
s1803,Movie,Thrillers
s1804,TV Show,Crime TV Shows
s1804,TV Show,International TV Shows
s1804,TV Show,Spanish-Language TV Shows
s1805,TV Show,TV Dramas
s1806,Movie,Documentaries
s1807,Movie,Horror Movies
s1807,Movie,International Movies
s1808,Movie,Dramas
s1808,Movie,International Movies
s1808,Movie,Romantic Movies
s1809,Movie,Comedies
s1809,Movie,Dramas
s1809,Movie,Music & Musicals
s1810,Movie,Dramas
s1810,Movie,International Movies
s1810,Movie,Romantic Movies
s1811,Movie,Dramas
s1811,Movie,Independent Movies
s1812,Movie,Comedies
s1812,Movie,Dramas
s1812,Movie,Independent Movies
s1813,Movie,Documentaries
s1813,Movie,International Movies
s1814,TV Show,Stand-Up Comedy & Talk Shows
s1815,Movie,Dramas
s1815,Movie,Romantic Movies
s1815,Movie,Thrillers
s1816,Movie,Children & Family Movies
s1817,Movie,Action & Adventure
s1817,Movie,Horror Movies
s1818,Movie,Classic Movies
s1818,Movie,Dramas
s1818,Movie,International Movies
s1819,Movie,Dramas
s1819,Movie,International Movies
s1819,Movie,Music & Musicals
s1820,Movie,Comedies
s1820,Movie,Dramas
s1820,Movie,International Movies
s1821,Movie,Documentaries
s1821,Movie,International Movies
s1822,Movie,Dramas
s1822,Movie,Independent Movies
s1822,Movie,International Movies
s1823,Movie,Classic Movies
s1823,Movie,Dramas
s1823,Movie,Independent Movies
s1824,Movie,Documentaries
s1824,Movie,International Movies
s1825,Movie,Dramas
s1825,Movie,International Movies
s1826,Movie,Dramas
s1826,Movie,International Movies
s1826,Movie,Romantic Movies
s1827,Movie,Dramas
s1827,Movie,Independent Movies
s1827,Movie,International Movies
s1828,Movie,Dramas
s1828,Movie,Independent Movies
s1828,Movie,International Movies
s1829,TV Show,Crime TV Shows
s1829,TV Show,Docuseries
s1830,Movie,Dramas
s1830,Movie,International Movies
s1831,Movie,Comedies
s1831,Movie,International Movies
s1831,Movie,Romantic Movies
s1832,Movie,Documentaries
s1832,Movie,International Movies
s1833,Movie,Dramas
s1833,Movie,International Movies
s1834,Movie,Children & Family Movies
s1834,Movie,Comedies
s1835,TV Show,International TV Shows
s1835,TV Show,Romantic TV Shows
s1835,TV Show,TV Comedies
s1836,Movie,Action & Adventure
s1837,Movie,Comedies
s1837,Movie,International Movies
s1837,Movie,Romantic Movies
s1838,TV Show,TV Dramas
s1838,TV Show,Teen TV Shows
s1839,Movie,Action & Adventure
s1840,TV Show,International TV Shows
s1840,TV Show,TV Action & Adventure
s1840,TV Show,TV Dramas
s1841,TV Show,Crime TV Shows
s1841,TV Show,International TV Shows
s1841,TV Show,Spanish-Language TV Shows
s1842,TV Show,Kids' TV
s1842,TV Show,TV Comedies
s1843,Movie,Dramas
s1844,Movie,Horror Movies
s1844,Movie,Thrillers
s1845,Movie,Children & Family Movies
s1846,Movie,Action & Adventure
s1847,Movie,Action & Adventure
s1847,Movie,Comedies
s1847,Movie,International Movies
s1848,TV Show,British TV Shows
s1848,TV Show,Kids' TV
s1849,TV Show,TV Comedies
s1850,Movie,Dramas
s1850,Movie,International Movies
s1851,Movie,Dramas
s1851,Movie,International Movies
s1851,Movie,Romantic Movies
s1852,TV Show,TV Comedies
s1852,TV Show,Teen TV Shows
s1853,TV Show,Kids' TV
s1854,Movie,Documentaries
s1854,Movie,International Movies
s1855,TV Show,TV Comedies
s1855,TV Show,TV Dramas
s1856,Movie,Action & Adventure
s1856,Movie,International Movies
s1856,Movie,Romantic Movies
s1857,Movie,Documentaries
s1857,Movie,Music & Musicals
s1858,Movie,Documentaries
s1858,Movie,International Movies
s1859,Movie,International Movies
s1859,Movie,Romantic Movies
s1859,Movie,Thrillers
s1860,Movie,Children & Family Movies
s1861,TV Show,Reality TV
s1861,TV Show,TV Comedies
s1862,Movie,Comedies
s1862,Movie,Dramas
s1862,Movie,International Movies
s1863,Movie,Cult Movies
s1863,Movie,Dramas
s1863,Movie,International Movies
s1864,Movie,Comedies
s1864,Movie,International Movies
s1864,Movie,Romantic Movies
s1865,TV Show,Kids' TV
s1865,TV Show,TV Comedies
s1866,Movie,Comedies
s1866,Movie,International Movies
s1867,Movie,Dramas
s1867,Movie,International Movies
s1868,Movie,Horror Movies
s1869,TV Show,Docuseries
s1870,Movie,Comedies
s1870,Movie,International Movies
s1870,Movie,Romantic Movies
s1871,Movie,Comedies
s1871,Movie,International Movies
s1872,Movie,Children & Family Movies
s1873,Movie,Comedies
s1873,Movie,Dramas
s1873,Movie,Independent Movies
s1874,TV Show,TV Dramas
s1874,TV Show,TV Horror
s1874,TV Show,TV Mysteries
s1875,Movie,Documentaries
s1875,Movie,International Movies
s1875,Movie,Music & Musicals
s1876,TV Show,International TV Shows
s1876,TV Show,Romantic TV Shows
s1876,TV Show,TV Comedies
s1877,Movie,Dramas
s1877,Movie,International Movies
s1878,TV Show,Crime TV Shows
s1878,TV Show,International TV Shows
s1878,TV Show,TV Dramas
s1879,TV Show,TV Action & Adventure
s1879,TV Show,TV Dramas
s1879,TV Show,TV Sci-Fi & Fantasy
s1880,Movie,Comedies
s1880,Movie,Horror Movies
s1881,TV Show,International TV Shows
s1881,TV Show,TV Dramas
s1881,TV Show,TV Mysteries
s1882,Movie,Comedies
s1883,Movie,Documentaries
s1883,Movie,Music & Musicals
s1884,Movie,Children & Family Movies
s1885,Movie,Dramas
s1885,Movie,Romantic Movies
s1886,TV Show,British TV Shows
s1886,TV Show,Docuseries
s1886,TV Show,International TV Shows
s1887,Movie,Documentaries
s1888,Movie,Documentaries
s1888,Movie,LGBTQ Movies
s1889,Movie,Dramas
s1889,Movie,International Movies
s1889,Movie,Sports Movies
s1890,TV Show,Kids' TV
s1891,TV Show,Kids' TV
s1892,Movie,Comedies
s1892,Movie,International Movies
s1892,Movie,Romantic Movies
s1893,Movie,Children & Family Movies
s1894,TV Show,Kids' TV
s1894,TV Show,TV Comedies
s1895,TV Show,Romantic TV Shows
s1895,TV Show,TV Comedies
s1895,TV Show,TV Dramas
s1896,TV Show,Kids' TV
s1896,TV Show,TV Dramas
s1897,Movie,Dramas
s1897,Movie,International Movies
s1898,Movie,Comedies
s1898,Movie,Dramas
s1898,Movie,International Movies
s1899,Movie,Horror Movies
s1899,Movie,International Movies
s1899,Movie,Thrillers
s1900,Movie,Comedies
s1900,Movie,International Movies
s1900,Movie,Romantic Movies
s1901,Movie,Comedies
s1901,Movie,Horror Movies
s1902,Movie,Comedies
s1902,Movie,International Movies
s1902,Movie,Romantic Movies
s1903,Movie,Action & Adventure
s1903,Movie,Comedies
s1903,Movie,International Movies
s1904,Movie,Dramas
s1904,Movie,Thrillers
s1905,Movie,Documentaries
s1905,Movie,LGBTQ Movies
s1906,Movie,Action & Adventure
s1906,Movie,Dramas
s1906,Movie,International Movies
s1907,TV Show,TV Dramas
s1908,TV Show,International TV Shows
s1908,TV Show,Romantic TV Shows
s1908,TV Show,TV Dramas
s1909,TV Show,Anime Series
s1909,TV Show,International TV Shows
s1909,TV Show,Teen TV Shows
s1910,Movie,Action & Adventure
s1910,Movie,Dramas
s1911,TV Show,Crime TV Shows
s1911,TV Show,International TV Shows
s1911,TV Show,TV Mysteries
s1912,Movie,Documentaries
s1913,Movie,Action & Adventure
s1913,Movie,Comedies
s1913,Movie,Dramas
s1914,Movie,Documentaries
s1914,Movie,International Movies
s1915,TV Show,Docuseries
s1915,TV Show,International TV Shows
s1916,TV Show,International TV Shows
s1916,TV Show,TV Dramas
s1917,Movie,Documentaries
s1917,Movie,Music & Musicals
s1918,TV Show,International TV Shows
s1918,TV Show,Romantic TV Shows
s1918,TV Show,Spanish-Language TV Shows
s1919,TV Show,Anime Series
s1919,TV Show,International TV Shows
s1920,Movie,Comedies
s1920,Movie,International Movies
s1920,Movie,Romantic Movies
s1921,Movie,Comedies
s1921,Movie,Independent Movies
s1921,Movie,International Movies
s1922,Movie,Action & Adventure
s1922,Movie,Dramas
s1923,TV Show,TV Comedies
s1924,TV Show,TV Comedies
s1924,TV Show,TV Dramas
s1925,Movie,Dramas
s1925,Movie,Thrillers
s1926,TV Show,Crime TV Shows
s1926,TV Show,International TV Shows
s1926,TV Show,Spanish-Language TV Shows
s1927,Movie,Documentaries
s1928,Movie,Dramas
s1928,Movie,International Movies
s1929,TV Show,Anime Series
s1929,TV Show,International TV Shows
s1930,TV Show,TV Comedies
s1931,Movie,Dramas
s1931,Movie,International Movies
s1931,Movie,Thrillers
s1932,Movie,Dramas
s1932,Movie,LGBTQ Movies
s1933,Movie,Documentaries
s1933,Movie,LGBTQ Movies
s1934,TV Show,Crime TV Shows
s1934,TV Show,TV Dramas
s1935,Movie,Documentaries
s1936,Movie,Stand-Up Comedy
s1937,Movie,Action & Adventure
s1938,Movie,Documentaries
s1938,Movie,International Movies
s1938,Movie,Music & Musicals
s1939,Movie,Dramas
s1939,Movie,Independent Movies
s1939,Movie,International Movies
s1940,Movie,Comedies
s1940,Movie,Dramas
s1940,Movie,International Movies
s1941,Movie,Comedies
s1941,Movie,International Movies
s1941,Movie,Music & Musicals
s1942,Movie,Comedies
s1942,Movie,International Movies
s1942,Movie,Music & Musicals
s1943,Movie,Comedies
s1943,Movie,International Movies
s1943,Movie,Romantic Movies
s1944,Movie,Comedies
s1944,Movie,International Movies
s1944,Movie,Music & Musicals
s1945,Movie,Dramas
s1945,Movie,International Movies
s1945,Movie,Romantic Movies
s1946,Movie,Dramas
s1946,Movie,International Movies
s1946,Movie,Thrillers
s1947,Movie,Comedies
s1947,Movie,International Movies
s1947,Movie,Music & Musicals
s1948,TV Show,Docuseries
s1949,TV Show,International TV Shows
s1949,TV Show,TV Action & Adventure
s1949,TV Show,TV Dramas
s1950,TV Show,TV Comedies
s1951,Movie,Dramas
s1951,Movie,Independent Movies
s1951,Movie,International Movies
s1952,TV Show,Crime TV Shows
s1952,TV Show,Docuseries
s1952,TV Show,International TV Shows
s1953,TV Show,Kids' TV
s1953,TV Show,TV Comedies
s1954,Movie,Dramas
s1954,Movie,International Movies
s1955,TV Show,TV Comedies
s1956,TV Show,International TV Shows
s1956,TV Show,TV Dramas
s1956,TV Show,TV Mysteries
s1957,Movie,Documentaries
s1957,Movie,International Movies
s1957,Movie,Music & Musicals
s1958,Movie,Action & Adventure
s1958,Movie,Sci-Fi & Fantasy
s1958,Movie,Sports Movies
s1959,TV Show,Docuseries
s1960,Movie,Action & Adventure
s1960,Movie,Children & Family Movies
s1960,Movie,Dramas
s1961,Movie,Documentaries
s1962,TV Show,Docuseries
s1963,Movie,Documentaries
s1964,Movie,Dramas
s1964,Movie,International Movies
s1965,Movie,Action & Adventure
s1965,Movie,International Movies
s1966,Movie,Action & Adventure
s1966,Movie,International Movies
s1967,Movie,Action & Adventure
s1967,Movie,International Movies
s1968,Movie,Action & Adventure
s1968,Movie,International Movies
s1969,Movie,Action & Adventure
s1969,Movie,International Movies
s1970,Movie,Action & Adventure
s1970,Movie,International Movies
s1971,Movie,Horror Movies
s1971,Movie,International Movies
s1971,Movie,Thrillers
s1972,Movie,Comedies
s1972,Movie,International Movies
s1973,Movie,Action & Adventure
s1973,Movie,International Movies
s1974,TV Show,Kids' TV
s1974,TV Show,TV Comedies
s1975,Movie,Dramas
s1975,Movie,International Movies
s1975,Movie,Romantic Movies
s1976,Movie,Comedies
s1976,Movie,International Movies
s1977,Movie,Dramas
s1977,Movie,International Movies
s1977,Movie,Thrillers
s1978,Movie,Dramas
s1978,Movie,Independent Movies
s1978,Movie,International Movies
s1979,TV Show,TV Dramas
s1979,TV Show,TV Horror
s1979,TV Show,TV Mysteries
s1980,TV Show,Reality TV
s1981,TV Show,Crime TV Shows
s1981,TV Show,TV Dramas
s1981,TV Show,TV Thrillers
s1982,Movie,Comedies
s1982,Movie,International Movies
s1982,Movie,Romantic Movies
s1983,Movie,International Movies
s1983,Movie,Thrillers
s1984,TV Show,Anime Series
s1984,TV Show,International TV Shows
s1985,Movie,Documentaries
s1985,Movie,International Movies
s1985,Movie,Music & Musicals
s1986,Movie,Children & Family Movies
s1986,Movie,Comedies
s1987,Movie,International Movies
s1987,Movie,Thrillers
s1988,Movie,Dramas
s1988,Movie,Independent Movies
s1989,TV Show,International TV Shows
s1989,TV Show,TV Comedies
s1989,TV Show,TV Dramas
s1990,TV Show,International TV Shows
s1990,TV Show,TV Dramas
s1990,TV Show,Teen TV Shows
s1991,TV Show,Docuseries
s1991,TV Show,Science & Nature TV
s1992,TV Show,British TV Shows
s1992,TV Show,Crime TV Shows
s1992,TV Show,International TV Shows
s1993,Movie,Stand-Up Comedy
s1994,TV Show,Crime TV Shows
s1994,TV Show,International TV Shows
s1994,TV Show,TV Dramas
s1995,TV Show,Reality TV
s1996,Movie,Dramas
s1996,Movie,Thrillers
s1997,Movie,Dramas
s1997,Movie,International Movies
s1997,Movie,Thrillers
s1998,Movie,Action & Adventure
s1998,Movie,International Movies
s1999,TV Show,British TV Shows
s1999,TV Show,International TV Shows
s1999,TV Show,TV Dramas
s2000,Movie,Documentaries
s2000,Movie,International Movies
s2001,Movie,Stand-Up Comedy
s2002,Movie,Dramas
s2002,Movie,Independent Movies
s2002,Movie,Romantic Movies
s2003,TV Show,Docuseries
s2003,TV Show,International TV Shows
s2003,TV Show,Reality TV
s2004,Movie,Children & Family Movies
s2004,Movie,Comedies
s2005,Movie,Children & Family Movies
s2006,Movie,Dramas
s2006,Movie,International Movies
s2006,Movie,Music & Musicals
s2007,TV Show,British TV Shows
s2007,TV Show,Kids' TV
s2008,Movie,Children & Family Movies
s2008,Movie,Comedies
s2008,Movie,Dramas
s2009,TV Show,International TV Shows
s2009,TV Show,TV Comedies
s2009,TV Show,TV Dramas
s2010,TV Show,TV Comedies
s2011,Movie,Children & Family Movies
s2012,Movie,Children & Family Movies
s2012,Movie,Comedies
s2013,TV Show,International TV Shows
s2013,TV Show,Spanish-Language TV Shows
s2013,TV Show,TV Dramas
s2014,TV Show,British TV Shows
s2014,TV Show,International TV Shows
s2014,TV Show,TV Comedies
s2015,Movie,Stand-Up Comedy
s2016,Movie,Dramas
s2016,Movie,International Movies
s2016,Movie,Thrillers
s2017,Movie,Dramas
s2017,Movie,International Movies
s2018,Movie,Dramas
s2018,Movie,International Movies
s2019,Movie,Dramas
s2019,Movie,International Movies
s2020,Movie,Comedies
s2020,Movie,Dramas
s2020,Movie,International Movies
s2021,Movie,Children & Family Movies
s2021,Movie,Dramas
s2021,Movie,International Movies
s2022,TV Show,TV Dramas
s2023,TV Show,Kids' TV
s2023,TV Show,TV Comedies
s2024,Movie,Dramas
s2024,Movie,International Movies
s2024,Movie,Romantic Movies
s2025,Movie,Comedies
s2025,Movie,International Movies
s2025,Movie,Romantic Movies
s2026,Movie,Comedies
s2026,Movie,Dramas
s2026,Movie,International Movies
s2027,Movie,Comedies
s2027,Movie,Dramas
s2027,Movie,International Movies
s2028,Movie,Children & Family Movies
s2029,Movie,Dramas
s2029,Movie,International Movies
s2029,Movie,Thrillers
s2030,Movie,Comedies
s2030,Movie,Horror Movies
s2031,Movie,Comedies
s2031,Movie,Dramas
s2031,Movie,Independent Movies
s2032,Movie,Dramas
s2032,Movie,International Movies
s2033,TV Show,Reality TV
s2034,TV Show,Crime TV Shows
s2034,TV Show,Docuseries
s2034,TV Show,International TV Shows
s2035,Movie,Comedies
s2035,Movie,International Movies
s2035,Movie,Music & Musicals
s2036,Movie,Documentaries
s2037,Movie,Horror Movies
s2037,Movie,International Movies
s2037,Movie,Thrillers
s2038,TV Show,International TV Shows
s2038,TV Show,Romantic TV Shows
s2038,TV Show,TV Dramas
s2039,Movie,Children & Family Movies
s2039,Movie,Documentaries
s2039,Movie,International Movies
s2040,Movie,Dramas
s2040,Movie,Independent Movies
s2040,Movie,International Movies
s2041,TV Show,Kids' TV
s2042,Movie,Documentaries
s2043,TV Show,TV Dramas
s2043,TV Show,TV Sci-Fi & Fantasy
s2043,TV Show,TV Thrillers
s2044,Movie,Dramas
s2045,TV Show,Romantic TV Shows
s2045,TV Show,TV Dramas
s2045,TV Show,TV Sci-Fi & Fantasy
s2046,Movie,Dramas
s2046,Movie,Independent Movies
s2047,Movie,Comedies
s2047,Movie,Dramas
s2047,Movie,International Movies
s2048,TV Show,Kids' TV
s2049,Movie,Comedies
s2049,Movie,Dramas
s2049,Movie,Independent Movies
s2050,Movie,Comedies
s2050,Movie,International Movies
s2050,Movie,Romantic Movies
s2051,Movie,Stand-Up Comedy
s2052,Movie,Dramas
s2052,Movie,Independent Movies
s2052,Movie,International Movies
s2053,Movie,Comedies
s2053,Movie,Independent Movies
s2053,Movie,Romantic Movies
s2054,TV Show,Crime TV Shows
s2054,TV Show,International TV Shows
s2054,TV Show,TV Dramas
s2055,TV Show,Docuseries
s2055,TV Show,Reality TV
s2056,Movie,Dramas
s2056,Movie,Independent Movies
s2056,Movie,International Movies
s2057,Movie,Children & Family Movies
s2057,Movie,Comedies
s2058,Movie,Documentaries
s2058,Movie,International Movies
s2058,Movie,Music & Musicals
s2059,TV Show,Docuseries
s2059,TV Show,TV Sci-Fi & Fantasy
s2060,Movie,Action & Adventure
s2060,Movie,Dramas
s2060,Movie,Romantic Movies
s2061,Movie,International Movies
s2061,Movie,Romantic Movies
s2062,Movie,Children & Family Movies
s2062,Movie,Music & Musicals
s2063,TV Show,Anime Series
s2063,TV Show,International TV Shows
s2064,TV Show,Kids' TV
s2065,TV Show,International TV Shows
s2065,TV Show,TV Dramas
s2066,Movie,Anime Features
s2066,Movie,International Movies
s2067,TV Show,Anime Series
s2067,TV Show,International TV Shows
s2067,TV Show,TV Thrillers
s2068,Movie,Action & Adventure
s2068,Movie,Anime Features
s2068,Movie,International Movies
s2069,TV Show,Stand-Up Comedy & Talk Shows
s2069,TV Show,TV Comedies
s2070,TV Show,International TV Shows
s2070,TV Show,TV Comedies
s2071,TV Show,Kids' TV
s2072,Movie,Children & Family Movies
s2072,Movie,Comedies
s2073,Movie,Comedies
s2074,TV Show,TV Comedies
s2074,TV Show,Teen TV Shows
s2075,Movie,Comedies
s2075,Movie,Dramas
s2075,Movie,International Movies
s2076,Movie,Documentaries
s2076,Movie,International Movies
s2076,Movie,Sports Movies
s2077,Movie,Children & Family Movies
s2077,Movie,Comedies
s2078,Movie,Dramas
s2078,Movie,International Movies
s2078,Movie,Sports Movies
s2079,TV Show,Anime Series
s2079,TV Show,International TV Shows
s2079,TV Show,TV Thrillers
s2080,Movie,Children & Family Movies
s2080,Movie,Comedies
s2081,TV Show,British TV Shows
s2081,TV Show,Classic & Cult TV
s2081,TV Show,Kids' TV
s2082,Movie,Children & Family Movies
s2083,Movie,Comedies
s2083,Movie,International Movies
s2083,Movie,Romantic Movies
s2084,Movie,Action & Adventure
s2085,Movie,Dramas
s2086,TV Show,British TV Shows
s2086,TV Show,Crime TV Shows
s2086,TV Show,Docuseries
s2087,TV Show,International TV Shows
s2087,TV Show,TV Comedies
s2087,TV Show,TV Dramas
s2088,Movie,Action & Adventure
s2088,Movie,International Movies
s2089,Movie,International Movies
s2089,Movie,Thrillers
s2090,TV Show,Anime Series
s2090,TV Show,International TV Shows
s2091,Movie,Comedies
s2091,Movie,Dramas
s2091,Movie,Independent Movies
s2092,Movie,Horror Movies
s2092,Movie,International Movies
s2092,Movie,Thrillers
s2093,Movie,Dramas
s2093,Movie,Faith & Spirituality
s2094,TV Show,International TV Shows
s2094,TV Show,Spanish-Language TV Shows
s2094,TV Show,TV Dramas
s2095,Movie,Dramas
s2095,Movie,International Movies
s2095,Movie,LGBTQ Movies
s2096,Movie,Documentaries
s2097,TV Show,Reality TV
s2098,Movie,Documentaries
s2098,Movie,International Movies
s2098,Movie,Sports Movies
s2099,TV Show,Kids' TV
s2100,TV Show,TV Dramas
s2100,TV Show,Teen TV Shows
s2101,Movie,Dramas
s2101,Movie,Thrillers
s2102,TV Show,British TV Shows
s2102,TV Show,Reality TV
s2102,TV Show,Romantic TV Shows
s2103,TV Show,International TV Shows
s2103,TV Show,TV Comedies
s2104,Movie,Dramas
s2104,Movie,International Movies
s2104,Movie,Thrillers
s2105,Movie,Horror Movies
s2105,Movie,Independent Movies
s2105,Movie,International Movies
s2106,TV Show,TV Comedies
s2107,TV Show,International TV Shows
s2107,TV Show,Reality TV
s2108,Movie,Action & Adventure
s2108,Movie,Children & Family Movies
s2108,Movie,Comedies
s2109,TV Show,International TV Shows
s2109,TV Show,TV Horror
s2109,TV Show,TV Mysteries
s2110,Movie,Documentaries
s2110,Movie,LGBTQ Movies
s2111,Movie,Comedies
s2111,Movie,International Movies
s2112,Movie,Dramas
s2112,Movie,International Movies
s2113,TV Show,Reality TV
s2114,TV Show,Docuseries
s2114,TV Show,Science & Nature TV
s2115,Movie,Children & Family Movies
s2115,Movie,Comedies
s2116,Movie,Comedies
s2117,Movie,Comedies
s2117,Movie,Dramas
s2117,Movie,International Movies
s2118,Movie,Comedies
s2118,Movie,Dramas
s2118,Movie,International Movies
s2119,TV Show,Kids' TV
s2120,Movie,Documentaries
s2120,Movie,Faith & Spirituality
s2120,Movie,International Movies
s2121,Movie,Dramas
s2121,Movie,International Movies
s2121,Movie,Music & Musicals
s2122,Movie,Action & Adventure
s2122,Movie,Sci-Fi & Fantasy
s2123,TV Show,Crime TV Shows
s2123,TV Show,International TV Shows
s2123,TV Show,Korean TV Shows
s2124,TV Show,International TV Shows
s2124,TV Show,Romantic TV Shows
s2124,TV Show,TV Dramas
s2125,TV Show,International TV Shows
s2125,TV Show,TV Comedies
s2125,TV Show,TV Dramas
s2126,TV Show,International TV Shows
s2126,TV Show,TV Dramas
s2127,Movie,Comedies
s2127,Movie,International Movies
s2127,Movie,Music & Musicals
s2128,TV Show,International TV Shows
s2128,TV Show,TV Dramas
s2128,TV Show,TV Sci-Fi & Fantasy
s2129,Movie,Documentaries
s2129,Movie,International Movies
s2129,Movie,Sports Movies
s2130,Movie,Children & Family Movies
s2130,Movie,Comedies
s2131,Movie,Dramas
s2131,Movie,Independent Movies
s2132,Movie,Children & Family Movies
s2133,Movie,Action & Adventure
s2134,TV Show,Crime TV Shows
s2134,TV Show,TV Comedies
s2134,TV Show,TV Dramas
s2135,TV Show,Crime TV Shows
s2135,TV Show,International TV Shows
s2135,TV Show,Spanish-Language TV Shows
s2136,TV Show,Kids' TV
s2136,TV Show,TV Action & Adventure
s2136,TV Show,TV Sci-Fi & Fantasy
s2137,TV Show,Anime Series
s2137,TV Show,Kids' TV
s2138,Movie,Comedies
s2138,Movie,Dramas
s2138,Movie,International Movies
s2139,Movie,Dramas
s2139,Movie,Independent Movies
s2140,Movie,Dramas
s2140,Movie,Independent Movies
s2140,Movie,Thrillers
s2141,TV Show,Reality TV
s2142,Movie,Action & Adventure
s2142,Movie,Dramas
s2142,Movie,International Movies
s2143,Movie,Children & Family Movies
s2143,Movie,Comedies
s2143,Movie,Sci-Fi & Fantasy
s2144,Movie,Stand-Up Comedy
s2145,TV Show,Kids' TV
s2145,TV Show,TV Comedies
s2146,TV Show,International TV Shows
s2146,TV Show,Reality TV
s2147,Movie,Dramas
s2147,Movie,Romantic Movies
s2148,Movie,Dramas
s2148,Movie,International Movies
s2149,TV Show,International TV Shows
s2149,TV Show,TV Dramas
s2150,Movie,Horror Movies
s2150,Movie,Thrillers
s2151,Movie,Comedies
s2151,Movie,International Movies
s2152,TV Show,Crime TV Shows
s2152,TV Show,International TV Shows
s2152,TV Show,Spanish-Language TV Shows
s2153,TV Show,Reality TV
s2154,TV Show,International TV Shows
s2154,TV Show,Reality TV
s2155,Movie,Documentaries
s2156,Movie,Children & Family Movies
s2157,TV Show,Docuseries
s2157,TV Show,Science & Nature TV
s2157,TV Show,TV Action & Adventure
s2158,TV Show,Kids' TV
s2158,TV Show,TV Action & Adventure
s2158,TV Show,TV Sci-Fi & Fantasy
s2159,TV Show,Kids' TV
s2160,Movie,Comedies
s2161,TV Show,Kids' TV
s2162,Movie,Documentaries
s2162,Movie,International Movies
s2162,Movie,Music & Musicals
s2163,TV Show,International TV Shows
s2163,TV Show,TV Dramas
s2163,TV Show,TV Mysteries
s2164,Movie,Documentaries
s2164,Movie,International Movies
s2164,Movie,Sports Movies
s2165,Movie,International Movies
s2165,Movie,Thrillers
s2166,TV Show,Crime TV Shows
s2166,TV Show,Docuseries
s2166,TV Show,International TV Shows
s2167,Movie,Children & Family Movies
s2168,Movie,Children & Family Movies
s2168,Movie,Comedies
s2169,TV Show,Docuseries
s2169,TV Show,International TV Shows
s2169,TV Show,Science & Nature TV
s2170,Movie,Stand-Up Comedy
s2171,TV Show,Docuseries
s2172,Movie,Comedies
s2172,Movie,Dramas
s2172,Movie,Independent Movies
s2173,Movie,Comedies
s2174,TV Show,TV Comedies
s2174,TV Show,Teen TV Shows
s2175,TV Show,Kids' TV
s2176,TV Show,Anime Series
s2176,TV Show,Romantic TV Shows
s2176,TV Show,Teen TV Shows
s2177,Movie,Action & Adventure
s2178,Movie,Children & Family Movies
s2179,TV Show,Kids' TV
s2179,TV Show,Reality TV
s2179,TV Show,TV Dramas
s2180,Movie,Dramas
s2180,Movie,Romantic Movies
s2181,TV Show,Anime Series
s2181,TV Show,International TV Shows
s2181,TV Show,Romantic TV Shows
s2182,TV Show,Kids' TV
s2183,Movie,Stand-Up Comedy
s2184,Movie,LGBTQ Movies
s2184,Movie,Thrillers
s2185,TV Show,British TV Shows
s2185,TV Show,Crime TV Shows
s2185,TV Show,International TV Shows
s2186,Movie,Children & Family Movies
s2186,Movie,Comedies
s2187,Movie,Dramas
s2187,Movie,International Movies
s2187,Movie,Thrillers
s2188,Movie,Comedies
s2188,Movie,International Movies
s2188,Movie,Romantic Movies
s2189,Movie,Children & Family Movies
s2190,TV Show,Reality TV
s2191,TV Show,TV Action & Adventure
s2191,TV Show,TV Mysteries
s2191,TV Show,TV Sci-Fi & Fantasy
s2192,Movie,Dramas
s2192,Movie,International Movies
s2193,TV Show,Anime Series
s2194,Movie,Comedies
s2194,Movie,Dramas
s2194,Movie,Independent Movies
s2195,TV Show,International TV Shows
s2195,TV Show,Romantic TV Shows
s2195,TV Show,TV Comedies
s2196,Movie,Comedies
s2196,Movie,International Movies
s2196,Movie,Romantic Movies
s2197,Movie,Dramas
s2197,Movie,International Movies
s2197,Movie,Thrillers
s2198,Movie,Dramas
s2198,Movie,Independent Movies
s2198,Movie,International Movies
s2199,Movie,Dramas
s2199,Movie,International Movies
s2199,Movie,Thrillers
s2200,Movie,Documentaries
s2201,Movie,Documentaries
s2202,TV Show,Docuseries
s2203,Movie,Comedies
s2203,Movie,Dramas
s2203,Movie,Independent Movies
s2204,TV Show,TV Comedies
s2204,TV Show,TV Dramas
s2205,Movie,Comedies
s2205,Movie,International Movies
s2206,Movie,Action & Adventure
s2206,Movie,International Movies
s2207,Movie,Dramas
s2207,Movie,Independent Movies
s2207,Movie,International Movies
s2208,Movie,Children & Family Movies
s2208,Movie,Comedies
s2209,Movie,Children & Family Movies
s2209,Movie,Comedies
s2210,Movie,Dramas
s2210,Movie,International Movies
s2211,Movie,International Movies
s2211,Movie,Thrillers
s2212,Movie,Dramas
s2212,Movie,International Movies
s2212,Movie,Romantic Movies
s2213,TV Show,International TV Shows
s2213,TV Show,Reality TV
s2213,TV Show,Spanish-Language TV Shows
s2214,Movie,Comedies
s2214,Movie,Romantic Movies
s2215,TV Show,Docuseries
s2216,Movie,Children & Family Movies
s2216,Movie,Comedies
s2217,Movie,Dramas
s2217,Movie,International Movies
s2218,TV Show,Crime TV Shows
s2218,TV Show,Docuseries
s2219,TV Show,International TV Shows
s2219,TV Show,TV Comedies
s2220,Movie,Documentaries
s2220,Movie,Music & Musicals
s2221,Movie,Action & Adventure
s2221,Movie,Dramas
s2221,Movie,International Movies
s2222,Movie,Stand-Up Comedy
s2223,TV Show,Docuseries
s2223,TV Show,Spanish-Language TV Shows
s2224,TV Show,British TV Shows
s2224,TV Show,Crime TV Shows
s2224,TV Show,Docuseries
s2225,Movie,Dramas
s2225,Movie,International Movies
s2226,TV Show,Kids' TV
s2227,TV Show,Reality TV
s2227,TV Show,Romantic TV Shows
s2228,TV Show,TV Action & Adventure
s2228,TV Show,TV Dramas
s2228,TV Show,TV Sci-Fi & Fantasy
s2229,Movie,Documentaries
s2230,TV Show,Crime TV Shows
s2230,TV Show,TV Dramas
s2231,TV Show,International TV Shows
s2231,TV Show,TV Dramas
s2231,TV Show,TV Mysteries
s2232,Movie,Comedies
s2232,Movie,International Movies
s2233,Movie,Thrillers
s2234,Movie,Comedies
s2234,Movie,International Movies
s2234,Movie,Romantic Movies
s2235,Movie,Dramas
s2235,Movie,International Movies
s2235,Movie,Romantic Movies
s2236,TV Show,Crime TV Shows
s2236,TV Show,International TV Shows
s2236,TV Show,Spanish-Language TV Shows
s2237,Movie,Children & Family Movies
s2237,Movie,Comedies
s2238,TV Show,Reality TV
s2238,TV Show,Science & Nature TV
s2239,TV Show,British TV Shows
s2239,TV Show,Kids' TV
s2239,TV Show,TV Comedies
s2240,Movie,Dramas
s2240,Movie,International Movies
s2240,Movie,Thrillers
s2241,Movie,Comedies
s2241,Movie,International Movies
s2242,TV Show,Docuseries
s2243,Movie,Stand-Up Comedy
s2244,Movie,Documentaries
s2244,Movie,International Movies
s2244,Movie,Music & Musicals
s2245,Movie,Dramas
s2245,Movie,International Movies
s2246,TV Show,International TV Shows
s2246,TV Show,Reality TV
s2246,TV Show,Romantic TV Shows
s2247,TV Show,Docuseries
s2247,TV Show,Reality TV
s2247,TV Show,Science & Nature TV
s2248,Movie,Comedies
s2248,Movie,International Movies
s2249,Movie,Documentaries
s2250,TV Show,Kids' TV
s2250,TV Show,TV Action & Adventure
s2250,TV Show,TV Comedies
s2251,Movie,Action & Adventure
s2252,TV Show,Crime TV Shows
s2252,TV Show,International TV Shows
s2252,TV Show,TV Dramas
s2253,Movie,Comedies
s2253,Movie,International Movies
s2254,TV Show,Anime Series
s2254,TV Show,International TV Shows
s2255,TV Show,International TV Shows
s2255,TV Show,Romantic TV Shows
s2255,TV Show,TV Action & Adventure
s2256,TV Show,International TV Shows
s2256,TV Show,Korean TV Shows
s2256,TV Show,Romantic TV Shows
s2257,Movie,Documentaries
s2257,Movie,Sports Movies
s2258,Movie,Documentaries
s2258,Movie,LGBTQ Movies
s2259,TV Show,International TV Shows
s2259,TV Show,TV Dramas
s2260,Movie,Comedies
s2260,Movie,Independent Movies
s2261,Movie,Children & Family Movies
s2262,Movie,Stand-Up Comedy
s2263,Movie,Documentaries
s2263,Movie,Sports Movies
s2264,Movie,International Movies
s2264,Movie,Music & Musicals
s2265,Movie,Comedies
s2265,Movie,International Movies
s2265,Movie,Music & Musicals
s2266,Movie,Action & Adventure
s2266,Movie,Comedies
s2266,Movie,Dramas
s2267,Movie,Dramas
s2267,Movie,International Movies
s2267,Movie,Romantic Movies
s2268,Movie,Dramas
s2268,Movie,International Movies
s2269,Movie,Action & Adventure
s2269,Movie,Comedies
s2269,Movie,Dramas
s2270,Movie,Dramas
s2270,Movie,Independent Movies
s2270,Movie,International Movies
s2271,Movie,Comedies
s2271,Movie,International Movies
s2271,Movie,Music & Musicals
s2272,Movie,Comedies
s2272,Movie,Dramas
s2272,Movie,International Movies
s2273,Movie,Dramas
s2273,Movie,International Movies
s2273,Movie,Thrillers
s2274,Movie,Action & Adventure
s2274,Movie,Dramas
s2274,Movie,International Movies
s2275,Movie,Action & Adventure
s2275,Movie,Comedies
s2275,Movie,International Movies
s2276,TV Show,International TV Shows
s2276,TV Show,Romantic TV Shows
s2276,TV Show,TV Comedies
s2277,Movie,Dramas
s2277,Movie,International Movies
s2277,Movie,Romantic Movies
s2278,Movie,Dramas
s2278,Movie,International Movies
s2278,Movie,Thrillers
s2279,Movie,Dramas
s2279,Movie,International Movies
s2279,Movie,Sports Movies
s2280,Movie,Dramas
s2280,Movie,Independent Movies
s2280,Movie,International Movies
s2281,Movie,Comedies
s2281,Movie,International Movies
s2281,Movie,Romantic Movies
s2282,Movie,Comedies
s2282,Movie,Dramas
s2282,Movie,International Movies
s2283,Movie,Comedies
s2283,Movie,Dramas
s2283,Movie,International Movies
s2284,Movie,Dramas
s2284,Movie,Independent Movies
s2284,Movie,Romantic Movies
s2285,Movie,Dramas
s2285,Movie,Independent Movies
s2285,Movie,International Movies
s2286,Movie,Action & Adventure
s2286,Movie,International Movies
s2287,Movie,Comedies
s2287,Movie,Dramas
s2287,Movie,International Movies
s2288,Movie,Comedies
s2288,Movie,Dramas
s2288,Movie,International Movies
s2289,Movie,Action & Adventure
s2289,Movie,Dramas
s2289,Movie,Independent Movies
s2290,Movie,Dramas
s2290,Movie,International Movies
s2290,Movie,Thrillers
s2291,Movie,Comedies
s2291,Movie,Dramas
s2291,Movie,International Movies
s2292,Movie,Comedies
s2292,Movie,International Movies
s2293,TV Show,Kids' TV
s2293,TV Show,TV Comedies
s2294,TV Show,International TV Shows
s2294,TV Show,Romantic TV Shows
s2294,TV Show,Spanish-Language TV Shows
s2295,Movie,Comedies
s2295,Movie,Romantic Movies
s2296,Movie,Dramas
s2296,Movie,International Movies
s2297,Movie,Documentaries
s2298,TV Show,International TV Shows
s2298,TV Show,TV Horror
s2298,TV Show,TV Mysteries
s2299,TV Show,Reality TV
s2300,TV Show,Kids' TV
s2300,TV Show,TV Dramas
s2301,Movie,Comedies
s2301,Movie,Dramas
s2301,Movie,International Movies
s2302,TV Show,Reality TV
s2303,Movie,Stand-Up Comedy
s2304,TV Show,TV Action & Adventure
s2304,TV Show,TV Mysteries
s2304,TV Show,TV Sci-Fi & Fantasy
s2305,Movie,Documentaries
s2305,Movie,International Movies
s2306,TV Show,British TV Shows
s2306,TV Show,Reality TV
s2307,TV Show,International TV Shows
s2307,TV Show,TV Dramas
s2308,TV Show,Kids' TV
s2309,Movie,Dramas
s2309,Movie,International Movies
s2310,Movie,Action & Adventure
s2310,Movie,Comedies
s2310,Movie,International Movies
s2311,Movie,Documentaries
s2311,Movie,Music & Musicals
s2312,Movie,Thrillers
s2313,Movie,Comedies
s2313,Movie,International Movies
s2314,TV Show,Reality TV
s2314,TV Show,Romantic TV Shows
s2315,Movie,Action & Adventure
s2315,Movie,International Movies
s2315,Movie,Romantic Movies
s2316,Movie,Comedies
s2317,Movie,Documentaries
s2317,Movie,International Movies
s2318,Movie,Action & Adventure
s2318,Movie,Sci-Fi & Fantasy
s2319,TV Show,Kids' TV
s2320,Movie,Comedies
s2320,Movie,International Movies
s2320,Movie,Romantic Movies
s2321,TV Show,Anime Series
s2321,TV Show,International TV Shows
s2322,Movie,Stand-Up Comedy
s2323,TV Show,International TV Shows
s2323,TV Show,TV Dramas
s2324,Movie,Action & Adventure
s2324,Movie,Dramas
s2324,Movie,International Movies
s2325,Movie,Dramas
s2325,Movie,International Movies
s2325,Movie,Romantic Movies
s2326,Movie,Documentaries
s2326,Movie,International Movies
s2327,Movie,Dramas
s2327,Movie,International Movies
s2328,TV Show,Crime TV Shows
s2328,TV Show,International TV Shows
s2328,TV Show,TV Dramas
s2329,Movie,Children & Family Movies
s2329,Movie,Dramas
s2329,Movie,Independent Movies
s2330,TV Show,International TV Shows
s2330,TV Show,Romantic TV Shows
s2330,TV Show,Spanish-Language TV Shows
s2331,Movie,Comedies
s2331,Movie,Music & Musicals
s2331,Movie,Romantic Movies
s2332,TV Show,Docuseries
s2333,Movie,Comedies
s2333,Movie,International Movies
s2333,Movie,Romantic Movies
s2334,Movie,Dramas
s2334,Movie,Independent Movies
s2334,Movie,International Movies
s2335,Movie,Dramas
s2335,Movie,International Movies
s2335,Movie,Romantic Movies
s2336,Movie,Dramas
s2336,Movie,International Movies
s2336,Movie,Romantic Movies
s2337,Movie,Dramas
s2337,Movie,International Movies
s2338,TV Show,International TV Shows
s2338,TV Show,Korean TV Shows
s2338,TV Show,Reality TV
s2339,Movie,International Movies
s2339,Movie,Romantic Movies
s2340,Movie,Action & Adventure
s2340,Movie,Dramas
s2340,Movie,International Movies
s2341,Movie,Dramas
s2341,Movie,International Movies
s2341,Movie,Romantic Movies
s2342,Movie,Documentaries
s2342,Movie,Sports Movies
s2343,Movie,Horror Movies
s2343,Movie,International Movies
s2344,TV Show,British TV Shows
s2344,TV Show,International TV Shows
s2344,TV Show,Reality TV
s2345,Movie,Dramas
s2345,Movie,Independent Movies
s2345,Movie,International Movies
s2346,Movie,Stand-Up Comedy
s2347,TV Show,Classic & Cult TV
s2347,TV Show,TV Dramas
s2347,TV Show,TV Sci-Fi & Fantasy
s2348,Movie,Dramas
s2348,Movie,Independent Movies
s2348,Movie,International Movies
s2349,Movie,Comedies
s2349,Movie,International Movies
s2349,Movie,Romantic Movies
s2350,TV Show,International TV Shows
s2350,TV Show,Korean TV Shows
s2350,TV Show,Romantic TV Shows
s2351,Movie,Dramas
s2351,Movie,Independent Movies
s2351,Movie,Thrillers
s2352,Movie,Dramas
s2352,Movie,International Movies
s2353,TV Show,Docuseries
s2353,TV Show,Science & Nature TV
s2354,Movie,Comedies
s2354,Movie,Dramas
s2354,Movie,International Movies
s2355,Movie,Dramas
s2355,Movie,International Movies
s2356,Movie,Documentaries
s2356,Movie,LGBTQ Movies
s2357,Movie,Children & Family Movies
s2357,Movie,Comedies
s2357,Movie,Dramas
s2358,TV Show,Reality TV
s2359,Movie,Action & Adventure
s2359,Movie,Dramas
s2359,Movie,International Movies
s2360,TV Show,International TV Shows
s2360,TV Show,Romantic TV Shows
s2360,TV Show,TV Dramas
s2361,Movie,Dramas
s2361,Movie,International Movies
s2361,Movie,Romantic Movies
s2362,Movie,Dramas
s2362,Movie,International Movies
s2363,TV Show,TV Comedies
s2363,TV Show,TV Dramas
s2363,TV Show,Teen TV Shows
s2364,Movie,Dramas
s2364,Movie,International Movies
s2364,Movie,Thrillers
s2365,Movie,Anime Features
s2365,Movie,Children & Family Movies
s2365,Movie,International Movies
s2366,Movie,Classic Movies
s2366,Movie,Dramas
s2366,Movie,International Movies
s2367,Movie,Classic Movies
s2367,Movie,Dramas
s2367,Movie,International Movies
s2368,Movie,Classic Movies
s2368,Movie,Dramas
s2368,Movie,Independent Movies
s2369,Movie,Classic Movies
s2369,Movie,Dramas
s2369,Movie,International Movies
s2370,Movie,Classic Movies
s2370,Movie,Dramas
s2370,Movie,International Movies
s2371,Movie,Documentaries
s2371,Movie,International Movies
s2371,Movie,Sports Movies
s2372,Movie,Comedies
s2372,Movie,International Movies
s2373,Movie,Documentaries
s2373,Movie,International Movies
s2373,Movie,Music & Musicals
s2374,Movie,Action & Adventure
s2374,Movie,Classic Movies
s2374,Movie,Dramas
s2375,Movie,Dramas
s2375,Movie,International Movies
s2375,Movie,Romantic Movies
s2376,Movie,Classic Movies
s2376,Movie,Dramas
s2376,Movie,International Movies
s2377,Movie,Classic Movies
s2377,Movie,Dramas
s2377,Movie,International Movies
s2378,Movie,Children & Family Movies
s2378,Movie,Comedies
s2379,TV Show,International TV Shows
s2379,TV Show,TV Dramas
s2379,TV Show,TV Horror
s2380,Movie,Comedies
s2380,Movie,Independent Movies
s2381,Movie,Children & Family Movies
s2381,Movie,Dramas
s2381,Movie,Faith & Spirituality
s2382,Movie,Dramas
s2382,Movie,International Movies
s2383,Movie,Horror Movies
s2383,Movie,Thrillers
s2384,TV Show,Reality TV
s2385,Movie,Documentaries
s2385,Movie,Music & Musicals
s2386,Movie,Children & Family Movies
s2386,Movie,Sports Movies
s2387,Movie,Action & Adventure
s2387,Movie,Dramas
s2387,Movie,International Movies
s2388,Movie,Dramas
s2388,Movie,International Movies
s2388,Movie,Thrillers
s2389,TV Show,Kids' TV
s2389,TV Show,TV Comedies
s2390,Movie,Dramas
s2390,Movie,International Movies
s2391,TV Show,Crime TV Shows
s2391,TV Show,TV Dramas
s2391,TV Show,TV Mysteries
s2392,Movie,Dramas
s2392,Movie,International Movies
s2392,Movie,Romantic Movies
s2393,Movie,Comedies
s2393,Movie,Dramas
s2393,Movie,Independent Movies
s2394,Movie,Action & Adventure
s2394,Movie,Dramas
s2395,TV Show,Reality TV
s2395,TV Show,Romantic TV Shows
s2396,TV Show,TV Comedies
s2397,TV Show,International TV Shows
s2397,TV Show,Stand-Up Comedy & Talk Shows
s2398,Movie,Stand-Up Comedy
s2399,Movie,Anime Features
s2399,Movie,Children & Family Movies
s2400,TV Show,Anime Series
s2401,TV Show,Crime TV Shows
s2401,TV Show,International TV Shows
s2401,TV Show,Spanish-Language TV Shows
s2402,TV Show,Crime TV Shows
s2402,TV Show,International TV Shows
s2402,TV Show,TV Dramas
s2403,Movie,Comedies
s2403,Movie,Dramas
s2403,Movie,International Movies
s2404,Movie,Comedies
s2404,Movie,International Movies
s2405,TV Show,International TV Shows
s2405,TV Show,TV Dramas
s2405,TV Show,TV Horror
s2406,TV Show,TV Action & Adventure
s2406,TV Show,TV Sci-Fi & Fantasy
s2407,TV Show,Docuseries
s2407,TV Show,Reality TV
s2407,TV Show,Science & Nature TV
s2408,Movie,Comedies
s2408,Movie,Dramas
s2408,Movie,Independent Movies
s2409,TV Show,Crime TV Shows
s2409,TV Show,International TV Shows
s2409,TV Show,Korean TV Shows
s2410,TV Show,International TV Shows
s2410,TV Show,TV Horror
s2410,TV Show,TV Mysteries
s2411,Movie,Action & Adventure
s2411,Movie,International Movies
s2411,Movie,Sci-Fi & Fantasy
s2412,Movie,Dramas
s2412,Movie,Romantic Movies
s2413,Movie,Dramas
s2413,Movie,International Movies
s2413,Movie,Romantic Movies
s2414,Movie,International Movies
s2414,Movie,Thrillers
s2415,Movie,Dramas
s2415,Movie,Independent Movies
s2415,Movie,International Movies
s2416,TV Show,Crime TV Shows
s2416,TV Show,TV Action & Adventure
s2416,TV Show,TV Dramas
s2417,Movie,Dramas
s2417,Movie,Independent Movies
s2418,TV Show,Crime TV Shows
s2418,TV Show,TV Dramas
s2418,TV Show,TV Mysteries
s2419,Movie,Dramas
s2419,Movie,International Movies
s2420,Movie,Comedies
s2420,Movie,Romantic Movies
s2421,Movie,Dramas
s2421,Movie,International Movies
s2422,Movie,Comedies
s2422,Movie,International Movies
s2423,TV Show,Reality TV
s2424,TV Show,Classic & Cult TV
s2424,TV Show,TV Action & Adventure
s2424,TV Show,TV Horror
s2425,Movie,Action & Adventure
s2425,Movie,Dramas
s2425,Movie,Independent Movies
s2426,Movie,Dramas
s2426,Movie,International Movies
s2426,Movie,Romantic Movies
s2427,TV Show,Anime Series
s2427,TV Show,International TV Shows
s2428,Movie,Dramas
s2428,Movie,International Movies
s2428,Movie,Romantic Movies
s2429,Movie,Comedies
s2429,Movie,International Movies
s2430,Movie,Comedies
s2430,Movie,International Movies
s2430,Movie,Romantic Movies
s2431,Movie,Comedies
s2431,Movie,Dramas
s2431,Movie,Independent Movies
s2432,Movie,Children & Family Movies
s2432,Movie,Documentaries
s2433,TV Show,Reality TV
s2434,Movie,Comedies
s2434,Movie,International Movies
s2435,Movie,Comedies
s2435,Movie,Dramas
s2435,Movie,International Movies
s2436,Movie,Comedies
s2436,Movie,International Movies
s2437,Movie,Comedies
s2437,Movie,International Movies
s2437,Movie,Romantic Movies
s2438,Movie,Comedies
s2438,Movie,Dramas
s2438,Movie,International Movies
s2439,Movie,Dramas
s2439,Movie,International Movies
s2440,Movie,Action & Adventure
s2440,Movie,Comedies
s2440,Movie,International Movies
s2441,Movie,Children & Family Movies
s2442,Movie,Comedies
s2442,Movie,Dramas
s2442,Movie,International Movies
s2443,Movie,Comedies
s2443,Movie,International Movies
s2443,Movie,Romantic Movies
s2444,Movie,Horror Movies
s2444,Movie,International Movies
s2445,TV Show,Anime Series
s2445,TV Show,International TV Shows
s2446,Movie,Comedies
s2446,Movie,Dramas
s2446,Movie,Independent Movies
s2447,Movie,Comedies
s2447,Movie,International Movies
s2447,Movie,Romantic Movies
s2448,TV Show,International TV Shows
s2448,TV Show,Korean TV Shows
s2448,TV Show,TV Dramas
s2449,Movie,Comedies
s2449,Movie,International Movies
s2450,TV Show,Anime Series
s2450,TV Show,International TV Shows
s2451,TV Show,International TV Shows
s2451,TV Show,TV Dramas
s2452,Movie,Action & Adventure
s2452,Movie,Anime Features
s2452,Movie,Children & Family Movies
s2453,TV Show,International TV Shows
s2453,TV Show,Korean TV Shows
s2453,TV Show,Romantic TV Shows
s2454,TV Show,International TV Shows
s2454,TV Show,Korean TV Shows
s2454,TV Show,Romantic TV Shows
s2455,Movie,Comedies
s2455,Movie,Dramas
s2456,Movie,Dramas
s2457,Movie,Dramas
s2457,Movie,Music & Musicals
s2457,Movie,Romantic Movies
s2458,Movie,Comedies
s2458,Movie,Dramas
s2458,Movie,International Movies
s2459,Movie,Stand-Up Comedy
s2460,TV Show,TV Comedies
s2461,Movie,Dramas
s2461,Movie,International Movies
s2461,Movie,Romantic Movies
s2462,TV Show,TV Comedies
s2462,TV Show,TV Dramas
s2463,TV Show,Anime Series
s2463,TV Show,International TV Shows
s2464,Movie,Comedies
s2464,Movie,Horror Movies
s2464,Movie,International Movies
s2465,Movie,Comedies
s2465,Movie,Horror Movies
s2465,Movie,International Movies
s2466,Movie,Dramas
s2466,Movie,International Movies
s2466,Movie,Thrillers
s2467,TV Show,Kids' TV
s2467,TV Show,TV Comedies
s2468,Movie,Dramas
s2468,Movie,Independent Movies
s2468,Movie,International Movies
s2469,Movie,Stand-Up Comedy
s2470,Movie,Action & Adventure
s2470,Movie,Comedies
s2470,Movie,International Movies
s2471,TV Show,TV Action & Adventure
s2471,TV Show,TV Sci-Fi & Fantasy
s2472,Movie,Dramas
s2472,Movie,Thrillers
s2473,TV Show,International TV Shows
s2473,TV Show,TV Action & Adventure
s2473,TV Show,TV Horror
s2474,TV Show,TV Dramas
s2475,Movie,Dramas
s2475,Movie,International Movies
s2476,Movie,Dramas
s2476,Movie,International Movies
s2476,Movie,Music & Musicals
s2477,TV Show,British TV Shows
s2477,TV Show,Docuseries
s2477,TV Show,International TV Shows
s2478,Movie,Horror Movies
s2478,Movie,International Movies
s2478,Movie,Thrillers
s2479,Movie,Anime Features
s2479,Movie,Children & Family Movies
s2480,Movie,Action & Adventure
s2480,Movie,Comedies
s2480,Movie,Romantic Movies
s2481,TV Show,TV Comedies
s2482,Movie,Dramas
s2482,Movie,International Movies
s2482,Movie,Romantic Movies
s2483,Movie,Comedies
s2483,Movie,Dramas
s2483,Movie,International Movies
s2484,Movie,Comedies
s2484,Movie,International Movies
s2485,Movie,Comedies
s2485,Movie,International Movies
s2485,Movie,Romantic Movies
s2486,Movie,Comedies
s2486,Movie,International Movies
s2486,Movie,Romantic Movies
s2487,TV Show,International TV Shows
s2487,TV Show,Korean TV Shows
s2487,TV Show,TV Comedies
s2488,Movie,Comedies
s2488,Movie,Dramas
s2488,Movie,International Movies
s2489,Movie,Comedies
s2489,Movie,Dramas
s2489,Movie,International Movies
s2490,Movie,Comedies
s2490,Movie,International Movies
s2491,Movie,Comedies
s2491,Movie,International Movies
s2491,Movie,Romantic Movies
s2492,Movie,Comedies
s2492,Movie,Dramas
s2492,Movie,International Movies
s2493,Movie,Comedies
s2493,Movie,International Movies
s2494,Movie,Dramas
s2494,Movie,International Movies
s2495,Movie,Music & Musicals
s2496,TV Show,Docuseries
s2496,TV Show,International TV Shows
s2496,TV Show,Spanish-Language TV Shows
s2497,Movie,Dramas
s2497,Movie,Independent Movies
s2498,Movie,Dramas
s2498,Movie,Independent Movies
s2498,Movie,Romantic Movies
s2499,Movie,Comedies
s2499,Movie,International Movies
s2500,TV Show,International TV Shows
s2500,TV Show,Spanish-Language TV Shows
s2500,TV Show,TV Dramas
s2501,Movie,Comedies
s2501,Movie,Dramas
s2501,Movie,Independent Movies
s2502,Movie,Comedies
s2502,Movie,International Movies
s2503,Movie,Action & Adventure
s2503,Movie,International Movies
s2504,Movie,Comedies
s2504,Movie,International Movies
s2504,Movie,Romantic Movies
s2505,Movie,Comedies
s2505,Movie,International Movies
s2506,Movie,Comedies
s2506,Movie,International Movies
s2507,Movie,Comedies
s2507,Movie,International Movies
s2508,TV Show,Stand-Up Comedy & Talk Shows
s2508,TV Show,TV Comedies
s2509,TV Show,Romantic TV Shows
s2509,TV Show,TV Dramas
s2510,Movie,Comedies
s2510,Movie,International Movies
s2510,Movie,Romantic Movies
s2511,Movie,Comedies
s2511,Movie,International Movies
s2512,Movie,Dramas
s2512,Movie,Independent Movies
s2512,Movie,International Movies
s2513,Movie,Comedies
s2513,Movie,International Movies
s2513,Movie,Romantic Movies
s2514,Movie,Dramas
s2514,Movie,International Movies
s2515,TV Show,British TV Shows
s2515,TV Show,International TV Shows
s2515,TV Show,Reality TV
s2516,TV Show,Stand-Up Comedy & Talk Shows
s2516,TV Show,TV Comedies
s2517,Movie,Action & Adventure
s2517,Movie,Comedies
s2517,Movie,International Movies
s2518,TV Show,International TV Shows
s2518,TV Show,Korean TV Shows
s2518,TV Show,Romantic TV Shows
s2519,TV Show,International TV Shows
s2519,TV Show,Korean TV Shows
s2519,TV Show,TV Action & Adventure
s2520,TV Show,Classic & Cult TV
s2520,TV Show,Kids' TV
s2520,TV Show,TV Action & Adventure
s2521,Movie,Dramas
s2521,Movie,International Movies
s2522,Movie,Comedies
s2522,Movie,International Movies
s2522,Movie,Romantic Movies
s2523,TV Show,Crime TV Shows
s2523,TV Show,International TV Shows
s2523,TV Show,TV Dramas
s2524,TV Show,TV Dramas
s2525,TV Show,Reality TV
s2525,TV Show,TV Comedies
s2526,TV Show,Anime Series
s2526,TV Show,International TV Shows
s2526,TV Show,TV Horror
s2527,TV Show,Kids' TV
s2527,TV Show,TV Action & Adventure
s2527,TV Show,TV Sci-Fi & Fantasy
s2528,TV Show,Crime TV Shows
s2528,TV Show,International TV Shows
s2528,TV Show,TV Dramas
s2529,TV Show,International TV Shows
s2529,TV Show,Korean TV Shows
s2529,TV Show,TV Horror
s2530,TV Show,Kids' TV
s2531,TV Show,British TV Shows
s2531,TV Show,Crime TV Shows
s2531,TV Show,International TV Shows
s2532,Movie,Dramas
s2532,Movie,International Movies
s2532,Movie,Romantic Movies
s2533,Movie,Dramas
s2533,Movie,International Movies
s2533,Movie,Romantic Movies
s2534,Movie,Children & Family Movies
s2534,Movie,Dramas
s2534,Movie,International Movies
s2535,Movie,Action & Adventure
s2535,Movie,International Movies
s2535,Movie,Romantic Movies
s2536,Movie,Dramas
s2536,Movie,International Movies
s2537,Movie,Dramas
s2537,Movie,Independent Movies
s2537,Movie,International Movies
s2538,Movie,International Movies
s2538,Movie,Thrillers
s2539,Movie,Comedies
s2539,Movie,Dramas
s2539,Movie,International Movies
s2540,Movie,Documentaries
s2540,Movie,International Movies
s2541,Movie,Comedies
s2541,Movie,Romantic Movies
s2542,Movie,Dramas
s2542,Movie,International Movies
s2542,Movie,Romantic Movies
s2543,TV Show,Kids' TV
s2544,Movie,Comedies
s2545,Movie,Children & Family Movies
s2545,Movie,Comedies
s2545,Movie,International Movies
s2546,Movie,Action & Adventure
s2546,Movie,Comedies
s2546,Movie,Cult Movies
s2547,TV Show,Crime TV Shows
s2547,TV Show,International TV Shows
s2547,TV Show,TV Dramas
s2548,Movie,Documentaries
s2549,TV Show,Crime TV Shows
s2549,TV Show,Docuseries
s2550,Movie,Dramas
s2550,Movie,Thrillers
s2551,Movie,Dramas
s2551,Movie,Independent Movies
s2551,Movie,International Movies
s2552,TV Show,TV Comedies
s2552,TV Show,TV Dramas
s2553,TV Show,International TV Shows
s2553,TV Show,Reality TV
s2554,TV Show,International TV Shows
s2554,TV Show,TV Dramas
s2555,TV Show,Kids' TV
s2555,TV Show,TV Thrillers
s2556,Movie,International Movies
s2556,Movie,Sci-Fi & Fantasy
s2557,Movie,International Movies
s2557,Movie,Sci-Fi & Fantasy
s2557,Movie,Thrillers
s2558,TV Show,International TV Shows
s2558,TV Show,TV Action & Adventure
s2558,TV Show,TV Comedies
s2559,Movie,Dramas
s2559,Movie,International Movies
s2560,Movie,Documentaries
s2561,Movie,Comedies
s2561,Movie,International Movies
s2561,Movie,Romantic Movies
s2562,Movie,Stand-Up Comedy
s2563,Movie,Children & Family Movies
s2563,Movie,Comedies
s2564,Movie,Children & Family Movies
s2564,Movie,Comedies
s2564,Movie,Music & Musicals
s2565,Movie,Dramas
s2565,Movie,International Movies
s2566,TV Show,International TV Shows
s2566,TV Show,Spanish-Language TV Shows
s2566,TV Show,TV Comedies
s2567,Movie,Dramas
s2567,Movie,Sports Movies
s2568,Movie,Comedies
s2568,Movie,International Movies
s2569,TV Show,Docuseries
s2570,TV Show,Reality TV
s2571,Movie,Dramas
s2571,Movie,Sports Movies
s2572,Movie,Stand-Up Comedy
s2573,Movie,Children & Family Movies
s2573,Movie,Dramas
s2573,Movie,Romantic Movies
s2574,Movie,Dramas
s2574,Movie,Independent Movies
s2574,Movie,Thrillers
s2575,TV Show,Docuseries
s2575,TV Show,Science & Nature TV
s2576,TV Show,Docuseries
s2577,Movie,Dramas
s2577,Movie,Independent Movies
s2578,Movie,Documentaries
s2579,Movie,International Movies
s2579,Movie,Thrillers
s2580,Movie,Children & Family Movies
s2581,TV Show,TV Dramas
s2582,Movie,Documentaries
s2582,Movie,LGBTQ Movies
s2583,Movie,Children & Family Movies
s2583,Movie,Comedies
s2584,TV Show,Kids' TV
s2585,Movie,Comedies
s2585,Movie,Dramas
s2585,Movie,International Movies
s2586,TV Show,International TV Shows
s2586,TV Show,TV Dramas
s2587,TV Show,Anime Series
s2587,TV Show,Romantic TV Shows
s2588,Movie,International Movies
s2588,Movie,Thrillers
s2589,TV Show,Kids' TV
s2589,TV Show,TV Comedies
s2590,Movie,Horror Movies
s2590,Movie,International Movies
s2590,Movie,Thrillers
s2591,TV Show,Crime TV Shows
s2591,TV Show,TV Dramas
s2591,TV Show,TV Mysteries
s2592,Movie,Comedies
s2592,Movie,Dramas
s2592,Movie,LGBTQ Movies
s2593,Movie,Comedies
s2593,Movie,Romantic Movies
s2594,Movie,Children & Family Movies
s2595,Movie,Children & Family Movies
s2596,Movie,Children & Family Movies
s2597,Movie,Children & Family Movies
s2597,Movie,Comedies
s2598,Movie,Thrillers
s2599,TV Show,Anime Series
s2599,TV Show,International TV Shows
s2600,TV Show,Crime TV Shows
s2600,TV Show,International TV Shows
s2600,TV Show,Spanish-Language TV Shows
s2601,TV Show,TV Dramas
s2601,TV Show,TV Sci-Fi & Fantasy
s2602,Movie,Comedies
s2602,Movie,International Movies
s2602,Movie,Romantic Movies
s2603,TV Show,Crime TV Shows
s2603,TV Show,International TV Shows
s2603,TV Show,TV Dramas
s2604,TV Show,Crime TV Shows
s2604,TV Show,International TV Shows
s2604,TV Show,TV Dramas
s2605,Movie,Documentaries
s2605,Movie,LGBTQ Movies
s2606,Movie,Dramas
s2606,Movie,International Movies
s2607,TV Show,Crime TV Shows
s2607,TV Show,International TV Shows
s2607,TV Show,Korean TV Shows
s2608,Movie,Comedies
s2608,Movie,Dramas
s2608,Movie,International Movies
s2609,Movie,Documentaries
s2610,TV Show,British TV Shows
s2610,TV Show,International TV Shows
s2610,TV Show,Reality TV
s2611,Movie,Action & Adventure
s2611,Movie,Comedies
s2611,Movie,Dramas
s2612,TV Show,International TV Shows
s2612,TV Show,TV Dramas
s2613,Movie,Comedies
s2613,Movie,Dramas
s2613,Movie,International Movies
s2614,Movie,Action & Adventure
s2614,Movie,Comedies
s2614,Movie,International Movies
s2615,Movie,Comedies
s2615,Movie,International Movies
s2616,Movie,Comedies
s2616,Movie,Dramas
s2616,Movie,International Movies
s2617,Movie,Comedies
s2617,Movie,International Movies
s2617,Movie,Music & Musicals
s2618,Movie,Dramas
s2618,Movie,Independent Movies
s2618,Movie,International Movies
s2619,Movie,Comedies
s2619,Movie,International Movies
s2620,Movie,Comedies
s2620,Movie,International Movies
s2621,Movie,Comedies
s2621,Movie,International Movies
s2622,Movie,Action & Adventure
s2622,Movie,Comedies
s2622,Movie,International Movies
s2623,Movie,Dramas
s2623,Movie,Faith & Spirituality
s2624,Movie,Action & Adventure
s2624,Movie,Comedies
s2624,Movie,International Movies
s2625,Movie,Comedies
s2625,Movie,International Movies
s2626,Movie,Dramas
s2626,Movie,International Movies
s2626,Movie,Romantic Movies
s2627,Movie,Dramas
s2627,Movie,Independent Movies
s2627,Movie,International Movies
s2628,TV Show,Docuseries
s2628,TV Show,Science & Nature TV
s2629,TV Show,British TV Shows
s2629,TV Show,International TV Shows
s2629,TV Show,TV Action & Adventure
s2630,Movie,Action & Adventure
s2630,Movie,Comedies
s2630,Movie,International Movies
s2631,Movie,Comedies
s2631,Movie,Dramas
s2631,Movie,International Movies
s2632,TV Show,International TV Shows
s2632,TV Show,Korean TV Shows
s2632,TV Show,Romantic TV Shows
s2633,Movie,Documentaries
s2633,Movie,Music & Musicals
s2634,Movie,Comedies
s2634,Movie,International Movies
s2635,Movie,Comedies
s2635,Movie,Dramas
s2635,Movie,Independent Movies
s2636,Movie,Action & Adventure
s2636,Movie,International Movies
s2637,Movie,Dramas
s2637,Movie,International Movies
s2637,Movie,Sports Movies
s2638,Movie,Dramas
s2638,Movie,International Movies
s2639,Movie,Comedies
s2639,Movie,Dramas
s2639,Movie,International Movies
s2640,TV Show,International TV Shows
s2640,TV Show,TV Dramas
s2641,TV Show,British TV Shows
s2641,TV Show,International TV Shows
s2641,TV Show,TV Comedies
s2642,TV Show,Kids' TV
s2642,TV Show,TV Comedies
s2643,Movie,International Movies
s2643,Movie,Thrillers
s2644,TV Show,International TV Shows
s2644,TV Show,TV Dramas
s2644,TV Show,Teen TV Shows
s2645,Movie,Stand-Up Comedy
s2646,TV Show,Anime Series
s2646,TV Show,Crime TV Shows
s2646,TV Show,International TV Shows
s2647,Movie,Comedies
s2647,Movie,International Movies
s2648,Movie,Comedies
s2648,Movie,International Movies
s2649,TV Show,International TV Shows
s2649,TV Show,Spanish-Language TV Shows
s2649,TV Show,TV Comedies
s2650,Movie,Dramas
s2650,Movie,International Movies
s2651,Movie,International Movies
s2651,Movie,Thrillers
s2652,TV Show,Docuseries
s2652,TV Show,Science & Nature TV
s2652,TV Show,TV Comedies
s2653,Movie,Documentaries
s2653,Movie,LGBTQ Movies
s2654,Movie,International Movies
s2654,Movie,Thrillers
s2655,Movie,Dramas
s2655,Movie,International Movies
s2656,Movie,International Movies
s2656,Movie,Thrillers
s2657,Movie,Children & Family Movies
s2657,Movie,Comedies
s2658,TV Show,British TV Shows
s2658,TV Show,International TV Shows
s2658,TV Show,Reality TV
s2659,TV Show,Anime Series
s2659,TV Show,International TV Shows
s2660,TV Show,TV Comedies
s2661,TV Show,Crime TV Shows
s2661,TV Show,International TV Shows
s2661,TV Show,Spanish-Language TV Shows
s2662,TV Show,Reality TV
s2663,TV Show,TV Comedies
s2664,Movie,Comedies
s2664,Movie,Dramas
s2664,Movie,International Movies
s2665,TV Show,Kids' TV
s2666,TV Show,Crime TV Shows
s2666,TV Show,International TV Shows
s2666,TV Show,Korean TV Shows
s2667,TV Show,TV Comedies
s2668,Movie,Comedies
s2668,Movie,International Movies
s2669,Movie,Dramas
s2669,Movie,International Movies
s2669,Movie,Thrillers
s2670,TV Show,Crime TV Shows
s2670,TV Show,International TV Shows
s2670,TV Show,Spanish-Language TV Shows
s2671,TV Show,Crime TV Shows
s2671,TV Show,International TV Shows
s2671,TV Show,TV Comedies
s2672,Movie,Dramas
s2672,Movie,International Movies
s2673,Movie,Dramas
s2673,Movie,Independent Movies
s2674,Movie,International Movies
s2674,Movie,Thrillers
s2675,Movie,Comedies
s2675,Movie,Dramas
s2675,Movie,International Movies
s2676,TV Show,International TV Shows
s2676,TV Show,Stand-Up Comedy & Talk Shows
s2676,TV Show,TV Comedies
s2677,TV Show,Crime TV Shows
s2677,TV Show,International TV Shows
s2677,TV Show,TV Action & Adventure
s2678,Movie,Comedies
s2679,Movie,Children & Family Movies
s2679,Movie,Dramas
s2679,Movie,Music & Musicals
s2680,Movie,Stand-Up Comedy
s2681,Movie,Comedies
s2682,Movie,Children & Family Movies
s2682,Movie,Comedies
s2682,Movie,International Movies
s2683,Movie,Dramas
s2683,Movie,International Movies
s2683,Movie,Romantic Movies
s2684,Movie,Comedies
s2684,Movie,Dramas
s2684,Movie,Independent Movies
s2685,TV Show,Crime TV Shows
s2685,TV Show,Docuseries
s2686,Movie,Dramas
s2686,Movie,International Movies
s2686,Movie,Romantic Movies
s2687,Movie,Stand-Up Comedy
s2688,Movie,Dramas
s2688,Movie,International Movies
s2689,Movie,Comedies
s2689,Movie,Dramas
s2689,Movie,International Movies
s2690,Movie,Documentaries
s2691,Movie,Action & Adventure
s2691,Movie,Independent Movies
s2691,Movie,International Movies
s2692,TV Show,TV Comedies
s2693,Movie,Documentaries
s2693,Movie,International Movies
s2693,Movie,Music & Musicals
s2694,Movie,Comedies
s2694,Movie,International Movies
s2694,Movie,Romantic Movies
s2695,Movie,Comedies
s2695,Movie,Dramas
s2695,Movie,International Movies
s2696,Movie,Children & Family Movies
s2696,Movie,Comedies
s2696,Movie,Sports Movies
s2697,TV Show,Crime TV Shows
s2697,TV Show,International TV Shows
s2697,TV Show,TV Dramas
s2698,Movie,Dramas
s2699,TV Show,Anime Series
s2699,TV Show,International TV Shows
s2699,TV Show,Romantic TV Shows
s2700,TV Show,International TV Shows
s2700,TV Show,Reality TV
s2701,Movie,Comedies
s2701,Movie,Dramas
s2701,Movie,International Movies
s2702,Movie,Action & Adventure
s2702,Movie,Children & Family Movies
s2702,Movie,Sci-Fi & Fantasy
s2703,Movie,Stand-Up Comedy
s2704,Movie,Dramas
s2704,Movie,Independent Movies
s2705,Movie,Dramas
s2705,Movie,Independent Movies
s2706,Movie,Horror Movies
s2706,Movie,Independent Movies
s2706,Movie,Sci-Fi & Fantasy
s2707,Movie,Dramas
s2707,Movie,Independent Movies
s2707,Movie,Thrillers
s2708,Movie,Action & Adventure
s2709,TV Show,International TV Shows
s2709,TV Show,Spanish-Language TV Shows
s2709,TV Show,TV Dramas
s2710,Movie,Action & Adventure
s2710,Movie,Comedies
s2711,TV Show,TV Dramas
s2711,TV Show,TV Sci-Fi & Fantasy
s2711,TV Show,Teen TV Shows
s2712,Movie,Documentaries
s2712,Movie,International Movies
s2713,Movie,Comedies
s2713,Movie,Dramas
s2713,Movie,Independent Movies
s2714,Movie,Action & Adventure
s2714,Movie,Anime Features
s2714,Movie,International Movies
s2715,Movie,Anime Features
s2715,Movie,International Movies
s2715,Movie,Sci-Fi & Fantasy
s2716,Movie,Dramas
s2716,Movie,International Movies
s2717,Movie,Action & Adventure
s2717,Movie,Dramas
s2717,Movie,International Movies
s2718,Movie,Children & Family Movies
s2719,TV Show,TV Comedies
s2720,Movie,Stand-Up Comedy
s2721,Movie,Comedies
s2721,Movie,Dramas
s2721,Movie,International Movies
s2722,Movie,Action & Adventure
s2722,Movie,Dramas
s2722,Movie,International Movies
s2723,Movie,Comedies
s2723,Movie,Dramas
s2723,Movie,International Movies
s2724,Movie,Action & Adventure
s2724,Movie,Dramas
s2724,Movie,International Movies
s2725,Movie,Comedies
s2725,Movie,Dramas
s2725,Movie,International Movies
s2726,Movie,Action & Adventure
s2726,Movie,Dramas
s2726,Movie,International Movies
s2727,Movie,Comedies
s2727,Movie,Dramas
s2727,Movie,International Movies
s2728,TV Show,Crime TV Shows
s2728,TV Show,Docuseries
s2729,Movie,Comedies
s2729,Movie,International Movies
s2729,Movie,Romantic Movies
s2730,Movie,Horror Movies
s2730,Movie,International Movies
s2730,Movie,Thrillers
s2731,Movie,Dramas
s2731,Movie,International Movies
s2731,Movie,Romantic Movies
s2732,Movie,Dramas
s2732,Movie,International Movies
s2733,Movie,Comedies
s2733,Movie,Dramas
s2733,Movie,International Movies
s2734,Movie,Comedies
s2734,Movie,Dramas
s2734,Movie,International Movies
s2735,Movie,Comedies
s2735,Movie,Dramas
s2735,Movie,International Movies
s2736,Movie,Comedies
s2736,Movie,International Movies
s2736,Movie,Romantic Movies
s2737,TV Show,British TV Shows
s2737,TV Show,International TV Shows
s2737,TV Show,TV Comedies
s2738,Movie,Children & Family Movies
s2738,Movie,Sports Movies
s2739,Movie,Action & Adventure
s2739,Movie,Comedies
s2739,Movie,Dramas
s2740,TV Show,Anime Series
s2740,TV Show,Kids' TV
s2741,TV Show,Anime Series
s2742,Movie,Dramas
s2742,Movie,Independent Movies
s2742,Movie,International Movies
s2743,TV Show,British TV Shows
s2743,TV Show,Docuseries
s2743,TV Show,International TV Shows
s2744,TV Show,TV Comedies
s2745,Movie,Children & Family Movies
s2746,Movie,Dramas
s2746,Movie,Independent Movies
s2746,Movie,Music & Musicals
s2747,TV Show,British TV Shows
s2747,TV Show,International TV Shows
s2747,TV Show,TV Comedies
s2748,Movie,Comedies
s2748,Movie,Dramas
s2748,Movie,International Movies
s2749,TV Show,International TV Shows
s2749,TV Show,Romantic TV Shows
s2749,TV Show,TV Comedies
s2750,Movie,Horror Movies
s2750,Movie,Independent Movies
s2750,Movie,Sci-Fi & Fantasy
s2751,Movie,Children & Family Movies
s2752,TV Show,Kids' TV
s2752,TV Show,TV Comedies
s2752,TV Show,TV Dramas
s2753,TV Show,Kids' TV
s2754,Movie,Stand-Up Comedy
s2755,Movie,Children & Family Movies
s2755,Movie,Dramas
s2755,Movie,Sports Movies
s2756,Movie,Dramas
s2756,Movie,Independent Movies
s2756,Movie,Sports Movies
s2757,Movie,Dramas
s2757,Movie,Independent Movies
s2757,Movie,International Movies
s2758,Movie,Thrillers
s2759,Movie,Documentaries
s2759,Movie,Sports Movies
s2760,TV Show,Kids' TV
s2761,Movie,Comedies
s2761,Movie,Dramas
s2761,Movie,International Movies
s2762,TV Show,Crime TV Shows
s2762,TV Show,International TV Shows
s2762,TV Show,Korean TV Shows
s2763,Movie,Action & Adventure
s2764,Movie,Children & Family Movies
s2764,Movie,Comedies
s2765,TV Show,Crime TV Shows
s2765,TV Show,TV Action & Adventure
s2765,TV Show,TV Comedies
s2766,TV Show,International TV Shows
s2766,TV Show,Stand-Up Comedy & Talk Shows
s2766,TV Show,TV Comedies
s2767,Movie,Comedies
s2767,Movie,Dramas
s2767,Movie,International Movies
s2768,TV Show,Crime TV Shows
s2768,TV Show,TV Dramas
s2768,TV Show,TV Thrillers
s2769,Movie,Action & Adventure
s2769,Movie,International Movies
s2770,Movie,Documentaries
s2770,Movie,International Movies
s2771,Movie,Children & Family Movies
s2772,Movie,Dramas
s2772,Movie,Independent Movies
s2773,TV Show,International TV Shows
s2773,TV Show,Korean TV Shows
s2773,TV Show,Reality TV
s2774,Movie,Children & Family Movies
s2775,TV Show,Anime Series
s2775,TV Show,International TV Shows
s2776,Movie,Dramas
s2776,Movie,International Movies
s2776,Movie,Romantic Movies
s2777,Movie,Documentaries
s2777,Movie,International Movies
s2778,TV Show,International TV Shows
s2778,TV Show,TV Dramas
s2779,Movie,Children & Family Movies
s2779,Movie,Documentaries
s2779,Movie,Sports Movies
s2780,Movie,Documentaries
s2781,Movie,Dramas
s2781,Movie,International Movies
s2782,Movie,Independent Movies
s2782,Movie,International Movies
s2782,Movie,Thrillers
s2783,Movie,Stand-Up Comedy
s2784,TV Show,Crime TV Shows
s2784,TV Show,International TV Shows
s2784,TV Show,TV Dramas
s2785,TV Show,International TV Shows
s2785,TV Show,Reality TV
s2786,TV Show,Kids' TV
s2787,Movie,Documentaries
s2787,Movie,International Movies
s2787,Movie,Sports Movies
s2788,TV Show,Kids' TV
s2788,TV Show,TV Comedies
s2789,TV Show,Anime Series
s2789,TV Show,Kids' TV
s2790,Movie,Dramas
s2790,Movie,Independent Movies
s2790,Movie,International Movies
s2791,TV Show,Kids' TV
s2791,TV Show,TV Dramas
s2791,TV Show,Teen TV Shows
s2792,TV Show,TV Dramas
s2793,TV Show,Crime TV Shows
s2793,TV Show,International TV Shows
s2793,TV Show,TV Dramas
s2794,TV Show,British TV Shows
s2794,TV Show,International TV Shows
s2794,TV Show,TV Dramas
s2795,TV Show,British TV Shows
s2795,TV Show,International TV Shows
s2795,TV Show,TV Action & Adventure
s2796,TV Show,Crime TV Shows
s2796,TV Show,Docuseries
s2797,Movie,Dramas
s2797,Movie,International Movies
s2797,Movie,Sports Movies
s2798,TV Show,International TV Shows
s2798,TV Show,TV Dramas
s2798,TV Show,TV Horror
s2799,Movie,Independent Movies
s2799,Movie,Sci-Fi & Fantasy
s2799,Movie,Thrillers
s2800,Movie,Action & Adventure
s2800,Movie,Anime Features
s2800,Movie,International Movies
s2801,Movie,Comedies
s2801,Movie,International Movies
s2802,Movie,Dramas
s2802,Movie,Romantic Movies
s2803,TV Show,International TV Shows
s2803,TV Show,TV Dramas
s2804,Movie,Anime Features
s2804,Movie,Music & Musicals
s2804,Movie,Sci-Fi & Fantasy
s2805,TV Show,Crime TV Shows
s2805,TV Show,International TV Shows
s2805,TV Show,TV Dramas
s2806,Movie,Documentaries
s2806,Movie,Sports Movies
s2807,Movie,Stand-Up Comedy
s2808,TV Show,British TV Shows
s2808,TV Show,Kids' TV
s2808,TV Show,TV Comedies
s2809,TV Show,Docuseries
s2810,Movie,Comedies
s2811,Movie,International Movies
s2811,Movie,Thrillers
s2812,Movie,Children & Family Movies
s2813,Movie,Children & Family Movies
s2814,TV Show,Docuseries
s2815,Movie,Children & Family Movies
s2816,Movie,Comedies
s2816,Movie,International Movies
s2816,Movie,Romantic Movies
s2817,TV Show,Docuseries
s2817,TV Show,Science & Nature TV
s2818,Movie,Comedies
s2818,Movie,Dramas
s2818,Movie,International Movies
s2819,TV Show,International TV Shows
s2819,TV Show,TV Horror
s2819,TV Show,TV Mysteries
s2820,Movie,Children & Family Movies
s2820,Movie,Dramas
s2821,Movie,Dramas
s2821,Movie,Independent Movies
s2822,TV Show,International TV Shows
s2822,TV Show,Korean TV Shows
s2822,TV Show,TV Action & Adventure
s2823,Movie,Dramas
s2824,Movie,Dramas
s2824,Movie,International Movies
s2825,TV Show,Crime TV Shows
s2825,TV Show,International TV Shows
s2825,TV Show,TV Dramas
s2826,TV Show,Crime TV Shows
s2826,TV Show,Docuseries
s2827,TV Show,Romantic TV Shows
s2827,TV Show,TV Comedies
s2827,TV Show,TV Dramas
s2828,TV Show,International TV Shows
s2828,TV Show,Reality TV
s2829,Movie,Children & Family Movies
s2830,Movie,Stand-Up Comedy
s2831,Movie,Children & Family Movies
s2831,Movie,Dramas
s2832,Movie,Comedies
s2832,Movie,International Movies
s2833,Movie,Dramas
s2833,Movie,International Movies
s2833,Movie,Romantic Movies
s2834,Movie,Dramas
s2834,Movie,International Movies
s2835,Movie,Dramas
s2835,Movie,Independent Movies
s2835,Movie,International Movies
s2836,Movie,Documentaries
s2836,Movie,Music & Musicals
s2837,Movie,Action & Adventure
s2837,Movie,Comedies
s2838,Movie,International Movies
s2838,Movie,Thrillers
s2839,TV Show,Docuseries
s2840,Movie,Dramas
s2840,Movie,International Movies
s2840,Movie,Thrillers
s2841,Movie,Action & Adventure
s2841,Movie,Comedies
s2841,Movie,Dramas
s2842,TV Show,Kids' TV
s2842,TV Show,TV Comedies
s2843,Movie,Comedies
s2843,Movie,International Movies
s2843,Movie,LGBTQ Movies
s2844,Movie,Dramas
s2844,Movie,International Movies
s2845,Movie,Documentaries
s2845,Movie,Music & Musicals
s2846,Movie,Dramas
s2846,Movie,International Movies
s2847,TV Show,International TV Shows
s2847,TV Show,Romantic TV Shows
s2847,TV Show,Spanish-Language TV Shows
s2848,Movie,Independent Movies
s2848,Movie,Sci-Fi & Fantasy
s2848,Movie,Thrillers
s2849,Movie,Children & Family Movies
s2849,Movie,Comedies
s2849,Movie,Music & Musicals
s2850,Movie,Stand-Up Comedy
s2851,Movie,Dramas
s2851,Movie,Independent Movies
s2851,Movie,International Movies
s2852,Movie,Dramas
s2852,Movie,International Movies
s2853,Movie,Dramas
s2853,Movie,Romantic Movies
s2854,Movie,Stand-Up Comedy
s2855,TV Show,Anime Series
s2855,TV Show,Crime TV Shows
s2855,TV Show,International TV Shows
s2856,TV Show,Crime TV Shows
s2856,TV Show,International TV Shows
s2856,TV Show,TV Dramas
s2857,Movie,Comedies
s2857,Movie,Dramas
s2857,Movie,International Movies
s2858,TV Show,Kids' TV
s2859,Movie,Children & Family Movies
s2860,Movie,Dramas
s2860,Movie,Thrillers
s2861,Movie,Children & Family Movies
s2861,Movie,Dramas
s2862,Movie,Comedies
s2862,Movie,Dramas
s2862,Movie,Music & Musicals
s2863,Movie,Dramas
s2863,Movie,International Movies
s2863,Movie,Romantic Movies
s2864,Movie,Dramas
s2864,Movie,Independent Movies
s2865,Movie,Dramas
s2865,Movie,International Movies
s2865,Movie,Romantic Movies
s2866,Movie,Documentaries
s2866,Movie,International Movies
s2867,Movie,Documentaries
s2867,Movie,Music & Musicals
s2868,Movie,Dramas
s2868,Movie,Romantic Movies
s2869,TV Show,International TV Shows
s2869,TV Show,Spanish-Language TV Shows
s2869,TV Show,TV Comedies
s2870,Movie,Stand-Up Comedy
s2871,TV Show,International TV Shows
s2871,TV Show,TV Action & Adventure
s2871,TV Show,TV Dramas
s2872,TV Show,Crime TV Shows
s2872,TV Show,International TV Shows
s2872,TV Show,Spanish-Language TV Shows
s2873,TV Show,International TV Shows
s2873,TV Show,Spanish-Language TV Shows
s2873,TV Show,TV Dramas
s2874,Movie,Action & Adventure
s2874,Movie,Comedies
s2874,Movie,Dramas
s2875,TV Show,Crime TV Shows
s2875,TV Show,TV Action & Adventure
s2875,TV Show,TV Dramas
s2876,TV Show,International TV Shows
s2876,TV Show,TV Dramas
s2877,Movie,Anime Features
s2877,Movie,Children & Family Movies
s2878,TV Show,TV Shows
s2879,Movie,Dramas
s2879,Movie,International Movies
s2879,Movie,Romantic Movies
s2880,Movie,Dramas
s2880,Movie,International Movies
s2881,TV Show,TV Comedies
s2881,TV Show,TV Dramas
s2881,TV Show,TV Sci-Fi & Fantasy
s2882,Movie,Comedies
s2882,Movie,Dramas
s2882,Movie,Independent Movies
s2883,Movie,Dramas
s2883,Movie,International Movies
s2884,TV Show,Crime TV Shows
s2884,TV Show,Docuseries
s2885,Movie,Dramas
s2885,Movie,Independent Movies
s2885,Movie,International Movies
s2886,Movie,International Movies
s2886,Movie,Romantic Movies
s2887,Movie,Stand-Up Comedy
s2888,Movie,Children & Family Movies
s2888,Movie,Dramas
s2888,Movie,Faith & Spirituality
s2889,TV Show,International TV Shows
s2889,TV Show,Korean TV Shows
s2889,TV Show,Romantic TV Shows
s2890,Movie,Horror Movies
s2891,TV Show,Crime TV Shows
s2891,TV Show,Docuseries
s2892,TV Show,TV Comedies
s2892,TV Show,TV Dramas
s2893,TV Show,International TV Shows
s2893,TV Show,Korean TV Shows
s2893,TV Show,Romantic TV Shows
s2894,TV Show,International TV Shows
s2894,TV Show,Reality TV
s2895,TV Show,Crime TV Shows
s2895,TV Show,International TV Shows
s2895,TV Show,Spanish-Language TV Shows
s2896,Movie,Dramas
s2896,Movie,Independent Movies
s2896,Movie,International Movies
s2897,Movie,International Movies
s2897,Movie,Thrillers
s2898,Movie,Dramas
s2898,Movie,Thrillers
s2899,Movie,Dramas
s2899,Movie,International Movies
s2900,Movie,Comedies
s2900,Movie,International Movies
s2900,Movie,Music & Musicals
s2901,TV Show,International TV Shows
s2901,TV Show,TV Horror
s2901,TV Show,TV Mysteries
s2902,Movie,Children & Family Movies
s2902,Movie,Documentaries
s2902,Movie,International Movies
s2903,TV Show,Kids' TV
s2903,TV Show,TV Action & Adventure
s2903,TV Show,TV Comedies
s2904,Movie,Dramas
s2904,Movie,Romantic Movies
s2905,Movie,Dramas
s2905,Movie,Independent Movies
s2906,Movie,Action & Adventure
s2906,Movie,Comedies
s2906,Movie,Romantic Movies
s2907,TV Show,International TV Shows
s2907,TV Show,TV Dramas
s2908,Movie,Dramas
s2908,Movie,Thrillers
s2909,Movie,Horror Movies
s2909,Movie,Independent Movies
s2910,Movie,Movies
s2911,TV Show,Kids' TV
s2911,TV Show,TV Comedies
s2912,Movie,Children & Family Movies
s2912,Movie,Comedies
s2913,Movie,Dramas
s2913,Movie,International Movies
s2913,Movie,Romantic Movies
s2914,Movie,Comedies
s2914,Movie,Dramas
s2914,Movie,Independent Movies
s2915,Movie,Comedies
s2915,Movie,International Movies
s2915,Movie,Romantic Movies
s2916,Movie,Comedies
s2916,Movie,International Movies
s2916,Movie,Music & Musicals
s2917,Movie,Dramas
s2917,Movie,International Movies
s2917,Movie,Romantic Movies
s2918,TV Show,International TV Shows
s2918,TV Show,Romantic TV Shows
s2918,TV Show,TV Comedies
s2919,Movie,Comedies
s2919,Movie,International Movies
s2920,Movie,Action & Adventure
s2920,Movie,Anime Features
s2920,Movie,Children & Family Movies
s2921,TV Show,Reality TV
s2921,TV Show,Romantic TV Shows
s2922,TV Show,Crime TV Shows
s2922,TV Show,TV Action & Adventure
s2922,TV Show,TV Dramas
s2923,TV Show,International TV Shows
s2923,TV Show,Reality TV
s2923,TV Show,Spanish-Language TV Shows
s2924,TV Show,Crime TV Shows
s2924,TV Show,International TV Shows
s2924,TV Show,TV Dramas
s2925,Movie,Comedies
s2925,Movie,International Movies
s2925,Movie,Romantic Movies
s2926,Movie,Comedies
s2926,Movie,Romantic Movies
s2927,TV Show,Kids' TV
s2927,TV Show,TV Comedies
s2928,Movie,Children & Family Movies
s2928,Movie,Comedies
s2929,Movie,Dramas
s2929,Movie,Independent Movies
s2929,Movie,Thrillers
s2930,Movie,Documentaries
s2930,Movie,International Movies
s2931,Movie,Dramas
s2931,Movie,International Movies
s2931,Movie,Romantic Movies
s2932,TV Show,Crime TV Shows
s2932,TV Show,TV Comedies
s2932,TV Show,TV Dramas
s2933,Movie,Dramas
s2933,Movie,Independent Movies
s2933,Movie,Thrillers
s2934,Movie,Horror Movies
s2935,Movie,Dramas
s2935,Movie,International Movies
s2935,Movie,Thrillers
s2936,Movie,Comedies
s2936,Movie,Dramas
s2936,Movie,International Movies
s2937,Movie,Dramas
s2937,Movie,International Movies
s2938,TV Show,Kids' TV
s2938,TV Show,TV Comedies
s2939,TV Show,International TV Shows
s2939,TV Show,Romantic TV Shows
s2939,TV Show,TV Dramas
s2940,Movie,Dramas
s2940,Movie,Independent Movies
s2941,Movie,Dramas
s2941,Movie,International Movies
s2941,Movie,Sports Movies
s2942,TV Show,TV Action & Adventure
s2942,TV Show,TV Dramas
s2942,TV Show,TV Mysteries
s2943,TV Show,International TV Shows
s2943,TV Show,Korean TV Shows
s2943,TV Show,Romantic TV Shows
s2944,Movie,Dramas
s2945,TV Show,Crime TV Shows
s2945,TV Show,Docuseries
s2946,TV Show,Anime Series
s2946,TV Show,International TV Shows
s2947,Movie,Documentaries
s2948,TV Show,Crime TV Shows
s2948,TV Show,TV Action & Adventure
s2949,TV Show,Crime TV Shows
s2949,TV Show,Docuseries
s2950,Movie,Documentaries
s2950,Movie,Sports Movies
s2951,Movie,Action & Adventure
s2951,Movie,Sci-Fi & Fantasy
s2952,Movie,Comedies
s2952,Movie,Faith & Spirituality
s2952,Movie,Romantic Movies
s2953,Movie,Stand-Up Comedy
s2954,TV Show,Kids' TV
s2954,TV Show,TV Comedies
s2955,Movie,International Movies
s2955,Movie,Thrillers
s2956,Movie,Dramas
s2956,Movie,International Movies
s2956,Movie,Thrillers
s2957,Movie,Comedies
s2957,Movie,Dramas
s2957,Movie,Independent Movies
s2958,Movie,Classic Movies
s2958,Movie,Dramas
s2958,Movie,International Movies
s2959,TV Show,Anime Series
s2959,TV Show,International TV Shows
s2960,TV Show,International TV Shows
s2960,TV Show,Korean TV Shows
s2960,TV Show,TV Dramas
s2961,Movie,Movies
s2962,Movie,Comedies
s2962,Movie,International Movies
s2962,Movie,Romantic Movies
s2963,TV Show,Kids' TV
s2963,TV Show,TV Action & Adventure
s2964,Movie,Children & Family Movies
s2964,Movie,Comedies
s2964,Movie,International Movies
s2965,Movie,Movies
s2966,TV Show,Anime Series
s2966,TV Show,International TV Shows
s2967,TV Show,Anime Series
s2967,TV Show,International TV Shows
s2968,TV Show,Kids' TV
s2969,Movie,Action & Adventure
s2969,Movie,Horror Movies
s2969,Movie,Sci-Fi & Fantasy
s2970,Movie,Dramas
s2970,Movie,International Movies
s2970,Movie,Music & Musicals
s2971,Movie,Dramas
s2971,Movie,International Movies
s2972,TV Show,International TV Shows
s2972,TV Show,Spanish-Language TV Shows
s2972,TV Show,TV Action & Adventure
s2973,Movie,Dramas
s2973,Movie,International Movies
s2974,Movie,Comedies
s2974,Movie,Dramas
s2974,Movie,Independent Movies
s2975,TV Show,International TV Shows
s2975,TV Show,Romantic TV Shows
s2975,TV Show,TV Dramas
s2976,Movie,Documentaries
s2976,Movie,Music & Musicals
s2977,TV Show,Crime TV Shows
s2977,TV Show,International TV Shows
s2977,TV Show,Spanish-Language TV Shows
s2978,TV Show,International TV Shows
s2978,TV Show,Reality TV
s2978,TV Show,Romantic TV Shows
s2979,Movie,Stand-Up Comedy
s2980,TV Show,British TV Shows
s2980,TV Show,Crime TV Shows
s2980,TV Show,International TV Shows
s2981,TV Show,International TV Shows
s2981,TV Show,Reality TV
s2981,TV Show,Romantic TV Shows
s2982,Movie,Dramas
s2982,Movie,International Movies
s2983,TV Show,International TV Shows
s2983,TV Show,Romantic TV Shows
s2983,TV Show,TV Comedies
s2984,TV Show,Docuseries
s2984,TV Show,Science & Nature TV
s2985,TV Show,International TV Shows
s2985,TV Show,TV Dramas
s2985,TV Show,TV Sci-Fi & Fantasy
s2986,Movie,Comedies
s2986,Movie,International Movies
s2986,Movie,Romantic Movies
s2987,Movie,Comedies
s2987,Movie,Dramas
s2987,Movie,Independent Movies
s2988,Movie,Stand-Up Comedy
s2989,Movie,Dramas
s2989,Movie,Independent Movies
s2990,Movie,Dramas
s2990,Movie,Independent Movies
s2990,Movie,International Movies
s2991,Movie,International Movies
s2991,Movie,Thrillers
s2992,TV Show,Docuseries
s2993,TV Show,International TV Shows
s2993,TV Show,TV Dramas
s2994,TV Show,Reality TV
s2995,TV Show,TV Comedies
s2995,TV Show,TV Dramas
s2996,Movie,Comedies
s2996,Movie,International Movies
s2996,Movie,Romantic Movies
s2997,Movie,Stand-Up Comedy
s2998,TV Show,TV Action & Adventure
s2998,TV Show,TV Dramas
s2998,TV Show,TV Horror
s2999,TV Show,Anime Series
s2999,TV Show,International TV Shows
s3000,TV Show,International TV Shows
s3000,TV Show,TV Dramas
s3000,TV Show,TV Mysteries
s3001,TV Show,Docuseries
s3001,TV Show,Science & Nature TV
s3002,TV Show,International TV Shows
s3002,TV Show,Romantic TV Shows
s3002,TV Show,Spanish-Language TV Shows
s3003,Movie,Comedies
s3003,Movie,Dramas
s3003,Movie,International Movies
s3004,Movie,Stand-Up Comedy
s3005,Movie,Comedies
s3005,Movie,Dramas
s3005,Movie,Independent Movies
s3006,TV Show,Kids' TV
s3006,TV Show,TV Action & Adventure
s3006,TV Show,TV Sci-Fi & Fantasy
s3007,Movie,Comedies
s3007,Movie,Dramas
s3007,Movie,International Movies
s3008,Movie,Dramas
s3008,Movie,Independent Movies
s3009,Movie,Dramas
s3009,Movie,Independent Movies
s3010,Movie,Dramas
s3010,Movie,Thrillers
s3011,TV Show,International TV Shows
s3011,TV Show,TV Dramas
s3011,TV Show,TV Horror
s3012,TV Show,Docuseries
s3012,TV Show,International TV Shows
s3013,TV Show,International TV Shows
s3013,TV Show,Reality TV
s3014,TV Show,Reality TV
s3015,Movie,Horror Movies
s3016,TV Show,International TV Shows
s3016,TV Show,TV Dramas
s3016,TV Show,TV Sci-Fi & Fantasy
s3017,Movie,Children & Family Movies
s3017,Movie,Comedies
s3018,Movie,Dramas
s3018,Movie,Independent Movies
s3019,Movie,Dramas
s3019,Movie,International Movies
s3019,Movie,Thrillers
s3020,Movie,Action & Adventure
s3020,Movie,Anime Features
s3020,Movie,Children & Family Movies
s3021,TV Show,Anime Series
s3021,TV Show,International TV Shows
s3022,Movie,Dramas
s3023,Movie,Dramas
s3023,Movie,Independent Movies
s3023,Movie,International Movies
s3024,Movie,Dramas
s3024,Movie,International Movies
s3024,Movie,Thrillers
s3025,TV Show,Crime TV Shows
s3025,TV Show,Docuseries
s3026,Movie,International Movies
s3026,Movie,Sci-Fi & Fantasy
s3026,Movie,Thrillers
s3027,Movie,Action & Adventure
s3027,Movie,Independent Movies
s3028,Movie,Stand-Up Comedy
s3029,TV Show,Kids' TV
s3030,Movie,Action & Adventure
s3030,Movie,Dramas
s3030,Movie,International Movies
s3031,TV Show,Kids' TV
s3031,TV Show,TV Comedies
s3031,TV Show,TV Dramas
s3032,Movie,Documentaries
s3033,Movie,Comedies
s3033,Movie,Dramas
s3033,Movie,International Movies
s3034,TV Show,TV Comedies
s3034,TV Show,TV Dramas
s3035,TV Show,British TV Shows
s3035,TV Show,Crime TV Shows
s3035,TV Show,International TV Shows
s3036,TV Show,Kids' TV
s3036,TV Show,TV Comedies
s3037,TV Show,Crime TV Shows
s3037,TV Show,International TV Shows
s3037,TV Show,TV Dramas
s3038,TV Show,Crime TV Shows
s3038,TV Show,TV Action & Adventure
s3038,TV Show,TV Comedies
s3039,Movie,Action & Adventure
s3039,Movie,Dramas
s3039,Movie,Independent Movies
s3040,TV Show,Kids' TV
s3040,TV Show,TV Comedies
s3041,TV Show,International TV Shows
s3041,TV Show,Reality TV
s3041,TV Show,TV Comedies
s3042,Movie,Action & Adventure
s3042,Movie,Comedies
s3043,TV Show,Docuseries
s3043,TV Show,Reality TV
s3043,TV Show,Teen TV Shows
s3044,Movie,Dramas
s3044,Movie,Independent Movies
s3045,Movie,Comedies
s3045,Movie,Dramas
s3045,Movie,International Movies
s3046,TV Show,British TV Shows
s3046,TV Show,International TV Shows
s3046,TV Show,TV Dramas
s3047,Movie,Comedies
s3047,Movie,International Movies
s3047,Movie,Romantic Movies
s3048,TV Show,International TV Shows
s3048,TV Show,TV Dramas
s3048,TV Show,Teen TV Shows
s3049,Movie,Dramas
s3049,Movie,International Movies
s3049,Movie,Romantic Movies
s3050,TV Show,Docuseries
s3050,TV Show,Science & Nature TV
s3051,TV Show,International TV Shows
s3051,TV Show,TV Action & Adventure
s3051,TV Show,TV Dramas
s3052,Movie,Dramas
s3052,Movie,International Movies
s3053,TV Show,International TV Shows
s3053,TV Show,Korean TV Shows
s3053,TV Show,Romantic TV Shows
s3054,TV Show,Crime TV Shows
s3054,TV Show,International TV Shows
s3054,TV Show,Reality TV
s3055,Movie,Comedies
s3055,Movie,International Movies
s3056,TV Show,Anime Series
s3056,TV Show,Teen TV Shows
s3057,TV Show,Kids' TV
s3058,Movie,Children & Family Movies
s3058,Movie,Comedies
s3059,Movie,Children & Family Movies
s3059,Movie,Comedies
s3060,Movie,Children & Family Movies
s3060,Movie,Comedies
s3061,Movie,Horror Movies
s3061,Movie,International Movies
s3061,Movie,Thrillers
s3062,Movie,Stand-Up Comedy
s3063,Movie,Children & Family Movies
s3063,Movie,Comedies
s3063,Movie,Sci-Fi & Fantasy
s3064,TV Show,International TV Shows
s3064,TV Show,Korean TV Shows
s3064,TV Show,Romantic TV Shows
s3065,Movie,Children & Family Movies
s3065,Movie,Comedies
s3065,Movie,Music & Musicals
s3066,TV Show,TV Dramas
s3066,TV Show,TV Thrillers
s3067,TV Show,Kids' TV
s3068,TV Show,Crime TV Shows
s3068,TV Show,Docuseries
s3068,TV Show,International TV Shows
s3069,Movie,Dramas
s3069,Movie,International Movies
s3069,Movie,Sci-Fi & Fantasy
s3070,Movie,Anime Features
s3070,Movie,Children & Family Movies
s3071,Movie,Dramas
s3071,Movie,International Movies
s3071,Movie,Romantic Movies
s3072,TV Show,International TV Shows
s3072,TV Show,Korean TV Shows
s3072,TV Show,Romantic TV Shows
s3073,Movie,Action & Adventure
s3074,Movie,Comedies
s3075,TV Show,International TV Shows
s3075,TV Show,Korean TV Shows
s3075,TV Show,TV Dramas
s3076,TV Show,TV Dramas
s3077,TV Show,International TV Shows
s3077,TV Show,Korean TV Shows
s3077,TV Show,Romantic TV Shows
s3078,Movie,Horror Movies
s3078,Movie,International Movies
s3078,Movie,Thrillers
s3079,Movie,Dramas
s3079,Movie,Independent Movies
s3079,Movie,International Movies
s3080,TV Show,Docuseries
s3080,TV Show,International TV Shows
s3081,Movie,Comedies
s3081,Movie,Sports Movies
s3082,Movie,Comedies
s3083,TV Show,International TV Shows
s3083,TV Show,TV Dramas
s3083,TV Show,TV Thrillers
s3084,TV Show,Kids' TV
s3084,TV Show,Korean TV Shows
s3085,TV Show,Kids' TV
s3086,TV Show,Kids' TV
s3086,TV Show,Korean TV Shows
s3087,TV Show,Stand-Up Comedy & Talk Shows
s3087,TV Show,TV Comedies
s3088,TV Show,International TV Shows
s3088,TV Show,TV Dramas
s3089,TV Show,Anime Series
s3089,TV Show,International TV Shows
s3090,Movie,Dramas
s3090,Movie,International Movies
s3091,Movie,Action & Adventure
s3091,Movie,Comedies
s3091,Movie,International Movies
s3092,Movie,Documentaries
s3092,Movie,International Movies
s3093,TV Show,Docuseries
s3094,Movie,Comedies
s3094,Movie,International Movies
s3095,Movie,Dramas
s3095,Movie,Independent Movies
s3095,Movie,International Movies
s3096,TV Show,International TV Shows
s3096,TV Show,TV Dramas
s3097,TV Show,Crime TV Shows
s3097,TV Show,Romantic TV Shows
s3097,TV Show,TV Dramas
s3098,Movie,Action & Adventure
s3098,Movie,Horror Movies
s3098,Movie,Sci-Fi & Fantasy
s3099,Movie,Anime Features
s3099,Movie,Romantic Movies
s3100,Movie,Children & Family Movies
s3100,Movie,Comedies
s3101,Movie,Action & Adventure
s3101,Movie,Dramas
s3102,Movie,Action & Adventure
s3102,Movie,Comedies
s3102,Movie,International Movies
s3103,Movie,Horror Movies
s3103,Movie,Sci-Fi & Fantasy
s3103,Movie,Thrillers
s3104,TV Show,Anime Series
s3104,TV Show,International TV Shows
s3104,TV Show,Teen TV Shows
s3105,Movie,Comedies
s3105,Movie,International Movies
s3105,Movie,Music & Musicals
s3106,Movie,Children & Family Movies
s3106,Movie,Comedies
s3107,TV Show,TV Action & Adventure
s3107,TV Show,TV Dramas
s3107,TV Show,TV Sci-Fi & Fantasy
s3108,Movie,Thrillers
s3109,TV Show,TV Comedies
s3109,TV Show,TV Dramas
s3110,Movie,Children & Family Movies
s3110,Movie,Sports Movies
s3111,Movie,Comedies
s3111,Movie,International Movies
s3112,TV Show,International TV Shows
s3112,TV Show,TV Dramas
s3113,Movie,Dramas
s3113,Movie,International Movies
s3113,Movie,Romantic Movies
s3114,Movie,International Movies
s3114,Movie,Music & Musicals
s3115,Movie,Dramas
s3115,Movie,International Movies
s3115,Movie,Romantic Movies
s3116,Movie,Dramas
s3116,Movie,International Movies
s3117,Movie,Dramas
s3118,TV Show,International TV Shows
s3118,TV Show,TV Action & Adventure
s3118,TV Show,TV Dramas
s3119,Movie,Documentaries
s3119,Movie,International Movies
s3120,TV Show,International TV Shows
s3120,TV Show,Romantic TV Shows
s3120,TV Show,TV Dramas
s3121,TV Show,Crime TV Shows
s3121,TV Show,International TV Shows
s3121,TV Show,TV Dramas
s3122,TV Show,Crime TV Shows
s3122,TV Show,Docuseries
s3123,TV Show,Romantic TV Shows
s3123,TV Show,TV Dramas
s3124,Movie,Stand-Up Comedy
s3125,Movie,Comedies
s3125,Movie,Dramas
s3125,Movie,Independent Movies
s3126,Movie,Dramas
s3126,Movie,Independent Movies
s3126,Movie,International Movies
s3127,Movie,Comedies
s3127,Movie,Dramas
s3127,Movie,International Movies
s3128,TV Show,International TV Shows
s3128,TV Show,Korean TV Shows
s3128,TV Show,Romantic TV Shows
s3129,TV Show,Kids' TV
s3129,TV Show,Korean TV Shows
s3130,TV Show,International TV Shows
s3130,TV Show,Korean TV Shows
s3130,TV Show,Romantic TV Shows
s3131,TV Show,International TV Shows
s3131,TV Show,TV Dramas
s3132,Movie,Comedies
s3132,Movie,Dramas
s3132,Movie,International Movies
s3133,Movie,Comedies
s3133,Movie,Dramas
s3133,Movie,International Movies
s3134,Movie,Action & Adventure
s3134,Movie,International Movies
s3135,Movie,Action & Adventure
s3135,Movie,International Movies
s3135,Movie,Music & Musicals
s3136,Movie,Action & Adventure
s3136,Movie,Comedies
s3136,Movie,Dramas
s3137,Movie,International Movies
s3137,Movie,Thrillers
s3138,TV Show,Anime Series
s3138,TV Show,International TV Shows
s3139,Movie,Children & Family Movies
s3139,Movie,Comedies
s3139,Movie,International Movies
s3140,Movie,Comedies
s3140,Movie,Dramas
s3140,Movie,International Movies
s3141,Movie,Comedies
s3141,Movie,International Movies
s3141,Movie,Romantic Movies
s3142,Movie,Dramas
s3142,Movie,International Movies
s3142,Movie,Thrillers
s3143,Movie,Action & Adventure
s3143,Movie,Dramas
s3143,Movie,International Movies
s3144,Movie,Dramas
s3144,Movie,International Movies
s3144,Movie,Romantic Movies
s3145,Movie,Comedies
s3145,Movie,Dramas
s3145,Movie,International Movies
s3146,Movie,Dramas
s3146,Movie,International Movies
s3146,Movie,Music & Musicals
s3147,TV Show,Kids' TV
s3147,TV Show,TV Comedies
s3148,Movie,Dramas
s3148,Movie,International Movies
s3148,Movie,Thrillers
s3149,TV Show,Kids' TV
s3149,TV Show,TV Comedies
s3150,Movie,Comedies
s3150,Movie,Dramas
s3150,Movie,International Movies
s3151,Movie,Action & Adventure
s3151,Movie,Dramas
s3152,Movie,Comedies
s3152,Movie,International Movies
s3153,Movie,Comedies
s3153,Movie,International Movies
s3153,Movie,Romantic Movies
s3154,Movie,Comedies
s3154,Movie,International Movies
s3154,Movie,Romantic Movies
s3155,Movie,Dramas
s3155,Movie,International Movies
s3155,Movie,Romantic Movies
s3156,Movie,International Movies
s3156,Movie,Thrillers
s3157,Movie,International Movies
s3157,Movie,Thrillers
s3158,Movie,Stand-Up Comedy
s3159,Movie,Dramas
s3159,Movie,International Movies
s3160,Movie,Comedies
s3160,Movie,International Movies
s3161,Movie,Stand-Up Comedy
s3162,Movie,Children & Family Movies
s3162,Movie,Comedies
s3163,Movie,Horror Movies
s3163,Movie,Independent Movies
s3164,Movie,Action & Adventure
s3164,Movie,International Movies
s3165,Movie,Dramas
s3165,Movie,Faith & Spirituality
s3165,Movie,International Movies
s3166,TV Show,TV Comedies
s3167,Movie,Comedies
s3167,Movie,International Movies
s3168,Movie,Dramas
s3168,Movie,International Movies
s3169,TV Show,TV Comedies
s3170,Movie,Dramas
s3171,Movie,Action & Adventure
s3171,Movie,Anime Features
s3171,Movie,International Movies
s3172,Movie,Dramas
s3172,Movie,International Movies
s3173,Movie,Children & Family Movies
s3174,TV Show,Anime Series
s3174,TV Show,International TV Shows
s3174,TV Show,Romantic TV Shows
s3175,TV Show,International TV Shows
s3175,TV Show,TV Dramas
s3175,TV Show,TV Mysteries
s3176,TV Show,Crime TV Shows
s3176,TV Show,Docuseries
s3177,TV Show,International TV Shows
s3177,TV Show,Spanish-Language TV Shows
s3177,TV Show,TV Dramas
s3178,TV Show,Crime TV Shows
s3178,TV Show,International TV Shows
s3178,TV Show,Romantic TV Shows
s3179,Movie,Comedies
s3179,Movie,Dramas
s3179,Movie,International Movies
s3180,Movie,Comedies
s3180,Movie,Dramas
s3180,Movie,International Movies
s3181,Movie,Children & Family Movies
s3181,Movie,Dramas
s3181,Movie,Romantic Movies
s3182,Movie,Documentaries
s3183,TV Show,TV Action & Adventure
s3183,TV Show,TV Dramas
s3183,TV Show,TV Horror
s3184,TV Show,TV Comedies
s3185,TV Show,International TV Shows
s3185,TV Show,TV Dramas
s3185,TV Show,Teen TV Shows
s3186,TV Show,International TV Shows
s3186,TV Show,Romantic TV Shows
s3186,TV Show,Spanish-Language TV Shows
s3187,Movie,Stand-Up Comedy
s3188,TV Show,TV Horror
s3188,TV Show,TV Mysteries
s3188,TV Show,TV Sci-Fi & Fantasy
s3189,Movie,Children & Family Movies
s3189,Movie,Comedies
s3189,Movie,Music & Musicals
s3190,Movie,Comedies
s3190,Movie,International Movies
s3190,Movie,Romantic Movies
s3191,Movie,Dramas
s3191,Movie,Thrillers
s3192,Movie,Dramas
s3192,Movie,International Movies
s3192,Movie,Thrillers
s3193,TV Show,TV Comedies
s3193,TV Show,TV Dramas
s3194,Movie,Comedies
s3194,Movie,International Movies
s3194,Movie,Romantic Movies
s3195,Movie,Documentaries
s3195,Movie,International Movies
s3196,Movie,Dramas
s3196,Movie,International Movies
s3196,Movie,Romantic Movies
s3197,Movie,Dramas
s3197,Movie,International Movies
s3197,Movie,Romantic Movies
s3198,Movie,Comedies
s3198,Movie,Dramas
s3198,Movie,International Movies
s3199,Movie,Dramas
s3199,Movie,International Movies
s3199,Movie,Romantic Movies
s3200,TV Show,Kids' TV
s3200,TV Show,Korean TV Shows
s3200,TV Show,TV Comedies
s3201,Movie,Children & Family Movies
s3201,Movie,Dramas
s3201,Movie,International Movies
s3202,Movie,Comedies
s3202,Movie,Dramas
s3202,Movie,International Movies
s3203,Movie,Documentaries
s3203,Movie,International Movies
s3203,Movie,Music & Musicals
s3204,Movie,Dramas
s3204,Movie,International Movies
s3204,Movie,Thrillers
s3205,TV Show,International TV Shows
s3205,TV Show,Korean TV Shows
s3205,TV Show,Romantic TV Shows
s3206,Movie,Documentaries
s3206,Movie,International Movies
s3207,Movie,Comedies
s3207,Movie,Dramas
s3207,Movie,International Movies
s3208,Movie,Dramas
s3208,Movie,Independent Movies
s3208,Movie,International Movies
s3209,TV Show,Kids' TV
s3210,Movie,Comedies
s3210,Movie,International Movies
s3210,Movie,Thrillers
s3211,Movie,Dramas
s3211,Movie,Independent Movies
s3211,Movie,International Movies
s3212,Movie,Dramas
s3212,Movie,International Movies
s3213,TV Show,Crime TV Shows
s3213,TV Show,International TV Shows
s3213,TV Show,Spanish-Language TV Shows
s3214,Movie,Comedies
s3214,Movie,International Movies
s3215,Movie,Comedies
s3215,Movie,Independent Movies
s3215,Movie,International Movies
s3216,Movie,Action & Adventure
s3216,Movie,Comedies
s3216,Movie,International Movies
s3217,TV Show,International TV Shows
s3217,TV Show,Romantic TV Shows
s3217,TV Show,TV Comedies
s3218,Movie,Dramas
s3218,Movie,International Movies
s3218,Movie,Thrillers
s3219,Movie,Children & Family Movies
s3219,Movie,Dramas
s3220,TV Show,Anime Series
s3220,TV Show,International TV Shows
s3221,TV Show,International TV Shows
s3221,TV Show,Stand-Up Comedy & Talk Shows
s3221,TV Show,TV Comedies
s3222,TV Show,TV Comedies
s3223,TV Show,International TV Shows
s3223,TV Show,TV Comedies
s3223,TV Show,TV Dramas
s3224,Movie,Action & Adventure
s3224,Movie,Dramas
s3225,Movie,Comedies
s3225,Movie,International Movies
s3225,Movie,Romantic Movies
s3226,Movie,Children & Family Movies
s3226,Movie,Comedies
s3227,Movie,Dramas
s3227,Movie,Independent Movies
s3228,Movie,Dramas
s3229,Movie,Stand-Up Comedy
s3230,Movie,Children & Family Movies
s3231,TV Show,Crime TV Shows
s3231,TV Show,International TV Shows
s3231,TV Show,TV Dramas
s3232,Movie,Children & Family Movies
s3233,TV Show,International TV Shows
s3233,TV Show,Spanish-Language TV Shows
s3233,TV Show,Stand-Up Comedy & Talk Shows
s3234,Movie,Action & Adventure
s3234,Movie,Dramas
s3234,Movie,International Movies
s3235,Movie,Documentaries
s3235,Movie,International Movies
s3236,Movie,Dramas
s3236,Movie,Thrillers
s3237,TV Show,International TV Shows
s3237,TV Show,TV Comedies
s3237,TV Show,TV Sci-Fi & Fantasy
s3238,Movie,Dramas
s3238,Movie,Independent Movies
s3238,Movie,International Movies
s3239,TV Show,TV Dramas
s3240,Movie,Action & Adventure
s3240,Movie,Anime Features
s3240,Movie,International Movies
s3241,Movie,Stand-Up Comedy
s3242,TV Show,Reality TV
s3243,TV Show,Crime TV Shows
s3243,TV Show,Docuseries
s3244,TV Show,International TV Shows
s3244,TV Show,TV Comedies
s3244,TV Show,TV Dramas
s3245,Movie,Documentaries
s3245,Movie,Sports Movies
s3246,TV Show,International TV Shows
s3246,TV Show,Reality TV
s3247,TV Show,Kids' TV
s3247,TV Show,TV Action & Adventure
s3247,TV Show,TV Sci-Fi & Fantasy
s3248,TV Show,Kids' TV
s3248,TV Show,TV Comedies
s3249,Movie,Children & Family Movies
s3249,Movie,Comedies
s3249,Movie,Romantic Movies
s3250,TV Show,International TV Shows
s3250,TV Show,TV Comedies
s3250,TV Show,TV Dramas
s3251,Movie,Documentaries
s3252,Movie,Dramas
s3252,Movie,International Movies
s3252,Movie,Romantic Movies
s3253,TV Show,International TV Shows
s3253,TV Show,TV Dramas
s3254,Movie,Documentaries
s3254,Movie,International Movies
s3254,Movie,Sports Movies
s3255,Movie,Dramas
s3255,Movie,Independent Movies
s3255,Movie,International Movies
s3256,TV Show,Crime TV Shows
s3256,TV Show,Docuseries
s3256,TV Show,International TV Shows
s3257,Movie,Stand-Up Comedy
s3258,TV Show,International TV Shows
s3258,TV Show,Romantic TV Shows
s3258,TV Show,TV Comedies
s3259,TV Show,International TV Shows
s3259,TV Show,TV Dramas
s3259,TV Show,Teen TV Shows
s3260,Movie,Action & Adventure
s3260,Movie,Comedies
s3260,Movie,International Movies
s3261,Movie,Stand-Up Comedy
s3262,Movie,Dramas
s3262,Movie,International Movies
s3263,Movie,Horror Movies
s3263,Movie,Independent Movies
s3264,TV Show,International TV Shows
s3264,TV Show,Romantic TV Shows
s3265,Movie,Dramas
s3265,Movie,Romantic Movies
s3266,Movie,Documentaries
s3266,Movie,International Movies
s3267,Movie,Children & Family Movies
s3267,Movie,Music & Musicals
s3268,Movie,Action & Adventure
s3268,Movie,Dramas
s3268,Movie,International Movies
s3269,Movie,Comedies
s3269,Movie,Independent Movies
s3269,Movie,International Movies
s3270,TV Show,Reality TV
s3271,TV Show,International TV Shows
s3271,TV Show,Korean TV Shows
s3271,TV Show,Romantic TV Shows
s3272,TV Show,Anime Series
s3272,TV Show,Teen TV Shows
s3273,Movie,Anime Features
s3273,Movie,Music & Musicals
s3274,Movie,Children & Family Movies
s3274,Movie,Comedies
s3275,TV Show,International TV Shows
s3275,TV Show,Romantic TV Shows
s3276,TV Show,Kids' TV
s3277,TV Show,International TV Shows
s3277,TV Show,Romantic TV Shows
s3277,TV Show,TV Dramas
s3278,TV Show,International TV Shows
s3278,TV Show,Korean TV Shows
s3278,TV Show,Romantic TV Shows
s3279,Movie,Documentaries
s3279,Movie,International Movies
s3280,TV Show,Crime TV Shows
s3280,TV Show,International TV Shows
s3280,TV Show,Spanish-Language TV Shows
s3281,Movie,Anime Features
s3281,Movie,International Movies
s3281,Movie,Romantic Movies
s3282,TV Show,International TV Shows
s3282,TV Show,TV Action & Adventure
s3282,TV Show,TV Dramas
s3283,TV Show,Docuseries
s3283,TV Show,Reality TV
s3284,TV Show,Crime TV Shows
s3284,TV Show,International TV Shows
s3284,TV Show,TV Dramas
s3285,TV Show,International TV Shows
s3285,TV Show,Romantic TV Shows
s3285,TV Show,TV Action & Adventure
s3286,Movie,Stand-Up Comedy
s3287,TV Show,International TV Shows
s3287,TV Show,Romantic TV Shows
s3287,TV Show,TV Comedies
s3288,TV Show,Docuseries
s3288,TV Show,Spanish-Language TV Shows
s3289,TV Show,International TV Shows
s3289,TV Show,Korean TV Shows
s3289,TV Show,TV Dramas
s3290,Movie,Stand-Up Comedy
s3291,Movie,Dramas
s3291,Movie,Independent Movies
s3291,Movie,LGBTQ Movies
s3292,TV Show,International TV Shows
s3292,TV Show,Romantic TV Shows
s3292,TV Show,Teen TV Shows
s3293,Movie,Documentaries
s3294,TV Show,International TV Shows
s3294,TV Show,Romantic TV Shows
s3294,TV Show,TV Comedies
s3295,TV Show,British TV Shows
s3295,TV Show,Docuseries
s3295,TV Show,International TV Shows
s3296,TV Show,Kids' TV
s3296,TV Show,TV Action & Adventure
s3296,TV Show,TV Comedies
s3297,Movie,Comedies
s3297,Movie,Dramas
s3297,Movie,LGBTQ Movies
s3298,Movie,Action & Adventure
s3298,Movie,Dramas
s3298,Movie,International Movies
s3299,TV Show,Crime TV Shows
s3299,TV Show,International TV Shows
s3299,TV Show,Spanish-Language TV Shows
s3300,Movie,International Movies
s3300,Movie,Thrillers
s3301,Movie,Dramas
s3302,TV Show,Crime TV Shows
s3302,TV Show,International TV Shows
s3302,TV Show,TV Dramas
s3303,Movie,Action & Adventure
s3303,Movie,Dramas
s3303,Movie,International Movies
s3304,Movie,Children & Family Movies
s3304,Movie,Comedies
s3304,Movie,Music & Musicals
s3305,TV Show,Kids' TV
s3305,TV Show,TV Comedies
s3306,Movie,Stand-Up Comedy
s3307,TV Show,British TV Shows
s3307,TV Show,International TV Shows
s3307,TV Show,TV Comedies
s3308,Movie,Comedies
s3308,Movie,Dramas
s3308,Movie,Independent Movies
s3309,Movie,Dramas
s3309,Movie,International Movies
s3309,Movie,Romantic Movies
s3310,Movie,Comedies
s3311,TV Show,British TV Shows
s3311,TV Show,International TV Shows
s3311,TV Show,TV Comedies
s3312,Movie,Documentaries
s3313,Movie,Dramas
s3313,Movie,International Movies
s3313,Movie,Thrillers
s3314,TV Show,Crime TV Shows
s3314,TV Show,Docuseries
s3315,Movie,Movies
s3316,Movie,Children & Family Movies
s3316,Movie,Comedies
s3317,TV Show,Kids' TV
s3317,TV Show,TV Comedies
s3318,Movie,Children & Family Movies
s3318,Movie,Comedies
s3318,Movie,Music & Musicals
s3319,Movie,Children & Family Movies
s3320,Movie,Children & Family Movies
s3320,Movie,Comedies
s3321,Movie,Children & Family Movies
s3321,Movie,Comedies
s3322,Movie,Children & Family Movies
s3323,Movie,Children & Family Movies
s3323,Movie,Comedies
s3324,Movie,Children & Family Movies
s3324,Movie,Comedies
s3325,Movie,Children & Family Movies
s3325,Movie,Comedies
s3326,TV Show,Kids' TV
s3326,TV Show,TV Comedies
s3327,Movie,Comedies
s3327,Movie,International Movies
s3328,TV Show,Docuseries
s3328,TV Show,International TV Shows
s3328,TV Show,Science & Nature TV
s3329,TV Show,Crime TV Shows
s3329,TV Show,International TV Shows
s3329,TV Show,TV Dramas
s3330,Movie,Dramas
s3331,TV Show,International TV Shows
s3331,TV Show,Reality TV
s3331,TV Show,TV Comedies
s3332,Movie,Dramas
s3333,Movie,Comedies
s3334,TV Show,Anime Series
s3334,TV Show,Teen TV Shows
s3335,Movie,Action & Adventure
s3335,Movie,International Movies
s3336,Movie,Documentaries
s3337,TV Show,Anime Series
s3337,TV Show,International TV Shows
s3337,TV Show,Teen TV Shows
s3338,Movie,Children & Family Movies
s3338,Movie,Dramas
s3338,Movie,Romantic Movies
s3339,Movie,Children & Family Movies
s3339,Movie,Comedies
s3339,Movie,Romantic Movies
s3340,TV Show,Anime Series
s3340,TV Show,Romantic TV Shows
s3340,TV Show,Teen TV Shows
s3341,TV Show,Anime Series
s3341,TV Show,Romantic TV Shows
s3342,TV Show,Anime Series
s3342,TV Show,International TV Shows
s3343,TV Show,International TV Shows
s3343,TV Show,Reality TV
s3344,Movie,Children & Family Movies
s3344,Movie,Comedies
s3344,Movie,Romantic Movies
s3345,TV Show,Reality TV
s3346,TV Show,Kids' TV
s3347,Movie,Movies
s3348,Movie,Dramas
s3349,Movie,Dramas
s3349,Movie,International Movies
s3350,Movie,Documentaries
s3350,Movie,International Movies
s3351,Movie,Children & Family Movies
s3352,TV Show,International TV Shows
s3352,TV Show,Spanish-Language TV Shows
s3352,TV Show,TV Dramas
s3353,TV Show,International TV Shows
s3353,TV Show,TV Dramas
s3353,TV Show,TV Mysteries
s3354,Movie,Documentaries
s3354,Movie,International Movies
s3354,Movie,Music & Musicals
s3355,Movie,Stand-Up Comedy
s3356,TV Show,Anime Series
s3356,TV Show,International TV Shows
s3357,TV Show,Crime TV Shows
s3357,TV Show,International TV Shows
s3357,TV Show,TV Action & Adventure
s3358,TV Show,Crime TV Shows
s3358,TV Show,International TV Shows
s3358,TV Show,TV Dramas
s3359,TV Show,International TV Shows
s3359,TV Show,Korean TV Shows
s3359,TV Show,Romantic TV Shows
s3360,Movie,Dramas
s3360,Movie,International Movies
s3360,Movie,Romantic Movies
s3361,TV Show,International TV Shows
s3361,TV Show,Korean TV Shows
s3361,TV Show,Romantic TV Shows
s3362,TV Show,Crime TV Shows
s3362,TV Show,International TV Shows
s3362,TV Show,TV Dramas
s3363,Movie,Stand-Up Comedy
s3364,TV Show,Docuseries
s3364,TV Show,Stand-Up Comedy & Talk Shows
s3365,Movie,Documentaries
s3365,Movie,International Movies
s3366,Movie,Documentaries
s3366,Movie,International Movies
s3367,Movie,Documentaries
s3367,Movie,International Movies
s3367,Movie,Sports Movies
s3368,TV Show,International TV Shows
s3368,TV Show,Romantic TV Shows
s3368,TV Show,Teen TV Shows
s3369,TV Show,International TV Shows
s3369,TV Show,Romantic TV Shows
s3369,TV Show,Teen TV Shows
s3370,TV Show,TV Comedies
s3371,TV Show,Crime TV Shows
s3371,TV Show,International TV Shows
s3371,TV Show,TV Dramas
s3372,Movie,Dramas
s3372,Movie,International Movies
s3372,Movie,Thrillers
s3373,Movie,Comedies
s3373,Movie,Dramas
s3374,TV Show,Crime TV Shows
s3374,TV Show,International TV Shows
s3374,TV Show,Spanish-Language TV Shows
s3375,Movie,Documentaries
s3376,TV Show,Crime TV Shows
s3376,TV Show,International TV Shows
s3376,TV Show,Spanish-Language TV Shows
s3377,Movie,International Movies
s3378,TV Show,International TV Shows
s3378,TV Show,Reality TV
s3379,TV Show,International TV Shows
s3379,TV Show,Reality TV
s3379,TV Show,Spanish-Language TV Shows
s3380,Movie,Horror Movies
s3380,Movie,Independent Movies
s3380,Movie,Thrillers
s3381,Movie,Comedies
s3381,Movie,Dramas
s3381,Movie,International Movies
s3382,TV Show,International TV Shows
s3382,TV Show,TV Action & Adventure
s3382,TV Show,TV Mysteries
s3383,TV Show,TV Action & Adventure
s3383,TV Show,TV Comedies
s3383,TV Show,TV Horror
s3384,Movie,Documentaries
s3384,Movie,Music & Musicals
s3385,Movie,Horror Movies
s3385,Movie,International Movies
s3386,TV Show,Docuseries
s3387,Movie,Documentaries
s3388,Movie,Action & Adventure
s3388,Movie,International Movies
s3389,Movie,Documentaries
s3389,Movie,Stand-Up Comedy
s3390,Movie,Action & Adventure
s3390,Movie,Comedies
s3390,Movie,Independent Movies
s3391,Movie,Children & Family Movies
s3391,Movie,Comedies
s3392,Movie,Dramas
s3392,Movie,International Movies
s3392,Movie,Thrillers
s3393,Movie,Comedies
s3393,Movie,International Movies
s3393,Movie,Romantic Movies
s3394,TV Show,Kids' TV
s3395,Movie,Children & Family Movies
s3396,Movie,Children & Family Movies
s3397,Movie,Children & Family Movies
s3398,Movie,Children & Family Movies
s3399,Movie,Horror Movies
s3400,Movie,Dramas
s3400,Movie,International Movies
s3401,TV Show,British TV Shows
s3401,TV Show,International TV Shows
s3401,TV Show,Reality TV
s3402,TV Show,British TV Shows
s3402,TV Show,Kids' TV
s3403,Movie,Comedies
s3403,Movie,International Movies
s3403,Movie,Romantic Movies
s3404,TV Show,Kids' TV
s3404,TV Show,TV Comedies
s3405,TV Show,Kids' TV
s3405,TV Show,Korean TV Shows
s3406,Movie,Comedies
s3406,Movie,Dramas
s3406,Movie,International Movies
s3407,TV Show,Kids' TV
s3408,Movie,Action & Adventure
s3408,Movie,Dramas
s3408,Movie,International Movies
s3409,Movie,Documentaries
s3410,Movie,Comedies
s3410,Movie,Dramas
s3411,TV Show,International TV Shows
s3411,TV Show,TV Comedies
s3412,Movie,Dramas
s3412,Movie,International Movies
s3413,Movie,Comedies
s3413,Movie,Dramas
s3413,Movie,International Movies
s3414,Movie,Dramas
s3414,Movie,Faith & Spirituality
s3414,Movie,International Movies
s3415,TV Show,Crime TV Shows
s3415,TV Show,International TV Shows
s3415,TV Show,TV Action & Adventure
s3416,TV Show,Kids' TV
s3416,TV Show,TV Thrillers
s3417,TV Show,International TV Shows
s3417,TV Show,Korean TV Shows
s3417,TV Show,Romantic TV Shows
s3418,Movie,Documentaries
s3419,Movie,Documentaries
s3420,Movie,Stand-Up Comedy
s3421,TV Show,International TV Shows
s3421,TV Show,Korean TV Shows
s3421,TV Show,Romantic TV Shows
s3422,Movie,Horror Movies
s3423,Movie,Documentaries
s3423,Movie,Sports Movies
s3424,TV Show,Crime TV Shows
s3424,TV Show,International TV Shows
s3424,TV Show,TV Dramas
s3425,Movie,Stand-Up Comedy
s3426,Movie,Dramas
s3426,Movie,International Movies
s3427,TV Show,Crime TV Shows
s3427,TV Show,International TV Shows
s3427,TV Show,Korean TV Shows
s3428,Movie,Comedies
s3428,Movie,International Movies
s3428,Movie,Romantic Movies
s3429,Movie,Dramas
s3429,Movie,Thrillers
s3430,Movie,Thrillers
s3431,TV Show,TV Comedies
s3431,TV Show,TV Dramas
s3431,TV Show,Teen TV Shows
s3432,Movie,Dramas
s3432,Movie,International Movies
s3433,Movie,Dramas
s3433,Movie,International Movies
s3433,Movie,Thrillers
s3434,TV Show,International TV Shows
s3434,TV Show,Romantic TV Shows
s3434,TV Show,TV Comedies
s3435,Movie,Horror Movies
s3435,Movie,International Movies
s3436,TV Show,Anime Series
s3436,TV Show,Kids' TV
s3437,Movie,International Movies
s3437,Movie,Music & Musicals
s3438,TV Show,Anime Series
s3438,TV Show,International TV Shows
s3439,Movie,Dramas
s3439,Movie,Romantic Movies
s3440,Movie,Dramas
s3440,Movie,Thrillers
s3441,TV Show,Reality TV
s3442,Movie,Stand-Up Comedy
s3443,Movie,Children & Family Movies
s3443,Movie,Comedies
s3444,Movie,Dramas
s3444,Movie,International Movies
s3444,Movie,Romantic Movies
s3445,TV Show,Kids' TV
s3445,TV Show,Spanish-Language TV Shows
s3446,TV Show,International TV Shows
s3446,TV Show,Korean TV Shows
s3446,TV Show,TV Action & Adventure
s3447,Movie,Dramas
s3447,Movie,Independent Movies
s3447,Movie,International Movies
s3448,Movie,Documentaries
s3449,Movie,Comedies
s3449,Movie,International Movies
s3449,Movie,Romantic Movies
s3450,TV Show,British TV Shows
s3450,TV Show,Kids' TV
s3450,TV Show,TV Thrillers
s3451,Movie,Horror Movies
s3451,Movie,Thrillers
s3452,Movie,Children & Family Movies
s3452,Movie,Comedies
s3453,TV Show,British TV Shows
s3453,TV Show,Crime TV Shows
s3453,TV Show,International TV Shows
s3454,TV Show,Kids' TV
s3454,TV Show,TV Action & Adventure
s3454,TV Show,TV Dramas
s3455,TV Show,Docuseries
s3455,TV Show,Science & Nature TV
s3456,TV Show,Kids' TV
s3457,Movie,Children & Family Movies
s3458,TV Show,Anime Series
s3458,TV Show,Crime TV Shows
s3459,TV Show,Docuseries
s3460,Movie,Comedies
s3460,Movie,International Movies
s3460,Movie,Romantic Movies
s3461,Movie,Documentaries
s3462,TV Show,International TV Shows
s3462,TV Show,Korean TV Shows
s3462,TV Show,Romantic TV Shows
s3463,TV Show,International TV Shows
s3463,TV Show,Korean TV Shows
s3463,TV Show,Romantic TV Shows
s3464,TV Show,International TV Shows
s3464,TV Show,Romantic TV Shows
s3464,TV Show,TV Comedies
s3465,TV Show,International TV Shows
s3465,TV Show,TV Comedies
s3466,Movie,Dramas
s3466,Movie,International Movies
s3466,Movie,Romantic Movies
s3467,TV Show,International TV Shows
s3467,TV Show,TV Comedies
s3467,TV Show,TV Dramas
s3468,TV Show,International TV Shows
s3468,TV Show,TV Comedies
s3469,Movie,Documentaries
s3469,Movie,International Movies
s3469,Movie,Sports Movies
s3470,Movie,Children & Family Movies
s3471,TV Show,Kids' TV
s3471,TV Show,Korean TV Shows
s3472,Movie,Stand-Up Comedy
s3473,Movie,Children & Family Movies
s3473,Movie,Comedies
s3474,TV Show,International TV Shows
s3474,TV Show,Korean TV Shows
s3474,TV Show,Romantic TV Shows
s3475,TV Show,International TV Shows
s3475,TV Show,Korean TV Shows
s3475,TV Show,Romantic TV Shows
s3476,Movie,Children & Family Movies
s3476,Movie,Comedies
s3477,Movie,Comedies
s3477,Movie,Dramas
s3477,Movie,Independent Movies
s3478,TV Show,Crime TV Shows
s3478,TV Show,TV Action & Adventure
s3478,TV Show,TV Dramas
s3479,Movie,Stand-Up Comedy
s3480,Movie,Documentaries
s3480,Movie,International Movies
s3481,Movie,Dramas
s3481,Movie,International Movies
s3482,TV Show,International TV Shows
s3482,TV Show,TV Action & Adventure
s3482,TV Show,TV Dramas
s3483,Movie,Comedies
s3483,Movie,International Movies
s3484,TV Show,Crime TV Shows
s3484,TV Show,International TV Shows
s3484,TV Show,Spanish-Language TV Shows
s3485,Movie,Dramas
s3485,Movie,Sci-Fi & Fantasy
s3485,Movie,Thrillers
s3486,Movie,Anime Features
s3486,Movie,Music & Musicals
s3486,Movie,Sci-Fi & Fantasy
s3487,Movie,Dramas
s3487,Movie,International Movies
s3487,Movie,Romantic Movies
s3488,Movie,Action & Adventure
s3488,Movie,Dramas
s3488,Movie,International Movies
s3489,TV Show,Crime TV Shows
s3489,TV Show,International TV Shows
s3489,TV Show,Spanish-Language TV Shows
s3490,TV Show,Docuseries
s3491,Movie,Documentaries
s3491,Movie,International Movies
s3492,TV Show,International TV Shows
s3492,TV Show,TV Dramas
s3492,TV Show,TV Horror
s3493,Movie,Comedies
s3493,Movie,International Movies
s3493,Movie,Music & Musicals
s3494,Movie,Comedies
s3494,Movie,International Movies
s3494,Movie,Music & Musicals
s3495,Movie,Action & Adventure
s3496,Movie,Stand-Up Comedy
s3497,Movie,Comedies
s3497,Movie,Dramas
s3497,Movie,International Movies
s3498,Movie,Comedies
s3498,Movie,Independent Movies
s3498,Movie,International Movies
s3499,Movie,Dramas
s3499,Movie,Independent Movies
s3499,Movie,International Movies
s3500,TV Show,International TV Shows
s3500,TV Show,Korean TV Shows
s3500,TV Show,TV Action & Adventure
s3501,Movie,Comedies
s3502,TV Show,Crime TV Shows
s3502,TV Show,International TV Shows
s3502,TV Show,TV Dramas
s3503,TV Show,British TV Shows
s3503,TV Show,Crime TV Shows
s3503,TV Show,International TV Shows
s3504,TV Show,British TV Shows
s3504,TV Show,Crime TV Shows
s3504,TV Show,International TV Shows
s3505,TV Show,Reality TV
s3506,TV Show,Docuseries
s3506,TV Show,Science & Nature TV
s3507,TV Show,International TV Shows
s3507,TV Show,TV Comedies
s3507,TV Show,TV Dramas
s3508,Movie,Comedies
s3508,Movie,International Movies
s3509,Movie,Children & Family Movies
s3510,Movie,Dramas
s3510,Movie,International Movies
s3510,Movie,Romantic Movies
s3511,TV Show,International TV Shows
s3511,TV Show,Korean TV Shows
s3511,TV Show,Romantic TV Shows
s3512,Movie,Action & Adventure
s3513,Movie,Stand-Up Comedy
s3514,Movie,Documentaries
s3514,Movie,International Movies
s3514,Movie,Music & Musicals
s3515,Movie,Documentaries
s3516,TV Show,Crime TV Shows
s3516,TV Show,Docuseries
s3517,Movie,Comedies
s3517,Movie,International Movies
s3517,Movie,Music & Musicals
s3518,Movie,Documentaries
s3518,Movie,International Movies
s3519,Movie,Documentaries
s3520,TV Show,Anime Series
s3520,TV Show,International TV Shows
s3520,TV Show,TV Horror
s3521,Movie,Comedies
s3521,Movie,International Movies
s3522,TV Show,International TV Shows
s3522,TV Show,TV Dramas
s3522,TV Show,TV Horror
s3523,Movie,Dramas
s3523,Movie,International Movies
s3523,Movie,Romantic Movies
s3524,Movie,Children & Family Movies
s3524,Movie,Comedies
s3524,Movie,Romantic Movies
s3525,TV Show,British TV Shows
s3525,TV Show,Crime TV Shows
s3525,TV Show,International TV Shows
s3526,TV Show,Crime TV Shows
s3526,TV Show,TV Dramas
s3527,TV Show,TV Action & Adventure
s3527,TV Show,TV Dramas
s3527,TV Show,TV Sci-Fi & Fantasy
s3528,TV Show,Docuseries
s3528,TV Show,Science & Nature TV
s3529,Movie,Stand-Up Comedy
s3530,Movie,Documentaries
s3530,Movie,International Movies
s3531,Movie,Dramas
s3531,Movie,International Movies
s3531,Movie,Thrillers
s3532,Movie,Comedies
s3532,Movie,Dramas
s3532,Movie,Independent Movies
s3533,Movie,Comedies
s3533,Movie,Independent Movies
s3533,Movie,International Movies
s3534,Movie,Comedies
s3534,Movie,International Movies
s3534,Movie,Romantic Movies
s3535,TV Show,International TV Shows
s3535,TV Show,TV Dramas
s3535,TV Show,TV Thrillers
s3536,Movie,Documentaries
s3537,Movie,Dramas
s3537,Movie,Independent Movies
s3537,Movie,International Movies
s3538,Movie,Comedies
s3538,Movie,Dramas
s3538,Movie,International Movies
s3539,Movie,Documentaries
s3539,Movie,International Movies
s3540,TV Show,Kids' TV
s3541,TV Show,Docuseries
s3541,TV Show,Science & Nature TV
s3542,TV Show,Anime Series
s3542,TV Show,International TV Shows
s3543,Movie,Dramas
s3543,Movie,Independent Movies
s3543,Movie,International Movies
s3544,TV Show,British TV Shows
s3544,TV Show,Crime TV Shows
s3544,TV Show,Docuseries
s3545,Movie,Children & Family Movies
s3546,Movie,Comedies
s3546,Movie,International Movies
s3547,TV Show,British TV Shows
s3547,TV Show,Kids' TV
s3548,Movie,Comedies
s3548,Movie,International Movies
s3549,Movie,Comedies
s3549,Movie,International Movies
s3550,Movie,Children & Family Movies
s3550,Movie,Comedies
s3550,Movie,Dramas
s3551,TV Show,Reality TV
s3552,TV Show,TV Action & Adventure
s3552,TV Show,TV Dramas
s3552,TV Show,TV Sci-Fi & Fantasy
s3553,TV Show,Crime TV Shows
s3553,TV Show,International TV Shows
s3553,TV Show,Spanish-Language TV Shows
s3554,TV Show,Kids' TV
s3555,Movie,International Movies
s3555,Movie,Thrillers
s3556,Movie,Comedies
s3556,Movie,Romantic Movies
s3557,Movie,Dramas
s3557,Movie,Faith & Spirituality
s3557,Movie,International Movies
s3558,Movie,Documentaries
s3558,Movie,Music & Musicals
s3559,TV Show,British TV Shows
s3559,TV Show,International TV Shows
s3559,TV Show,Reality TV
s3560,Movie,Stand-Up Comedy
s3561,Movie,Comedies
s3561,Movie,International Movies
s3562,TV Show,Crime TV Shows
s3562,TV Show,Docuseries
s3563,TV Show,Anime Series
s3563,TV Show,Crime TV Shows
s3563,TV Show,International TV Shows
s3564,Movie,Comedies
s3564,Movie,Dramas
s3564,Movie,International Movies
s3565,Movie,Comedies
s3565,Movie,International Movies
s3566,Movie,International Movies
s3566,Movie,Music & Musicals
s3567,Movie,Dramas
s3567,Movie,Independent Movies
s3567,Movie,International Movies
s3568,Movie,Documentaries
s3569,Movie,Horror Movies
s3569,Movie,International Movies
s3569,Movie,Thrillers
s3570,Movie,Horror Movies
s3570,Movie,International Movies
s3570,Movie,Thrillers
s3571,Movie,Horror Movies
s3571,Movie,International Movies
s3571,Movie,Thrillers
s3572,TV Show,Reality TV
s3573,Movie,International Movies
s3573,Movie,Romantic Movies
s3574,Movie,Documentaries
s3575,Movie,Stand-Up Comedy
s3576,TV Show,International TV Shows
s3576,TV Show,Romantic TV Shows
s3576,TV Show,Spanish-Language TV Shows
s3577,TV Show,Crime TV Shows
s3577,TV Show,International TV Shows
s3577,TV Show,Spanish-Language TV Shows
s3578,TV Show,Crime TV Shows
s3578,TV Show,International TV Shows
s3578,TV Show,TV Dramas
s3579,TV Show,Docuseries
s3579,TV Show,Science & Nature TV
s3580,TV Show,Crime TV Shows
s3580,TV Show,International TV Shows
s3580,TV Show,Spanish-Language TV Shows
s3581,Movie,Children & Family Movies
s3581,Movie,Comedies
s3581,Movie,Sci-Fi & Fantasy
s3582,TV Show,Crime TV Shows
s3582,TV Show,TV Dramas
s3582,TV Show,TV Mysteries
s3583,Movie,Sci-Fi & Fantasy
s3583,Movie,Thrillers
s3584,Movie,Comedies
s3585,Movie,Children & Family Movies
s3586,TV Show,International TV Shows
s3586,TV Show,TV Action & Adventure
s3586,TV Show,TV Dramas
s3587,Movie,Comedies
s3587,Movie,International Movies
s3588,TV Show,International TV Shows
s3588,TV Show,Spanish-Language TV Shows
s3588,TV Show,TV Action & Adventure
s3589,TV Show,Anime Series
s3589,TV Show,International TV Shows
s3590,TV Show,Crime TV Shows
s3590,TV Show,International TV Shows
s3590,TV Show,TV Dramas
s3591,TV Show,International TV Shows
s3591,TV Show,TV Dramas
s3591,TV Show,TV Thrillers
s3592,Movie,Stand-Up Comedy
s3593,TV Show,Crime TV Shows
s3593,TV Show,Docuseries
s3594,Movie,Dramas
s3594,Movie,International Movies
s3595,Movie,Comedies
s3595,Movie,International Movies
s3595,Movie,Music & Musicals
s3596,Movie,Documentaries
s3596,Movie,Sports Movies
s3597,Movie,Documentaries
s3597,Movie,International Movies
s3598,TV Show,TV Dramas
s3599,TV Show,Kids' TV
s3600,Movie,Stand-Up Comedy
s3601,TV Show,TV Comedies
s3601,TV Show,TV Dramas
s3602,TV Show,TV Comedies
s3602,TV Show,TV Dramas
s3602,TV Show,TV Horror
s3603,Movie,Dramas
s3603,Movie,Independent Movies
s3603,Movie,International Movies
s3604,Movie,Children & Family Movies
s3604,Movie,Comedies
s3604,Movie,LGBTQ Movies
s3605,TV Show,Crime TV Shows
s3605,TV Show,International TV Shows
s3605,TV Show,TV Dramas
s3606,TV Show,Docuseries
s3607,TV Show,Crime TV Shows
s3607,TV Show,International TV Shows
s3607,TV Show,Korean TV Shows
s3608,TV Show,International TV Shows
s3608,TV Show,TV Dramas
s3609,TV Show,Romantic TV Shows
s3609,TV Show,TV Comedies
s3609,TV Show,TV Dramas
s3610,TV Show,International TV Shows
s3610,TV Show,Korean TV Shows
s3610,TV Show,Romantic TV Shows
s3611,TV Show,International TV Shows
s3611,TV Show,Korean TV Shows
s3611,TV Show,Romantic TV Shows
s3612,TV Show,International TV Shows
s3612,TV Show,Korean TV Shows
s3612,TV Show,TV Dramas
s3613,TV Show,International TV Shows
s3613,TV Show,Korean TV Shows
s3613,TV Show,Romantic TV Shows
s3614,TV Show,International TV Shows
s3614,TV Show,Korean TV Shows
s3614,TV Show,Romantic TV Shows
s3615,TV Show,International TV Shows
s3615,TV Show,Korean TV Shows
s3615,TV Show,Romantic TV Shows
s3616,TV Show,TV Action & Adventure
s3616,TV Show,TV Sci-Fi & Fantasy
s3617,Movie,International Movies
s3617,Movie,Thrillers
s3618,Movie,Stand-Up Comedy
s3619,Movie,Comedies
s3619,Movie,Dramas
s3619,Movie,International Movies
s3620,Movie,Stand-Up Comedy
s3621,Movie,Stand-Up Comedy
s3622,Movie,Documentaries
s3622,Movie,Sports Movies
s3623,Movie,Stand-Up Comedy
s3624,Movie,Documentaries
s3624,Movie,International Movies
s3625,TV Show,Kids' TV
s3625,TV Show,TV Comedies
s3625,TV Show,TV Dramas
s3626,Movie,Dramas
s3626,Movie,International Movies
s3627,Movie,Children & Family Movies
s3627,Movie,Comedies
s3627,Movie,International Movies
s3628,TV Show,Docuseries
s3628,TV Show,Reality TV
s3629,Movie,Documentaries
s3630,Movie,Comedies
s3631,Movie,Dramas
s3631,Movie,International Movies
s3632,Movie,Dramas
s3632,Movie,Independent Movies
s3632,Movie,International Movies
s3633,TV Show,International TV Shows
s3633,TV Show,TV Mysteries
s3633,TV Show,TV Thrillers
s3634,TV Show,International TV Shows
s3634,TV Show,TV Comedies
s3634,TV Show,TV Dramas
s3635,Movie,Dramas
s3635,Movie,Thrillers
s3636,Movie,Stand-Up Comedy
s3637,TV Show,Kids' TV
s3638,Movie,Dramas
s3638,Movie,Independent Movies
s3638,Movie,International Movies
s3639,Movie,Horror Movies
s3639,Movie,International Movies
s3640,Movie,Comedies
s3640,Movie,Horror Movies
s3640,Movie,International Movies
s3641,TV Show,International TV Shows
s3641,TV Show,Korean TV Shows
s3641,TV Show,Romantic TV Shows
s3642,Movie,Dramas
s3642,Movie,Independent Movies
s3642,Movie,International Movies
s3643,TV Show,British TV Shows
s3643,TV Show,International TV Shows
s3643,TV Show,TV Action & Adventure
s3644,Movie,Documentaries
s3645,TV Show,Kids' TV
s3646,Movie,Stand-Up Comedy
s3647,Movie,Stand-Up Comedy
s3648,Movie,Action & Adventure
s3648,Movie,Cult Movies
s3648,Movie,International Movies
s3649,Movie,Comedies
s3649,Movie,International Movies
s3650,Movie,Action & Adventure
s3650,Movie,Comedies
s3650,Movie,International Movies
s3651,Movie,Action & Adventure
s3651,Movie,International Movies
s3652,TV Show,International TV Shows
s3652,TV Show,Romantic TV Shows
s3652,TV Show,TV Dramas
s3653,Movie,Comedies
s3653,Movie,International Movies
s3654,TV Show,Stand-Up Comedy & Talk Shows
s3654,TV Show,TV Comedies
s3655,TV Show,Kids' TV
s3655,TV Show,TV Comedies
s3656,TV Show,International TV Shows
s3656,TV Show,TV Horror
s3656,TV Show,TV Mysteries
s3657,TV Show,International TV Shows
s3657,TV Show,Korean TV Shows
s3657,TV Show,Romantic TV Shows
s3658,Movie,Thrillers
s3659,Movie,Action & Adventure
s3659,Movie,Dramas
s3659,Movie,International Movies
s3660,TV Show,Kids' TV
s3660,TV Show,TV Comedies
s3661,TV Show,International TV Shows
s3661,TV Show,Romantic TV Shows
s3661,TV Show,TV Dramas
s3662,Movie,Dramas
s3662,Movie,International Movies
s3663,Movie,Comedies
s3664,TV Show,Anime Series
s3664,TV Show,International TV Shows
s3665,TV Show,Anime Series
s3665,TV Show,International TV Shows
s3665,TV Show,Teen TV Shows
s3666,TV Show,Anime Series
s3666,TV Show,International TV Shows
s3667,TV Show,Anime Series
s3667,TV Show,International TV Shows
s3668,TV Show,Kids' TV
s3668,TV Show,TV Action & Adventure
s3668,TV Show,TV Sci-Fi & Fantasy
s3669,Movie,Comedies
s3669,Movie,Dramas
s3669,Movie,Independent Movies
s3670,TV Show,International TV Shows
s3670,TV Show,TV Dramas
s3671,Movie,Dramas
s3671,Movie,Independent Movies
s3671,Movie,International Movies
s3672,TV Show,International TV Shows
s3672,TV Show,Reality TV
s3673,Movie,Dramas
s3673,Movie,International Movies
s3673,Movie,Thrillers
s3674,TV Show,International TV Shows
s3674,TV Show,Korean TV Shows
s3674,TV Show,Romantic TV Shows
s3675,TV Show,International TV Shows
s3675,TV Show,TV Action & Adventure
s3675,TV Show,TV Sci-Fi & Fantasy
s3676,Movie,Action & Adventure
s3677,Movie,Documentaries
s3677,Movie,International Movies
s3678,TV Show,Kids' TV
s3679,Movie,Documentaries
s3679,Movie,International Movies
s3679,Movie,Music & Musicals
s3680,Movie,Stand-Up Comedy
s3681,TV Show,British TV Shows
s3681,TV Show,Kids' TV
s3681,TV Show,TV Dramas
s3682,Movie,Documentaries
s3682,Movie,International Movies
s3682,Movie,Sports Movies
s3683,TV Show,International TV Shows
s3683,TV Show,Romantic TV Shows
s3683,TV Show,TV Dramas
s3684,Movie,Documentaries
s3685,TV Show,International TV Shows
s3685,TV Show,TV Dramas
s3685,TV Show,TV Thrillers
s3686,TV Show,TV Horror
s3686,TV Show,TV Mysteries
s3686,TV Show,TV Sci-Fi & Fantasy
s3687,TV Show,Docuseries
s3687,TV Show,TV Dramas
s3688,TV Show,International TV Shows
s3688,TV Show,Reality TV
s3689,TV Show,International TV Shows
s3689,TV Show,Romantic TV Shows
s3689,TV Show,TV Dramas
s3690,TV Show,International TV Shows
s3690,TV Show,Romantic TV Shows
s3690,TV Show,TV Dramas
s3691,TV Show,International TV Shows
s3691,TV Show,Korean TV Shows
s3691,TV Show,TV Dramas
s3692,TV Show,Kids' TV
s3692,TV Show,TV Action & Adventure
s3692,TV Show,TV Comedies
s3693,TV Show,Kids' TV
s3694,Movie,Stand-Up Comedy
s3695,TV Show,Kids' TV
s3696,TV Show,Kids' TV
s3696,TV Show,TV Comedies
s3697,TV Show,Anime Series
s3697,TV Show,International TV Shows
s3698,Movie,Documentaries
s3698,Movie,International Movies
s3699,Movie,Horror Movies
s3699,Movie,International Movies
s3699,Movie,Romantic Movies
s3700,Movie,Dramas
s3700,Movie,International Movies
s3700,Movie,Thrillers
s3701,TV Show,Reality TV
s3701,TV Show,TV Comedies
s3701,TV Show,TV Horror
s3702,Movie,Comedies
s3702,Movie,Dramas
s3702,Movie,International Movies
s3703,TV Show,Crime TV Shows
s3703,TV Show,Docuseries
s3704,Movie,Documentaries
s3704,Movie,International Movies
s3705,TV Show,Crime TV Shows
s3705,TV Show,Docuseries
s3705,TV Show,Science & Nature TV
s3706,TV Show,International TV Shows
s3706,TV Show,Reality TV
s3707,Movie,Action & Adventure
s3707,Movie,International Movies
s3707,Movie,Sci-Fi & Fantasy
s3708,TV Show,Kids' TV
s3708,TV Show,TV Sci-Fi & Fantasy
s3709,TV Show,International TV Shows
s3709,TV Show,Spanish-Language TV Shows
s3709,TV Show,TV Comedies
s3710,Movie,Dramas
s3710,Movie,Independent Movies
s3710,Movie,Music & Musicals
s3711,TV Show,Crime TV Shows
s3711,TV Show,International TV Shows
s3711,TV Show,TV Comedies
s3712,Movie,Stand-Up Comedy
s3713,Movie,International Movies
s3713,Movie,Music & Musicals
s3714,Movie,International Movies
s3714,Movie,Music & Musicals
s3714,Movie,Thrillers
s3715,Movie,Documentaries
s3715,Movie,International Movies
s3716,Movie,Stand-Up Comedy
s3717,TV Show,Anime Series
s3717,TV Show,International TV Shows
s3718,Movie,Action & Adventure
s3718,Movie,International Movies
s3719,Movie,Dramas
s3719,Movie,Independent Movies
s3719,Movie,International Movies
s3720,TV Show,International TV Shows
s3720,TV Show,Romantic TV Shows
s3720,TV Show,Spanish-Language TV Shows
s3721,Movie,Action & Adventure
s3721,Movie,Anime Features
s3721,Movie,International Movies
s3722,TV Show,Docuseries
s3722,TV Show,Reality TV
s3723,TV Show,Kids' TV
s3723,TV Show,Spanish-Language TV Shows
s3723,TV Show,Teen TV Shows
s3724,TV Show,Anime Series
s3724,TV Show,International TV Shows
s3725,TV Show,Anime Series
s3725,TV Show,International TV Shows
s3726,TV Show,Crime TV Shows
s3726,TV Show,TV Action & Adventure
s3726,TV Show,TV Dramas
s3727,TV Show,International TV Shows
s3727,TV Show,Reality TV
s3728,TV Show,Crime TV Shows
s3728,TV Show,Docuseries
s3729,Movie,Action & Adventure
s3729,Movie,Anime Features
s3729,Movie,International Movies
s3730,Movie,Horror Movies
s3730,Movie,Independent Movies
s3730,Movie,International Movies
s3731,Movie,Dramas
s3731,Movie,International Movies
s3731,Movie,Thrillers
s3732,Movie,Dramas
s3732,Movie,Independent Movies
s3732,Movie,Music & Musicals
s3733,Movie,Documentaries
s3733,Movie,International Movies
s3734,Movie,Stand-Up Comedy
s3735,Movie,Thrillers
s3736,Movie,Comedies
s3736,Movie,Dramas
s3736,Movie,Independent Movies
s3737,TV Show,Anime Series
s3737,TV Show,International TV Shows
s3738,TV Show,Anime Series
s3738,TV Show,International TV Shows
s3739,Movie,Documentaries
s3740,Movie,Comedies
s3740,Movie,International Movies
s3740,Movie,Romantic Movies
s3741,Movie,Dramas
s3741,Movie,Independent Movies
s3741,Movie,International Movies
s3742,TV Show,Anime Series
s3742,TV Show,International TV Shows
s3743,TV Show,International TV Shows
s3743,TV Show,Romantic TV Shows
s3743,TV Show,TV Comedies
s3744,TV Show,Crime TV Shows
s3744,TV Show,Docuseries
s3744,TV Show,International TV Shows
s3745,TV Show,Crime TV Shows
s3745,TV Show,International TV Shows
s3745,TV Show,TV Dramas
s3746,TV Show,Reality TV
s3747,TV Show,Crime TV Shows
s3747,TV Show,International TV Shows
s3747,TV Show,TV Dramas
s3748,Movie,Children & Family Movies
s3748,Movie,Comedies
s3749,TV Show,Crime TV Shows
s3749,TV Show,International TV Shows
s3749,TV Show,Spanish-Language TV Shows
s3750,TV Show,TV Comedies
s3750,TV Show,TV Dramas
s3751,TV Show,British TV Shows
s3751,TV Show,International TV Shows
s3751,TV Show,TV Dramas
s3752,TV Show,TV Comedies
s3753,TV Show,Crime TV Shows
s3753,TV Show,TV Action & Adventure
s3753,TV Show,TV Dramas
s3754,Movie,Comedies
s3755,TV Show,Crime TV Shows
s3755,TV Show,International TV Shows
s3755,TV Show,Spanish-Language TV Shows
s3756,TV Show,International TV Shows
s3756,TV Show,TV Dramas
s3756,TV Show,TV Mysteries
s3757,Movie,Documentaries
s3758,Movie,Horror Movies
s3758,Movie,International Movies
s3759,Movie,Stand-Up Comedy
s3760,Movie,Documentaries
s3760,Movie,Music & Musicals
s3761,TV Show,Kids' TV
s3762,Movie,Dramas
s3762,Movie,Independent Movies
s3762,Movie,International Movies
s3763,TV Show,Crime TV Shows
s3763,TV Show,TV Dramas
s3763,TV Show,TV Thrillers
s3764,Movie,Dramas
s3764,Movie,International Movies
s3764,Movie,LGBTQ Movies
s3765,Movie,International Movies
s3765,Movie,Sci-Fi & Fantasy
s3765,Movie,Thrillers
s3766,Movie,Comedies
s3766,Movie,International Movies
s3766,Movie,Romantic Movies
s3767,Movie,Children & Family Movies
s3768,Movie,Children & Family Movies
s3768,Movie,Dramas
s3768,Movie,International Movies
s3769,Movie,Comedies
s3769,Movie,Horror Movies
s3769,Movie,Independent Movies
s3770,TV Show,Kids' TV
s3771,TV Show,TV Dramas
s3772,Movie,Documentaries
s3772,Movie,Music & Musicals
s3773,Movie,Dramas
s3773,Movie,International Movies
s3774,Movie,Anime Features
s3774,Movie,International Movies
s3775,TV Show,British TV Shows
s3775,TV Show,International TV Shows
s3775,TV Show,TV Dramas
s3776,Movie,Dramas
s3776,Movie,International Movies
s3776,Movie,Sci-Fi & Fantasy
s3777,Movie,Stand-Up Comedy
s3778,Movie,Children & Family Movies
s3778,Movie,Sci-Fi & Fantasy
s3779,TV Show,TV Comedies
s3780,TV Show,Kids' TV
s3780,TV Show,TV Action & Adventure
s3780,TV Show,TV Comedies
s3781,TV Show,International TV Shows
s3781,TV Show,Korean TV Shows
s3781,TV Show,TV Action & Adventure
s3782,Movie,Dramas
s3782,Movie,International Movies
s3783,TV Show,International TV Shows
s3783,TV Show,TV Dramas
s3784,Movie,Dramas
s3784,Movie,Independent Movies
s3784,Movie,International Movies
s3785,TV Show,Anime Series
s3785,TV Show,International TV Shows
s3785,TV Show,Teen TV Shows
s3786,Movie,Comedies
s3786,Movie,International Movies
s3787,Movie,Action & Adventure
s3787,Movie,International Movies
s3787,Movie,Sports Movies
s3788,TV Show,Crime TV Shows
s3788,TV Show,TV Dramas
s3789,Movie,Comedies
s3789,Movie,Dramas
s3789,Movie,Independent Movies
s3790,TV Show,Crime TV Shows
s3790,TV Show,Docuseries
s3790,TV Show,International TV Shows
s3791,Movie,Dramas
s3791,Movie,International Movies
s3792,Movie,Comedies
s3792,Movie,Dramas
s3792,Movie,International Movies
s3793,TV Show,Crime TV Shows
s3793,TV Show,TV Dramas
s3794,Movie,International Movies
s3794,Movie,Thrillers
s3795,TV Show,Stand-Up Comedy & Talk Shows
s3795,TV Show,TV Comedies
s3796,Movie,Documentaries
s3797,TV Show,Docuseries
s3797,TV Show,International TV Shows
s3798,Movie,Dramas
s3798,Movie,Independent Movies
s3798,Movie,International Movies
s3799,Movie,Action & Adventure
s3799,Movie,Independent Movies
s3799,Movie,Sci-Fi & Fantasy
s3800,TV Show,Romantic TV Shows
s3800,TV Show,TV Comedies
s3800,TV Show,TV Dramas
s3801,Movie,Horror Movies
s3801,Movie,LGBTQ Movies
s3801,Movie,Music & Musicals
s3802,TV Show,TV Dramas
s3802,TV Show,TV Thrillers
s3803,Movie,Comedies
s3803,Movie,Music & Musicals
s3803,Movie,Sports Movies
s3804,Movie,Documentaries
s3804,Movie,International Movies
s3805,Movie,Action & Adventure
s3805,Movie,Comedies
s3805,Movie,International Movies
s3806,Movie,Stand-Up Comedy
s3807,TV Show,Kids' TV
s3807,TV Show,TV Comedies
s3808,TV Show,Crime TV Shows
s3808,TV Show,International TV Shows
s3808,TV Show,Spanish-Language TV Shows
s3809,TV Show,Crime TV Shows
s3809,TV Show,Docuseries
s3809,TV Show,International TV Shows
s3810,Movie,Documentaries
s3810,Movie,International Movies
s3811,Movie,Documentaries
s3811,Movie,International Movies
s3812,Movie,Documentaries
s3812,Movie,International Movies
s3813,TV Show,TV Comedies
s3814,Movie,Action & Adventure
s3814,Movie,International Movies
s3815,Movie,Documentaries
s3815,Movie,Music & Musicals
s3816,Movie,Stand-Up Comedy
s3817,Movie,Dramas
s3817,Movie,Sci-Fi & Fantasy
s3817,Movie,Thrillers
s3818,TV Show,British TV Shows
s3818,TV Show,International TV Shows
s3818,TV Show,TV Comedies
s3819,Movie,Children & Family Movies
s3819,Movie,Dramas
s3820,Movie,Dramas
s3820,Movie,Independent Movies
s3820,Movie,International Movies
s3821,Movie,Children & Family Movies
s3821,Movie,Comedies
s3822,TV Show,British TV Shows
s3822,TV Show,Kids' TV
s3822,TV Show,TV Comedies
s3823,Movie,Dramas
s3823,Movie,Independent Movies
s3823,Movie,International Movies
s3824,TV Show,Kids' TV
s3824,TV Show,Spanish-Language TV Shows
s3825,TV Show,International TV Shows
s3825,TV Show,Romantic TV Shows
s3825,TV Show,TV Dramas
s3826,Movie,Action & Adventure
s3826,Movie,Dramas
s3827,TV Show,Anime Series
s3827,TV Show,International TV Shows
s3828,Movie,Comedies
s3829,Movie,Documentaries
s3830,Movie,Children & Family Movies
s3830,Movie,Comedies
s3831,Movie,Documentaries
s3832,TV Show,Crime TV Shows
s3832,TV Show,International TV Shows
s3832,TV Show,TV Dramas
s3833,Movie,Dramas
s3833,Movie,Independent Movies
s3833,Movie,International Movies
s3834,Movie,Dramas
s3834,Movie,Independent Movies
s3834,Movie,International Movies
s3835,Movie,Action & Adventure
s3835,Movie,Comedies
s3835,Movie,Dramas
s3836,TV Show,TV Comedies
s3836,TV Show,TV Dramas
s3837,Movie,Comedies
s3837,Movie,Dramas
s3837,Movie,International Movies
s3838,TV Show,Docuseries
s3838,TV Show,Reality TV
s3839,TV Show,Crime TV Shows
s3839,TV Show,International TV Shows
s3839,TV Show,TV Dramas
s3840,TV Show,International TV Shows
s3840,TV Show,Romantic TV Shows
s3840,TV Show,TV Dramas
s3841,TV Show,TV Dramas
s3841,TV Show,Teen TV Shows
s3842,Movie,Comedies
s3843,Movie,Action & Adventure
s3843,Movie,Dramas
s3843,Movie,International Movies
s3844,TV Show,International TV Shows
s3844,TV Show,TV Dramas
s3845,TV Show,International TV Shows
s3845,TV Show,TV Comedies
s3846,TV Show,International TV Shows
s3846,TV Show,Romantic TV Shows
s3846,TV Show,TV Dramas
s3847,TV Show,International TV Shows
s3847,TV Show,Romantic TV Shows
s3847,TV Show,TV Dramas
s3848,TV Show,International TV Shows
s3848,TV Show,Romantic TV Shows
s3848,TV Show,TV Dramas
s3849,TV Show,International TV Shows
s3849,TV Show,TV Dramas
s3850,TV Show,International TV Shows
s3850,TV Show,Romantic TV Shows
s3850,TV Show,TV Comedies
s3851,TV Show,International TV Shows
s3851,TV Show,TV Dramas
s3852,TV Show,International TV Shows
s3852,TV Show,TV Dramas
s3852,TV Show,TV Sci-Fi & Fantasy
s3853,TV Show,Crime TV Shows
s3853,TV Show,International TV Shows
s3853,TV Show,Korean TV Shows
s3854,TV Show,International TV Shows
s3854,TV Show,TV Comedies
s3854,TV Show,TV Dramas
s3855,TV Show,International TV Shows
s3855,TV Show,TV Dramas
s3856,TV Show,Crime TV Shows
s3856,TV Show,International TV Shows
s3856,TV Show,TV Dramas
s3857,TV Show,International TV Shows
s3857,TV Show,TV Dramas
s3858,Movie,Documentaries
s3858,Movie,International Movies
s3859,Movie,International Movies
s3859,Movie,Sci-Fi & Fantasy
s3860,Movie,Documentaries
s3860,Movie,LGBTQ Movies
s3861,TV Show,Crime TV Shows
s3861,TV Show,International TV Shows
s3861,TV Show,Spanish-Language TV Shows
s3862,TV Show,Kids' TV
s3862,TV Show,TV Comedies
s3863,Movie,Comedies
s3863,Movie,International Movies
s3863,Movie,Romantic Movies
s3864,Movie,Dramas
s3864,Movie,Independent Movies
s3865,TV Show,Reality TV
s3866,Movie,Dramas
s3866,Movie,International Movies
s3866,Movie,Thrillers
s3867,Movie,Comedies
s3867,Movie,Romantic Movies
s3868,TV Show,TV Comedies
s3869,Movie,Comedies
s3869,Movie,Dramas
s3869,Movie,International Movies
s3870,Movie,Action & Adventure
s3871,TV Show,Anime Series
s3871,TV Show,International TV Shows
s3872,Movie,Documentaries
s3872,Movie,Music & Musicals
s3873,Movie,Documentaries
s3874,Movie,Horror Movies
s3874,Movie,International Movies
s3875,Movie,Comedies
s3875,Movie,Dramas
s3875,Movie,International Movies
s3876,Movie,Comedies
s3876,Movie,International Movies
s3877,TV Show,International TV Shows
s3877,TV Show,TV Action & Adventure
s3877,TV Show,TV Comedies
s3878,Movie,Stand-Up Comedy
s3879,TV Show,International TV Shows
s3879,TV Show,TV Comedies
s3879,TV Show,TV Dramas
s3880,TV Show,Anime Series
s3880,TV Show,Crime TV Shows
s3880,TV Show,International TV Shows
s3881,TV Show,International TV Shows
s3881,TV Show,TV Comedies
s3881,TV Show,TV Dramas
s3882,TV Show,International TV Shows
s3882,TV Show,TV Comedies
s3882,TV Show,TV Sci-Fi & Fantasy
s3883,TV Show,International TV Shows
s3883,TV Show,TV Comedies
s3883,TV Show,TV Dramas
s3884,TV Show,Crime TV Shows
s3884,TV Show,International TV Shows
s3884,TV Show,Romantic TV Shows
s3885,TV Show,TV Action & Adventure
s3885,TV Show,TV Comedies
s3885,TV Show,TV Horror
s3886,Movie,Dramas
s3886,Movie,Independent Movies
s3886,Movie,International Movies
s3887,TV Show,Crime TV Shows
s3887,TV Show,International TV Shows
s3887,TV Show,Spanish-Language TV Shows
s3888,TV Show,TV Horror
s3888,TV Show,TV Mysteries
s3888,TV Show,Teen TV Shows
s3889,Movie,Comedies
s3889,Movie,International Movies
s3889,Movie,Romantic Movies
s3890,Movie,Comedies
s3890,Movie,Dramas
s3890,Movie,International Movies
s3891,Movie,Comedies
s3891,Movie,Dramas
s3891,Movie,International Movies
s3892,Movie,Documentaries
s3892,Movie,Music & Musicals
s3893,TV Show,Docuseries
s3894,TV Show,TV Shows
s3895,Movie,Dramas
s3895,Movie,International Movies
s3896,Movie,Documentaries
s3896,Movie,Music & Musicals
s3897,Movie,Documentaries
s3898,TV Show,International TV Shows
s3898,TV Show,TV Action & Adventure
s3898,TV Show,TV Comedies
s3899,TV Show,International TV Shows
s3899,TV Show,TV Comedies
s3900,Movie,Dramas
s3900,Movie,Independent Movies
s3900,Movie,International Movies
s3901,TV Show,International TV Shows
s3901,TV Show,Romantic TV Shows
s3902,TV Show,Anime Series
s3902,TV Show,International TV Shows
s3903,TV Show,International TV Shows
s3903,TV Show,TV Comedies
s3904,Movie,Comedies
s3904,Movie,Romantic Movies
s3905,Movie,Dramas
s3905,Movie,International Movies
s3906,Movie,Dramas
s3906,Movie,Independent Movies
s3906,Movie,International Movies
s3907,Movie,Stand-Up Comedy
s3908,Movie,Documentaries
s3908,Movie,Music & Musicals
s3909,Movie,Comedies
s3909,Movie,Dramas
s3909,Movie,International Movies
s3910,Movie,Children & Family Movies
s3911,Movie,Comedies
s3911,Movie,Dramas
s3911,Movie,International Movies
s3912,Movie,International Movies
s3912,Movie,Music & Musicals
s3912,Movie,Thrillers
s3913,Movie,Documentaries
s3913,Movie,Sports Movies
s3914,Movie,Dramas
s3914,Movie,International Movies
s3914,Movie,Romantic Movies
s3915,Movie,Comedies
s3915,Movie,International Movies
s3915,Movie,Music & Musicals
s3916,Movie,Comedies
s3916,Movie,International Movies
s3916,Movie,Romantic Movies
s3917,Movie,Dramas
s3917,Movie,International Movies
s3917,Movie,Sci-Fi & Fantasy
s3918,Movie,Dramas
s3918,Movie,International Movies
s3918,Movie,Romantic Movies
s3919,Movie,Action & Adventure
s3919,Movie,Comedies
s3919,Movie,Dramas
s3920,Movie,Horror Movies
s3921,TV Show,Romantic TV Shows
s3921,TV Show,TV Comedies
s3922,Movie,Dramas
s3922,Movie,International Movies
s3923,Movie,Horror Movies
s3923,Movie,International Movies
s3924,Movie,Horror Movies
s3924,Movie,International Movies
s3925,Movie,Stand-Up Comedy
s3926,TV Show,TV Comedies
s3927,Movie,Comedies
s3927,Movie,Romantic Movies
s3928,TV Show,Romantic TV Shows
s3928,TV Show,TV Comedies
s3929,TV Show,International TV Shows
s3929,TV Show,Korean TV Shows
s3929,TV Show,TV Dramas
s3930,Movie,Stand-Up Comedy
s3931,Movie,Horror Movies
s3931,Movie,Thrillers
s3932,TV Show,Kids' TV
s3932,TV Show,Reality TV
s3932,TV Show,Science & Nature TV
s3933,Movie,Dramas
s3933,Movie,International Movies
s3933,Movie,Music & Musicals
s3934,Movie,Action & Adventure
s3934,Movie,Comedies
s3934,Movie,Dramas
s3935,TV Show,Docuseries
s3936,Movie,Action & Adventure
s3936,Movie,Sci-Fi & Fantasy
s3937,TV Show,British TV Shows
s3937,TV Show,International TV Shows
s3937,TV Show,TV Comedies
s3938,TV Show,Crime TV Shows
s3938,TV Show,International TV Shows
s3938,TV Show,TV Comedies
s3939,TV Show,Docuseries
s3939,TV Show,Science & Nature TV
s3940,Movie,Action & Adventure
s3940,Movie,Comedies
s3940,Movie,Dramas
s3941,TV Show,Crime TV Shows
s3941,TV Show,International TV Shows
s3941,TV Show,TV Dramas
s3942,TV Show,Kids' TV
s3943,TV Show,Docuseries
s3944,TV Show,Kids' TV
s3945,TV Show,Crime TV Shows
s3945,TV Show,International TV Shows
s3945,TV Show,Spanish-Language TV Shows
s3946,Movie,Comedies
s3946,Movie,Dramas
s3946,Movie,Independent Movies
s3947,TV Show,Crime TV Shows
s3947,TV Show,International TV Shows
s3947,TV Show,Korean TV Shows
s3948,Movie,Stand-Up Comedy
s3949,Movie,Horror Movies
s3949,Movie,International Movies
s3950,TV Show,International TV Shows
s3950,TV Show,Romantic TV Shows
s3950,TV Show,TV Dramas
s3951,Movie,Comedies
s3951,Movie,Dramas
s3951,Movie,International Movies
s3952,Movie,Dramas
s3952,Movie,International Movies
s3953,Movie,Stand-Up Comedy
s3954,TV Show,Kids' TV
s3954,TV Show,TV Comedies
s3955,Movie,International Movies
s3955,Movie,Romantic Movies
s3955,Movie,Sci-Fi & Fantasy
s3956,Movie,Dramas
s3956,Movie,Independent Movies
s3956,Movie,International Movies
s3957,TV Show,International TV Shows
s3957,TV Show,Korean TV Shows
s3957,TV Show,Romantic TV Shows
s3958,Movie,Comedies
s3959,TV Show,Anime Series
s3959,TV Show,International TV Shows
s3960,Movie,Horror Movies
s3961,Movie,Dramas
s3961,Movie,Independent Movies
s3961,Movie,International Movies
s3962,TV Show,British TV Shows
s3962,TV Show,Kids' TV
s3963,Movie,Comedies
s3963,Movie,Dramas
s3963,Movie,Independent Movies
s3964,Movie,Dramas
s3964,Movie,International Movies
s3964,Movie,Sports Movies
s3965,TV Show,International TV Shows
s3965,TV Show,TV Dramas
s3965,TV Show,TV Mysteries
s3966,TV Show,TV Comedies
s3966,TV Show,TV Horror
s3966,TV Show,TV Thrillers
s3967,Movie,Dramas
s3968,Movie,Documentaries
s3969,TV Show,International TV Shows
s3969,TV Show,TV Dramas
s3970,TV Show,British TV Shows
s3970,TV Show,International TV Shows
s3970,TV Show,TV Dramas
s3971,TV Show,International TV Shows
s3971,TV Show,TV Dramas
s3972,TV Show,International TV Shows
s3972,TV Show,Reality TV
s3972,TV Show,Romantic TV Shows
s3973,Movie,Horror Movies
s3973,Movie,International Movies
s3974,Movie,Dramas
s3974,Movie,International Movies
s3974,Movie,Romantic Movies
s3975,Movie,Stand-Up Comedy
s3976,Movie,Action & Adventure
s3976,Movie,Comedies
s3976,Movie,Dramas
s3977,TV Show,Crime TV Shows
s3977,TV Show,International TV Shows
s3977,TV Show,TV Action & Adventure
s3978,Movie,Action & Adventure
s3978,Movie,Comedies
s3978,Movie,International Movies
s3979,Movie,Action & Adventure
s3979,Movie,Comedies
s3979,Movie,International Movies
s3980,TV Show,Kids' TV
s3981,TV Show,Crime TV Shows
s3981,TV Show,International TV Shows
s3981,TV Show,Spanish-Language TV Shows
s3982,TV Show,Crime TV Shows
s3982,TV Show,International TV Shows
s3982,TV Show,TV Dramas
s3983,Movie,Dramas
s3983,Movie,International Movies
s3983,Movie,Sci-Fi & Fantasy
s3984,Movie,Documentaries
s3984,Movie,Music & Musicals
s3985,TV Show,International TV Shows
s3985,TV Show,TV Dramas
s3986,Movie,Comedies
s3986,Movie,Dramas
s3986,Movie,Music & Musicals
s3987,TV Show,TV Dramas
s3987,TV Show,TV Mysteries
s3987,TV Show,TV Sci-Fi & Fantasy
s3988,Movie,Documentaries
s3988,Movie,International Movies
s3988,Movie,Sports Movies
s3989,TV Show,Kids' TV
s3990,TV Show,International TV Shows
s3990,TV Show,TV Comedies
s3990,TV Show,TV Dramas
s3991,Movie,Action & Adventure
s3991,Movie,Comedies
s3991,Movie,International Movies
s3992,Movie,Action & Adventure
s3992,Movie,Comedies
s3992,Movie,International Movies
s3993,Movie,Comedies
s3993,Movie,Dramas
s3993,Movie,International Movies
s3994,Movie,Dramas
s3994,Movie,International Movies
s3994,Movie,Romantic Movies
s3995,Movie,International Movies
s3995,Movie,Romantic Movies
s3996,Movie,Documentaries
s3996,Movie,International Movies
s3996,Movie,Sports Movies
s3997,TV Show,International TV Shows
s3997,TV Show,TV Dramas
s3998,Movie,Dramas
s3998,Movie,Independent Movies
s3998,Movie,International Movies
s3999,TV Show,International TV Shows
s3999,TV Show,Romantic TV Shows
s3999,TV Show,TV Dramas
s4000,Movie,Stand-Up Comedy
s4001,Movie,Comedies
s4001,Movie,Dramas
s4001,Movie,Independent Movies
s4002,TV Show,International TV Shows
s4002,TV Show,Romantic TV Shows
s4002,TV Show,TV Comedies
s4003,Movie,Comedies
s4003,Movie,Dramas
s4003,Movie,International Movies
s4004,Movie,Action & Adventure
s4004,Movie,International Movies
s4005,Movie,Stand-Up Comedy
s4006,Movie,Dramas
s4006,Movie,International Movies
s4006,Movie,LGBTQ Movies
s4007,TV Show,International TV Shows
s4007,TV Show,Romantic TV Shows
s4007,TV Show,TV Dramas
s4008,Movie,Stand-Up Comedy
s4009,Movie,Stand-Up Comedy
s4010,Movie,Stand-Up Comedy
s4011,Movie,Stand-Up Comedy
s4012,Movie,Documentaries
s4012,Movie,Sports Movies
s4013,TV Show,International TV Shows
s4013,TV Show,TV Dramas
s4014,Movie,Action & Adventure
s4014,Movie,Dramas
s4014,Movie,International Movies
s4015,TV Show,British TV Shows
s4015,TV Show,Kids' TV
s4016,TV Show,Crime TV Shows
s4016,TV Show,Docuseries
s4017,TV Show,British TV Shows
s4017,TV Show,International TV Shows
s4017,TV Show,TV Comedies
s4018,Movie,Dramas
s4018,Movie,International Movies
s4018,Movie,Romantic Movies
s4019,Movie,Dramas
s4019,Movie,International Movies
s4019,Movie,Romantic Movies
s4020,Movie,Comedies
s4020,Movie,Dramas
s4020,Movie,International Movies
s4021,Movie,International Movies
s4021,Movie,Romantic Movies
s4022,Movie,Comedies
s4022,Movie,Dramas
s4022,Movie,International Movies
s4023,TV Show,International TV Shows
s4023,TV Show,TV Dramas
s4023,TV Show,TV Mysteries
s4024,TV Show,International TV Shows
s4024,TV Show,TV Comedies
s4024,TV Show,TV Sci-Fi & Fantasy
s4025,Movie,Action & Adventure
s4026,Movie,Stand-Up Comedy
s4027,TV Show,International TV Shows
s4027,TV Show,Romantic TV Shows
s4027,TV Show,TV Dramas
s4028,TV Show,International TV Shows
s4028,TV Show,TV Dramas
s4029,TV Show,TV Action & Adventure
s4030,TV Show,International TV Shows
s4030,TV Show,Romantic TV Shows
s4030,TV Show,TV Dramas
s4031,TV Show,International TV Shows
s4031,TV Show,TV Dramas
s4031,TV Show,TV Mysteries
s4032,Movie,Action & Adventure
s4032,Movie,Comedies
s4032,Movie,International Movies
s4033,TV Show,International TV Shows
s4033,TV Show,TV Dramas
s4033,TV Show,TV Horror
s4034,Movie,Dramas
s4034,Movie,Independent Movies
s4034,Movie,Romantic Movies
s4035,Movie,Dramas
s4035,Movie,Independent Movies
s4035,Movie,International Movies
s4036,TV Show,International TV Shows
s4036,TV Show,TV Dramas
s4037,Movie,Children & Family Movies
s4037,Movie,Dramas
s4038,Movie,Comedies
s4038,Movie,Dramas
s4038,Movie,Romantic Movies
s4039,Movie,Comedies
s4039,Movie,International Movies
s4040,Movie,Dramas
s4040,Movie,International Movies
s4040,Movie,Romantic Movies
s4041,Movie,Dramas
s4041,Movie,International Movies
s4041,Movie,Romantic Movies
s4042,Movie,Dramas
s4042,Movie,International Movies
s4042,Movie,Romantic Movies
s4043,TV Show,Crime TV Shows
s4043,TV Show,TV Dramas
s4044,TV Show,International TV Shows
s4044,TV Show,TV Dramas
s4044,TV Show,TV Mysteries
s4045,TV Show,International TV Shows
s4045,TV Show,Korean TV Shows
s4045,TV Show,Romantic TV Shows
s4046,Movie,Action & Adventure
s4047,Movie,Dramas
s4047,Movie,International Movies
s4047,Movie,Romantic Movies
s4048,Movie,Dramas
s4048,Movie,International Movies
s4048,Movie,Romantic Movies
s4049,Movie,Dramas
s4049,Movie,International Movies
s4050,Movie,Action & Adventure
s4050,Movie,Dramas
s4050,Movie,International Movies
s4051,Movie,Documentaries
s4051,Movie,International Movies
s4052,Movie,Documentaries
s4052,Movie,International Movies
s4052,Movie,Sports Movies
s4053,Movie,Documentaries
s4053,Movie,International Movies
s4053,Movie,Music & Musicals
s4054,Movie,Comedies
s4054,Movie,International Movies
s4055,TV Show,Docuseries
s4055,TV Show,International TV Shows
s4056,TV Show,Kids' TV
s4056,TV Show,Korean TV Shows
s4056,TV Show,TV Comedies
s4057,TV Show,Docuseries
s4058,TV Show,TV Dramas
s4059,Movie,Children & Family Movies
s4059,Movie,Comedies
s4060,Movie,Horror Movies
s4060,Movie,International Movies
s4060,Movie,Thrillers
s4061,Movie,Children & Family Movies
s4061,Movie,Comedies
s4062,Movie,Dramas
s4062,Movie,International Movies
s4062,Movie,Music & Musicals
s4063,Movie,Children & Family Movies
s4063,Movie,Dramas
s4063,Movie,Independent Movies
s4064,TV Show,Anime Series
s4064,TV Show,International TV Shows
s4064,TV Show,Teen TV Shows
s4065,Movie,Action & Adventure
s4065,Movie,International Movies
s4066,Movie,Children & Family Movies
s4067,Movie,Dramas
s4067,Movie,International Movies
s4067,Movie,Thrillers
s4068,Movie,Dramas
s4068,Movie,Independent Movies
s4068,Movie,International Movies
s4069,Movie,Dramas
s4069,Movie,International Movies
s4069,Movie,Romantic Movies
s4070,Movie,Action & Adventure
s4070,Movie,Comedies
s4070,Movie,International Movies
s4071,Movie,Comedies
s4071,Movie,International Movies
s4071,Movie,Romantic Movies
s4072,Movie,Comedies
s4072,Movie,Dramas
s4072,Movie,International Movies
s4073,Movie,Dramas
s4073,Movie,Independent Movies
s4073,Movie,International Movies
s4074,Movie,Comedies
s4074,Movie,Dramas
s4074,Movie,International Movies
s4075,Movie,Comedies
s4075,Movie,International Movies
s4075,Movie,Romantic Movies
s4076,Movie,Comedies
s4076,Movie,Dramas
s4076,Movie,International Movies
s4077,Movie,Dramas
s4077,Movie,International Movies
s4077,Movie,Romantic Movies
s4078,Movie,Dramas
s4078,Movie,International Movies
s4078,Movie,Music & Musicals
s4079,Movie,Dramas
s4079,Movie,International Movies
s4079,Movie,Romantic Movies
s4080,TV Show,Crime TV Shows
s4080,TV Show,TV Dramas
s4081,Movie,Stand-Up Comedy
s4082,Movie,Dramas
s4082,Movie,Independent Movies
s4082,Movie,International Movies
s4083,Movie,Dramas
s4083,Movie,International Movies
s4084,Movie,Stand-Up Comedy
s4085,TV Show,Docuseries
s4085,TV Show,Reality TV
s4086,Movie,Dramas
s4086,Movie,International Movies
s4087,Movie,Comedies
s4087,Movie,Dramas
s4087,Movie,Independent Movies
s4088,Movie,Dramas
s4088,Movie,Independent Movies
s4088,Movie,International Movies
s4089,Movie,Dramas
s4089,Movie,Independent Movies
s4089,Movie,International Movies
s4090,TV Show,British TV Shows
s4090,TV Show,International TV Shows
s4090,TV Show,Reality TV
s4091,TV Show,Kids' TV
s4092,Movie,Dramas
s4092,Movie,International Movies
s4092,Movie,Thrillers
s4093,Movie,Stand-Up Comedy
s4094,Movie,Documentaries
s4094,Movie,LGBTQ Movies
s4095,Movie,Dramas
s4095,Movie,Independent Movies
s4095,Movie,International Movies
s4096,Movie,Action & Adventure
s4096,Movie,Dramas
s4096,Movie,International Movies
s4097,Movie,Documentaries
s4098,Movie,Dramas
s4098,Movie,International Movies
s4098,Movie,Sci-Fi & Fantasy
s4099,Movie,Dramas
s4099,Movie,Independent Movies
s4099,Movie,International Movies
s4100,Movie,Documentaries
s4101,Movie,Comedies
s4101,Movie,Dramas
s4101,Movie,Independent Movies
s4102,Movie,Dramas
s4102,Movie,Independent Movies
s4102,Movie,International Movies
s4103,Movie,Dramas
s4103,Movie,International Movies
s4104,Movie,Comedies
s4104,Movie,Dramas
s4104,Movie,International Movies
s4105,TV Show,International TV Shows
s4105,TV Show,TV Comedies
s4105,TV Show,TV Dramas
s4106,TV Show,Docuseries
s4106,TV Show,TV Comedies
s4107,Movie,Dramas
s4107,Movie,International Movies
s4107,Movie,Romantic Movies
s4108,Movie,Comedies
s4108,Movie,International Movies
s4108,Movie,Romantic Movies
s4109,Movie,Dramas
s4109,Movie,International Movies
s4110,TV Show,Crime TV Shows
s4110,TV Show,Docuseries
s4110,TV Show,International TV Shows
s4111,Movie,Comedies
s4111,Movie,Independent Movies
s4111,Movie,International Movies
s4112,TV Show,International TV Shows
s4112,TV Show,Spanish-Language TV Shows
s4112,TV Show,TV Horror
s4113,Movie,Comedies
s4113,Movie,International Movies
s4113,Movie,Romantic Movies
s4114,Movie,Comedies
s4114,Movie,International Movies
s4115,TV Show,Kids' TV
s4116,Movie,Stand-Up Comedy
s4117,TV Show,International TV Shows
s4117,TV Show,Romantic TV Shows
s4117,TV Show,Spanish-Language TV Shows
s4118,Movie,Documentaries
s4119,TV Show,International TV Shows
s4119,TV Show,Romantic TV Shows
s4119,TV Show,TV Dramas
s4120,TV Show,Crime TV Shows
s4120,TV Show,International TV Shows
s4120,TV Show,TV Dramas
s4121,Movie,Dramas
s4121,Movie,Sports Movies
s4122,Movie,Children & Family Movies
s4122,Movie,Comedies
s4123,TV Show,TV Comedies
s4124,Movie,Documentaries
s4124,Movie,Music & Musicals
s4125,Movie,Dramas
s4125,Movie,Independent Movies
s4125,Movie,International Movies
s4126,TV Show,International TV Shows
s4126,TV Show,TV Comedies
s4127,TV Show,Crime TV Shows
s4127,TV Show,International TV Shows
s4127,TV Show,TV Dramas
s4128,TV Show,Crime TV Shows
s4128,TV Show,International TV Shows
s4128,TV Show,Korean TV Shows
s4129,Movie,Stand-Up Comedy
s4130,TV Show,British TV Shows
s4130,TV Show,Crime TV Shows
s4130,TV Show,International TV Shows
s4131,TV Show,International TV Shows
s4131,TV Show,TV Dramas
s4132,TV Show,Anime Series
s4132,TV Show,International TV Shows
s4132,TV Show,Romantic TV Shows
s4133,TV Show,International TV Shows
s4133,TV Show,Korean TV Shows
s4133,TV Show,Romantic TV Shows
s4134,Movie,Horror Movies
s4134,Movie,Sci-Fi & Fantasy
s4135,Movie,Dramas
s4135,Movie,Independent Movies
s4135,Movie,International Movies
s4136,Movie,Documentaries
s4137,Movie,Comedies
s4137,Movie,Dramas
s4137,Movie,International Movies
s4138,Movie,Children & Family Movies
s4138,Movie,Dramas
s4139,Movie,Movies
s4140,Movie,Children & Family Movies
s4141,Movie,Children & Family Movies
s4142,TV Show,Kids' TV
s4143,TV Show,TV Comedies
s4143,TV Show,TV Dramas
s4144,TV Show,Crime TV Shows
s4144,TV Show,International TV Shows
s4144,TV Show,TV Dramas
s4145,TV Show,Anime Series
s4145,TV Show,International TV Shows
s4146,Movie,Children & Family Movies
s4147,Movie,Dramas
s4147,Movie,Thrillers
s4148,Movie,Comedies
s4148,Movie,Horror Movies
s4148,Movie,International Movies
s4149,Movie,Comedies
s4149,Movie,Dramas
s4149,Movie,International Movies
s4150,TV Show,Kids' TV
s4151,Movie,Dramas
s4151,Movie,International Movies
s4152,Movie,Dramas
s4152,Movie,International Movies
s4152,Movie,Music & Musicals
s4153,Movie,Dramas
s4153,Movie,Independent Movies
s4153,Movie,International Movies
s4154,Movie,Stand-Up Comedy
s4155,Movie,Dramas
s4155,Movie,International Movies
s4156,Movie,Dramas
s4156,Movie,International Movies
s4156,Movie,Sci-Fi & Fantasy
s4157,Movie,Documentaries
s4158,Movie,Dramas
s4158,Movie,International Movies
s4158,Movie,Romantic Movies
s4159,Movie,Dramas
s4159,Movie,Independent Movies
s4159,Movie,International Movies
s4160,Movie,Dramas
s4160,Movie,International Movies
s4161,Movie,Dramas
s4161,Movie,Faith & Spirituality
s4161,Movie,International Movies
s4162,Movie,Dramas
s4162,Movie,Faith & Spirituality
s4162,Movie,International Movies
s4163,TV Show,International TV Shows
s4163,TV Show,TV Dramas
s4164,TV Show,TV Action & Adventure
s4164,TV Show,TV Comedies
s4164,TV Show,TV Horror
s4165,Movie,Dramas
s4165,Movie,International Movies
s4166,Movie,Horror Movies
s4166,Movie,International Movies
s4167,TV Show,British TV Shows
s4167,TV Show,International TV Shows
s4167,TV Show,TV Dramas
s4168,TV Show,International TV Shows
s4168,TV Show,Spanish-Language TV Shows
s4168,TV Show,TV Comedies
s4169,TV Show,Crime TV Shows
s4169,TV Show,Docuseries
s4169,TV Show,International TV Shows
s4170,Movie,Comedies
s4170,Movie,International Movies
s4171,Movie,Action & Adventure
s4171,Movie,International Movies
s4172,TV Show,International TV Shows
s4172,TV Show,Romantic TV Shows
s4172,TV Show,TV Comedies
s4173,TV Show,Crime TV Shows
s4173,TV Show,Docuseries
s4174,Movie,Dramas
s4174,Movie,International Movies
s4174,Movie,Music & Musicals
s4175,TV Show,Crime TV Shows
s4175,TV Show,International TV Shows
s4175,TV Show,TV Dramas
s4176,Movie,Action & Adventure
s4176,Movie,International Movies
s4177,Movie,Documentaries
s4178,Movie,Dramas
s4178,Movie,Sci-Fi & Fantasy
s4179,TV Show,Crime TV Shows
s4179,TV Show,TV Action & Adventure
s4179,TV Show,TV Thrillers
s4180,TV Show,International TV Shows
s4180,TV Show,Romantic TV Shows
s4180,TV Show,TV Dramas
s4181,Movie,Documentaries
s4181,Movie,International Movies
s4182,Movie,Documentaries
s4182,Movie,International Movies
s4183,Movie,Dramas
s4183,Movie,Independent Movies
s4183,Movie,International Movies
s4184,TV Show,British TV Shows
s4184,TV Show,Docuseries
s4184,TV Show,International TV Shows
s4185,TV Show,Docuseries
s4185,TV Show,Stand-Up Comedy & Talk Shows
s4186,Movie,Documentaries
s4187,Movie,Dramas
s4187,Movie,International Movies
s4188,Movie,Comedies
s4188,Movie,Independent Movies
s4188,Movie,International Movies
s4189,Movie,International Movies
s4189,Movie,Thrillers
s4190,TV Show,International TV Shows
s4190,TV Show,Romantic TV Shows
s4190,TV Show,TV Dramas
s4191,Movie,Action & Adventure
s4191,Movie,Dramas
s4191,Movie,International Movies
s4192,Movie,Horror Movies
s4192,Movie,International Movies
s4193,Movie,Action & Adventure
s4193,Movie,International Movies
s4194,Movie,Stand-Up Comedy
s4195,Movie,Horror Movies
s4195,Movie,International Movies
s4196,Movie,Horror Movies
s4196,Movie,International Movies
s4197,TV Show,International TV Shows
s4197,TV Show,TV Dramas
s4198,Movie,Dramas
s4198,Movie,International Movies
s4199,Movie,Comedies
s4199,Movie,Dramas
s4199,Movie,International Movies
s4200,TV Show,International TV Shows
s4200,TV Show,Reality TV
s4200,TV Show,Romantic TV Shows
s4201,TV Show,Romantic TV Shows
s4201,TV Show,TV Comedies
s4202,TV Show,TV Comedies
s4203,TV Show,British TV Shows
s4203,TV Show,Kids' TV
s4203,TV Show,TV Comedies
s4204,Movie,Documentaries
s4204,Movie,Music & Musicals
s4205,Movie,Dramas
s4205,Movie,Independent Movies
s4205,Movie,International Movies
s4206,Movie,Comedies
s4206,Movie,Dramas
s4207,TV Show,Kids' TV
s4207,TV Show,Spanish-Language TV Shows
s4208,TV Show,International TV Shows
s4208,TV Show,TV Action & Adventure
s4208,TV Show,TV Dramas
s4209,Movie,Action & Adventure
s4209,Movie,Anime Features
s4209,Movie,International Movies
s4210,Movie,Comedies
s4210,Movie,Dramas
s4210,Movie,International Movies
s4211,Movie,Dramas
s4211,Movie,Independent Movies
s4211,Movie,International Movies
s4212,Movie,Horror Movies
s4212,Movie,International Movies
s4212,Movie,Romantic Movies
s4213,Movie,Dramas
s4213,Movie,Independent Movies
s4213,Movie,International Movies
s4214,Movie,Dramas
s4214,Movie,International Movies
s4214,Movie,Music & Musicals
s4215,Movie,Comedies
s4215,Movie,Dramas
s4215,Movie,Independent Movies
s4216,TV Show,International TV Shows
s4216,TV Show,Romantic TV Shows
s4216,TV Show,TV Dramas
s4217,TV Show,International TV Shows
s4217,TV Show,Romantic TV Shows
s4217,TV Show,TV Dramas
s4218,Movie,Action & Adventure
s4218,Movie,Classic Movies
s4218,Movie,Comedies
s4219,TV Show,Kids' TV
s4219,TV Show,TV Action & Adventure
s4219,TV Show,TV Comedies
s4220,Movie,Comedies
s4220,Movie,International Movies
s4220,Movie,Music & Musicals
s4221,TV Show,Stand-Up Comedy & Talk Shows
s4221,TV Show,TV Comedies
s4222,Movie,Dramas
s4222,Movie,Independent Movies
s4222,Movie,International Movies
s4223,Movie,Stand-Up Comedy
s4224,Movie,Anime Features
s4224,Movie,Children & Family Movies
s4225,Movie,International Movies
s4225,Movie,Thrillers
s4226,Movie,Dramas
s4226,Movie,Independent Movies
s4226,Movie,International Movies
s4227,TV Show,International TV Shows
s4227,TV Show,TV Dramas
s4228,TV Show,Reality TV
s4229,Movie,Stand-Up Comedy
s4230,Movie,Stand-Up Comedy
s4231,Movie,Documentaries
s4232,Movie,Stand-Up Comedy
s4233,Movie,Stand-Up Comedy
s4234,Movie,Stand-Up Comedy
s4235,Movie,Stand-Up Comedy
s4236,Movie,Stand-Up Comedy
s4237,Movie,Documentaries
s4237,Movie,International Movies
s4237,Movie,Music & Musicals
s4238,Movie,Stand-Up Comedy
s4239,Movie,Stand-Up Comedy
s4240,Movie,Stand-Up Comedy
s4241,Movie,Documentaries
s4242,Movie,Comedies
s4242,Movie,Horror Movies
s4242,Movie,International Movies
s4243,Movie,Music & Musicals
s4244,Movie,Action & Adventure
s4244,Movie,Anime Features
s4244,Movie,International Movies
s4245,Movie,Stand-Up Comedy
s4246,Movie,Stand-Up Comedy
s4247,Movie,Music & Musicals
s4247,Movie,Stand-Up Comedy
s4248,Movie,Music & Musicals
s4248,Movie,Stand-Up Comedy
s4249,Movie,Stand-Up Comedy
s4250,Movie,Stand-Up Comedy
s4251,TV Show,TV Shows
s4252,TV Show,Crime TV Shows
s4252,TV Show,International TV Shows
s4252,TV Show,TV Dramas
s4253,Movie,Dramas
s4253,Movie,International Movies
s4254,Movie,Dramas
s4254,Movie,International Movies
s4254,Movie,Sci-Fi & Fantasy
s4255,TV Show,Crime TV Shows
s4255,TV Show,International TV Shows
s4255,TV Show,TV Comedies
s4256,Movie,Action & Adventure
s4256,Movie,Comedies
s4256,Movie,Dramas
s4257,TV Show,Crime TV Shows
s4257,TV Show,Docuseries
s4258,TV Show,International TV Shows
s4258,TV Show,TV Dramas
s4258,TV Show,Teen TV Shows
s4259,Movie,Documentaries
s4259,Movie,International Movies
s4260,Movie,Dramas
s4260,Movie,International Movies
s4260,Movie,Thrillers
s4261,TV Show,Stand-Up Comedy & Talk Shows
s4261,TV Show,TV Comedies
s4262,TV Show,International TV Shows
s4262,TV Show,Romantic TV Shows
s4262,TV Show,TV Comedies
s4263,TV Show,British TV Shows
s4263,TV Show,International TV Shows
s4263,TV Show,TV Action & Adventure
s4264,TV Show,Crime TV Shows
s4264,TV Show,International TV Shows
s4264,TV Show,TV Dramas
s4265,TV Show,British TV Shows
s4265,TV Show,TV Comedies
s4266,TV Show,International TV Shows
s4266,TV Show,Romantic TV Shows
s4266,TV Show,TV Dramas
s4267,TV Show,Docuseries
s4268,Movie,Comedies
s4268,Movie,Dramas
s4268,Movie,International Movies
s4269,Movie,Dramas
s4269,Movie,Sci-Fi & Fantasy
s4269,Movie,Thrillers
s4270,TV Show,International TV Shows
s4270,TV Show,Romantic TV Shows
s4270,TV Show,TV Comedies
s4271,TV Show,Anime Series
s4271,TV Show,International TV Shows
s4272,TV Show,International TV Shows
s4272,TV Show,Romantic TV Shows
s4272,TV Show,TV Comedies
s4273,TV Show,International TV Shows
s4273,TV Show,Romantic TV Shows
s4273,TV Show,TV Dramas
s4274,TV Show,Crime TV Shows
s4274,TV Show,International TV Shows
s4274,TV Show,TV Dramas
s4275,TV Show,Anime Series
s4275,TV Show,International TV Shows
s4275,TV Show,TV Thrillers
s4276,Movie,Documentaries
s4277,TV Show,International TV Shows
s4277,TV Show,TV Action & Adventure
s4277,TV Show,TV Dramas
s4278,Movie,Horror Movies
s4278,Movie,International Movies
s4279,Movie,Movies
s4280,TV Show,Anime Series
s4280,TV Show,International TV Shows
s4281,Movie,Action & Adventure
s4281,Movie,International Movies
s4282,Movie,International Movies
s4282,Movie,Thrillers
s4283,Movie,Dramas
s4283,Movie,International Movies
s4283,Movie,Thrillers
s4284,Movie,Dramas
s4284,Movie,Independent Movies
s4284,Movie,International Movies
s4285,TV Show,Stand-Up Comedy & Talk Shows
s4285,TV Show,TV Comedies
s4286,Movie,Dramas
s4286,Movie,Independent Movies
s4286,Movie,International Movies
s4287,Movie,Children & Family Movies
s4287,Movie,Comedies
s4288,Movie,Comedies
s4288,Movie,Dramas
s4288,Movie,International Movies
s4289,TV Show,International TV Shows
s4289,TV Show,Romantic TV Shows
s4289,TV Show,TV Comedies
s4290,Movie,Children & Family Movies
s4290,Movie,Comedies
s4291,TV Show,Kids' TV
s4291,TV Show,TV Comedies
s4292,Movie,Dramas
s4292,Movie,Thrillers
s4293,Movie,Comedies
s4293,Movie,Dramas
s4294,Movie,Music & Musicals
s4295,Movie,Dramas
s4295,Movie,Romantic Movies
s4296,Movie,Children & Family Movies
s4296,Movie,Sci-Fi & Fantasy
s4297,TV Show,British TV Shows
s4297,TV Show,International TV Shows
s4297,TV Show,TV Comedies
s4298,Movie,Comedies
s4298,Movie,Dramas
s4298,Movie,International Movies
s4299,Movie,Documentaries
s4299,Movie,Music & Musicals
s4300,Movie,Documentaries
s4300,Movie,Music & Musicals
s4301,Movie,Documentaries
s4301,Movie,Music & Musicals
s4302,Movie,Documentaries
s4302,Movie,Music & Musicals
s4303,Movie,Documentaries
s4303,Movie,International Movies
s4304,Movie,Dramas
s4304,Movie,International Movies
s4304,Movie,Thrillers
s4305,TV Show,International TV Shows
s4305,TV Show,Korean TV Shows
s4305,TV Show,Romantic TV Shows
s4306,TV Show,British TV Shows
s4306,TV Show,Crime TV Shows
s4306,TV Show,Docuseries
s4307,Movie,Dramas
s4307,Movie,Independent Movies
s4307,Movie,International Movies
s4308,TV Show,TV Comedies
s4309,TV Show,Crime TV Shows
s4309,TV Show,Docuseries
s4310,TV Show,Crime TV Shows
s4310,TV Show,International TV Shows
s4310,TV Show,TV Dramas
s4311,TV Show,Crime TV Shows
s4311,TV Show,International TV Shows
s4311,TV Show,TV Dramas
s4312,TV Show,Kids' TV
s4313,TV Show,Anime Series
s4313,TV Show,International TV Shows
s4314,Movie,Documentaries
s4315,Movie,Stand-Up Comedy
s4316,Movie,Comedies
s4316,Movie,International Movies
s4317,TV Show,Crime TV Shows
s4317,TV Show,International TV Shows
s4317,TV Show,TV Dramas
s4318,Movie,Comedies
s4318,Movie,Dramas
s4318,Movie,Independent Movies
s4319,Movie,Children & Family Movies
s4319,Movie,Dramas
s4320,Movie,Action & Adventure
s4320,Movie,Children & Family Movies
s4320,Movie,Dramas
s4321,TV Show,TV Comedies
s4321,TV Show,TV Sci-Fi & Fantasy
s4321,TV Show,Teen TV Shows
s4322,TV Show,International TV Shows
s4322,TV Show,TV Dramas
s4323,Movie,Documentaries
s4323,Movie,Music & Musicals
s4324,Movie,Children & Family Movies
s4325,Movie,Documentaries
s4326,Movie,Stand-Up Comedy
s4327,TV Show,International TV Shows
s4327,TV Show,Korean TV Shows
s4327,TV Show,TV Comedies
s4328,TV Show,Crime TV Shows
s4328,TV Show,International TV Shows
s4328,TV Show,Korean TV Shows
s4329,Movie,Action & Adventure
s4329,Movie,Comedies
s4329,Movie,International Movies
s4330,Movie,Dramas
s4330,Movie,International Movies
s4330,Movie,Romantic Movies
s4331,Movie,International Movies
s4331,Movie,Thrillers
s4332,Movie,Documentaries
s4332,Movie,International Movies
s4333,Movie,Dramas
s4333,Movie,International Movies
s4333,Movie,Romantic Movies
s4334,Movie,Action & Adventure
s4334,Movie,Comedies
s4334,Movie,International Movies
s4335,Movie,Comedies
s4335,Movie,International Movies
s4335,Movie,Romantic Movies
s4336,Movie,Comedies
s4336,Movie,Dramas
s4336,Movie,International Movies
s4337,Movie,Dramas
s4337,Movie,International Movies
s4338,Movie,Comedies
s4338,Movie,International Movies
s4338,Movie,Romantic Movies
s4339,Movie,Comedies
s4339,Movie,International Movies
s4339,Movie,Romantic Movies
s4340,Movie,Action & Adventure
s4340,Movie,Dramas
s4340,Movie,International Movies
s4341,TV Show,Kids' TV
s4341,TV Show,Korean TV Shows
s4342,Movie,Action & Adventure
s4342,Movie,International Movies
s4343,Movie,Action & Adventure
s4343,Movie,Dramas
s4343,Movie,International Movies
s4344,Movie,Comedies
s4344,Movie,International Movies
s4344,Movie,Romantic Movies
s4345,Movie,Movies
s4346,Movie,Action & Adventure
s4346,Movie,Comedies
s4346,Movie,International Movies
s4347,Movie,Dramas
s4347,Movie,Independent Movies
s4347,Movie,International Movies
s4348,Movie,Documentaries
s4348,Movie,Sports Movies
s4349,Movie,Comedies
s4349,Movie,International Movies
s4350,Movie,Dramas
s4350,Movie,International Movies
s4351,TV Show,Crime TV Shows
s4351,TV Show,International TV Shows
s4351,TV Show,TV Dramas
s4352,Movie,Children & Family Movies
s4352,Movie,Dramas
s4352,Movie,Romantic Movies
s4353,Movie,Children & Family Movies
s4354,TV Show,Reality TV
s4355,Movie,Dramas
s4355,Movie,International Movies
s4356,Movie,Dramas
s4356,Movie,Independent Movies
s4356,Movie,International Movies
s4357,TV Show,International TV Shows
s4357,TV Show,Romantic TV Shows
s4357,TV Show,TV Dramas
s4358,Movie,Dramas
s4358,Movie,Independent Movies
s4358,Movie,International Movies
s4359,Movie,Comedies
s4359,Movie,Dramas
s4359,Movie,International Movies
s4360,TV Show,Kids' TV
s4361,Movie,Action & Adventure
s4361,Movie,Comedies
s4361,Movie,International Movies
s4362,Movie,Dramas
s4362,Movie,Independent Movies
s4362,Movie,International Movies
s4363,TV Show,Stand-Up Comedy & Talk Shows
s4363,TV Show,TV Comedies
s4364,TV Show,Kids' TV
s4365,Movie,Children & Family Movies
s4366,TV Show,International TV Shows
s4366,TV Show,TV Action & Adventure
s4366,TV Show,TV Dramas
s4367,TV Show,Crime TV Shows
s4367,TV Show,International TV Shows
s4367,TV Show,Spanish-Language TV Shows
s4368,TV Show,British TV Shows
s4368,TV Show,International TV Shows
s4368,TV Show,TV Comedies
s4369,TV Show,TV Comedies
s4369,TV Show,TV Sci-Fi & Fantasy
s4370,Movie,Children & Family Movies
s4370,Movie,Comedies
s4371,Movie,Comedies
s4371,Movie,International Movies
s4372,TV Show,Kids' TV
s4373,TV Show,Kids' TV
s4373,TV Show,TV Comedies
s4374,Movie,Children & Family Movies
s4374,Movie,Comedies
s4375,Movie,Horror Movies
s4375,Movie,International Movies
s4376,Movie,Comedies
s4376,Movie,Horror Movies
s4376,Movie,International Movies
s4377,TV Show,Reality TV
s4378,Movie,Stand-Up Comedy
s4379,Movie,Documentaries
s4380,TV Show,International TV Shows
s4380,TV Show,Romantic TV Shows
s4380,TV Show,TV Dramas
s4381,TV Show,Spanish-Language TV Shows
s4381,TV Show,TV Dramas
s4382,TV Show,Romantic TV Shows
s4382,TV Show,Spanish-Language TV Shows
s4382,TV Show,TV Comedies
s4383,Movie,Horror Movies
s4383,Movie,Independent Movies
s4383,Movie,Thrillers
s4384,Movie,Comedies
s4384,Movie,Dramas
s4384,Movie,International Movies
s4385,TV Show,Kids' TV
s4385,TV Show,TV Dramas
s4386,Movie,Comedies
s4386,Movie,Dramas
s4387,Movie,Children & Family Movies
s4387,Movie,Dramas
s4387,Movie,Romantic Movies
s4388,TV Show,Docuseries
s4388,TV Show,International TV Shows
s4388,TV Show,Reality TV
s4389,Movie,Dramas
s4389,Movie,Independent Movies
s4389,Movie,International Movies
s4390,TV Show,Anime Series
s4390,TV Show,Kids' TV
s4391,Movie,Comedies
s4391,Movie,International Movies
s4391,Movie,Romantic Movies
s4392,Movie,Comedies
s4392,Movie,Dramas
s4392,Movie,Independent Movies
s4393,Movie,Horror Movies
s4393,Movie,International Movies
s4394,Movie,Documentaries
s4394,Movie,International Movies
s4395,Movie,Comedies
s4395,Movie,Independent Movies
s4395,Movie,International Movies
s4396,Movie,Horror Movies
s4396,Movie,International Movies
s4397,Movie,Dramas
s4397,Movie,International Movies
s4398,Movie,Action & Adventure
s4398,Movie,International Movies
s4399,Movie,Music & Musicals
s4400,TV Show,Crime TV Shows
s4400,TV Show,International TV Shows
s4400,TV Show,TV Dramas
s4401,TV Show,Docuseries
s4401,TV Show,International TV Shows
s4401,TV Show,Science & Nature TV
s4402,Movie,Comedies
s4402,Movie,International Movies
s4402,Movie,Romantic Movies
s4403,Movie,Comedies
s4403,Movie,International Movies
s4404,TV Show,Docuseries
s4404,TV Show,TV Dramas
s4405,Movie,Action & Adventure
s4405,Movie,Dramas
s4406,TV Show,International TV Shows
s4406,TV Show,TV Comedies
s4407,TV Show,Crime TV Shows
s4407,TV Show,International TV Shows
s4407,TV Show,Spanish-Language TV Shows
s4408,TV Show,Kids' TV
s4408,TV Show,TV Thrillers
s4409,TV Show,Reality TV
s4410,TV Show,Crime TV Shows
s4410,TV Show,International TV Shows
s4410,TV Show,TV Sci-Fi & Fantasy
s4411,TV Show,Crime TV Shows
s4411,TV Show,TV Dramas
s4412,Movie,Dramas
s4412,Movie,International Movies
s4413,Movie,Stand-Up Comedy
s4414,TV Show,International TV Shows
s4414,TV Show,TV Comedies
s4415,Movie,Comedies
s4415,Movie,International Movies
s4415,Movie,LGBTQ Movies
s4416,TV Show,Kids' TV
s4417,Movie,Documentaries
s4417,Movie,Music & Musicals
s4418,Movie,Dramas
s4418,Movie,Romantic Movies
s4419,Movie,Classic Movies
s4419,Movie,Dramas
s4419,Movie,Independent Movies
s4420,Movie,Documentaries
s4421,Movie,Comedies
s4421,Movie,International Movies
s4421,Movie,Music & Musicals
s4422,Movie,International Movies
s4422,Movie,Thrillers
s4423,Movie,Dramas
s4423,Movie,International Movies
s4423,Movie,Music & Musicals
s4424,Movie,Dramas
s4424,Movie,International Movies
s4425,Movie,Action & Adventure
s4425,Movie,Dramas
s4425,Movie,International Movies
s4426,Movie,Dramas
s4426,Movie,International Movies
s4426,Movie,Music & Musicals
s4427,Movie,Comedies
s4427,Movie,Dramas
s4427,Movie,International Movies
s4428,Movie,Comedies
s4428,Movie,Dramas
s4428,Movie,International Movies
s4429,Movie,International Movies
s4429,Movie,Romantic Movies
s4430,Movie,Comedies
s4430,Movie,Dramas
s4430,Movie,International Movies
s4431,TV Show,Kids' TV
s4431,TV Show,Spanish-Language TV Shows
s4432,Movie,Dramas
s4432,Movie,International Movies
s4432,Movie,Music & Musicals
s4433,Movie,Comedies
s4433,Movie,International Movies
s4433,Movie,Music & Musicals
s4434,Movie,Comedies
s4434,Movie,International Movies
s4435,Movie,Independent Movies
s4435,Movie,Thrillers
s4436,Movie,Stand-Up Comedy
s4437,TV Show,Docuseries
s4438,Movie,Dramas
s4438,Movie,International Movies
s4438,Movie,Thrillers
s4439,Movie,Comedies
s4439,Movie,International Movies
s4439,Movie,Thrillers
s4440,Movie,International Movies
s4440,Movie,Thrillers
s4441,Movie,Comedies
s4441,Movie,Dramas
s4441,Movie,International Movies
s4442,Movie,Dramas
s4442,Movie,International Movies
s4443,Movie,Action & Adventure
s4443,Movie,Comedies
s4443,Movie,International Movies
s4444,Movie,Comedies
s4444,Movie,International Movies
s4444,Movie,Music & Musicals
s4445,Movie,Comedies
s4445,Movie,International Movies
s4445,Movie,Music & Musicals
s4446,Movie,Dramas
s4446,Movie,International Movies
s4446,Movie,Sports Movies
s4447,Movie,Comedies
s4447,Movie,International Movies
s4447,Movie,Music & Musicals
s4448,Movie,Stand-Up Comedy
s4449,Movie,Comedies
s4449,Movie,Dramas
s4449,Movie,International Movies
s4450,Movie,Dramas
s4450,Movie,International Movies
s4450,Movie,Music & Musicals
s4451,Movie,Stand-Up Comedy
s4452,Movie,Dramas
s4452,Movie,International Movies
s4453,Movie,Comedies
s4453,Movie,International Movies
s4453,Movie,Music & Musicals
s4454,Movie,Dramas
s4454,Movie,International Movies
s4455,Movie,Comedies
s4455,Movie,Dramas
s4455,Movie,International Movies
s4456,Movie,Action & Adventure
s4456,Movie,Dramas
s4456,Movie,International Movies
s4457,Movie,Dramas
s4457,Movie,International Movies
s4457,Movie,Thrillers
s4458,Movie,Dramas
s4458,Movie,International Movies
s4458,Movie,Music & Musicals
s4459,Movie,Comedies
s4459,Movie,International Movies
s4459,Movie,Music & Musicals
s4460,Movie,Dramas
s4460,Movie,International Movies
s4460,Movie,Thrillers
s4461,Movie,Stand-Up Comedy
s4462,TV Show,British TV Shows
s4462,TV Show,Reality TV
s4463,Movie,Documentaries
s4463,Movie,LGBTQ Movies
s4464,Movie,Dramas
s4464,Movie,Independent Movies
s4464,Movie,International Movies
s4465,Movie,Comedies
s4465,Movie,Dramas
s4465,Movie,International Movies
s4466,Movie,Comedies
s4466,Movie,Dramas
s4466,Movie,Independent Movies
s4467,Movie,Children & Family Movies
s4467,Movie,Dramas
s4468,Movie,Dramas
s4468,Movie,International Movies
s4468,Movie,Thrillers
s4469,Movie,Dramas
s4469,Movie,International Movies
s4470,TV Show,Anime Series
s4470,TV Show,International TV Shows
s4471,Movie,Action & Adventure
s4471,Movie,International Movies
s4472,Movie,Dramas
s4472,Movie,International Movies
s4472,Movie,Music & Musicals
s4473,Movie,Dramas
s4473,Movie,International Movies
s4474,Movie,Comedies
s4474,Movie,Dramas
s4474,Movie,International Movies
s4475,Movie,Comedies
s4475,Movie,International Movies
s4475,Movie,Romantic Movies
s4476,Movie,Documentaries
s4477,TV Show,Crime TV Shows
s4477,TV Show,Docuseries
s4477,TV Show,International TV Shows
s4478,Movie,Dramas
s4478,Movie,International Movies
s4478,Movie,Thrillers
s4479,TV Show,Kids' TV
s4479,TV Show,TV Comedies
s4480,TV Show,TV Comedies
s4481,Movie,Documentaries
s4482,Movie,Action & Adventure
s4482,Movie,Dramas
s4482,Movie,International Movies
s4483,Movie,Stand-Up Comedy
s4484,TV Show,International TV Shows
s4484,TV Show,Romantic TV Shows
s4484,TV Show,TV Dramas
s4485,Movie,Action & Adventure
s4485,Movie,Sci-Fi & Fantasy
s4486,TV Show,Stand-Up Comedy & Talk Shows
s4487,Movie,Comedies
s4487,Movie,International Movies
s4487,Movie,Romantic Movies
s4488,TV Show,International TV Shows
s4488,TV Show,Romantic TV Shows
s4488,TV Show,TV Comedies
s4489,TV Show,Docuseries
s4489,TV Show,International TV Shows
s4489,TV Show,Science & Nature TV
s4490,TV Show,Kids' TV
s4490,TV Show,TV Comedies
s4491,Movie,Movies
s4492,Movie,Movies
s4493,Movie,Children & Family Movies
s4493,Movie,Comedies
s4494,Movie,Action & Adventure
s4494,Movie,International Movies
s4494,Movie,Sci-Fi & Fantasy
s4495,TV Show,Crime TV Shows
s4495,TV Show,Docuseries
s4496,TV Show,Crime TV Shows
s4496,TV Show,TV Action & Adventure
s4497,Movie,Dramas
s4497,Movie,International Movies
s4498,Movie,Movies
s4499,TV Show,International TV Shows
s4499,TV Show,TV Dramas
s4499,TV Show,Teen TV Shows
s4500,Movie,Action & Adventure
s4500,Movie,International Movies
s4501,Movie,Action & Adventure
s4501,Movie,International Movies
s4502,TV Show,British TV Shows
s4502,TV Show,International TV Shows
s4502,TV Show,Romantic TV Shows
s4503,Movie,Dramas
s4503,Movie,International Movies
s4503,Movie,Thrillers
s4504,TV Show,Kids' TV
s4504,TV Show,TV Comedies
s4505,TV Show,Crime TV Shows
s4505,TV Show,International TV Shows
s4505,TV Show,TV Comedies
s4506,Movie,Stand-Up Comedy
s4507,Movie,Dramas
s4507,Movie,International Movies
s4508,Movie,Dramas
s4508,Movie,International Movies
s4509,TV Show,British TV Shows
s4509,TV Show,International TV Shows
s4509,TV Show,Reality TV
s4510,Movie,Dramas
s4510,Movie,International Movies
s4510,Movie,Sports Movies
s4511,Movie,Horror Movies
s4511,Movie,International Movies
s4511,Movie,Thrillers
s4512,TV Show,Crime TV Shows
s4512,TV Show,Kids' TV
s4513,Movie,Horror Movies
s4513,Movie,International Movies
s4513,Movie,Sci-Fi & Fantasy
s4514,Movie,Documentaries
s4514,Movie,LGBTQ Movies
s4515,TV Show,Docuseries
s4516,Movie,Horror Movies
s4516,Movie,International Movies
s4517,Movie,Documentaries
s4517,Movie,Music & Musicals
s4518,TV Show,TV Comedies
s4518,TV Show,TV Mysteries
s4519,TV Show,TV Dramas
s4519,TV Show,TV Horror
s4519,TV Show,TV Mysteries
s4520,Movie,Dramas
s4520,Movie,Independent Movies
s4521,TV Show,Crime TV Shows
s4521,TV Show,International TV Shows
s4521,TV Show,TV Dramas
s4522,TV Show,Docuseries
s4523,Movie,Dramas
s4523,Movie,Thrillers
s4524,TV Show,Crime TV Shows
s4524,TV Show,International TV Shows
s4524,TV Show,TV Dramas
s4525,Movie,Cult Movies
s4525,Movie,Horror Movies
s4525,Movie,Independent Movies
s4526,Movie,Stand-Up Comedy
s4527,Movie,Action & Adventure
s4527,Movie,Dramas
s4527,Movie,International Movies
s4528,TV Show,Kids' TV
s4529,Movie,Horror Movies
s4530,TV Show,Reality TV
s4531,TV Show,Docuseries
s4532,TV Show,Anime Series
s4532,TV Show,International TV Shows
s4533,Movie,Horror Movies
s4533,Movie,Thrillers
s4534,Movie,Comedies
s4534,Movie,Dramas
s4534,Movie,Independent Movies
s4535,Movie,Children & Family Movies
s4536,TV Show,International TV Shows
s4536,TV Show,Korean TV Shows
s4536,TV Show,TV Comedies
s4537,TV Show,Anime Series
s4537,TV Show,International TV Shows
s4537,TV Show,Romantic TV Shows
s4538,Movie,Dramas
s4538,Movie,International Movies
s4539,Movie,Horror Movies
s4540,Movie,Action & Adventure
s4541,Movie,Comedies
s4541,Movie,Music & Musicals
s4542,Movie,Stand-Up Comedy
s4543,TV Show,British TV Shows
s4543,TV Show,Docuseries
s4543,TV Show,TV Comedies
s4544,Movie,Documentaries
s4545,Movie,Comedies
s4546,Movie,Comedies
s4546,Movie,Documentaries
s4547,Movie,Comedies
s4547,Movie,Documentaries
s4548,Movie,Comedies
s4549,Movie,Documentaries
s4550,TV Show,British TV Shows
s4550,TV Show,Docuseries
s4551,TV Show,International TV Shows
s4551,TV Show,TV Comedies
s4552,TV Show,British TV Shows
s4552,TV Show,Classic & Cult TV
s4552,TV Show,International TV Shows
s4553,Movie,Classic Movies
s4553,Movie,Comedies
s4553,Movie,Cult Movies
s4554,TV Show,British TV Shows
s4554,TV Show,TV Comedies
s4555,Movie,Comedies
s4556,Movie,Documentaries
s4557,Movie,Action & Adventure
s4557,Movie,Dramas
s4557,Movie,International Movies
s4558,Movie,Children & Family Movies
s4559,Movie,Horror Movies
s4559,Movie,International Movies
s4560,Movie,Action & Adventure
s4560,Movie,Dramas
s4560,Movie,International Movies
s4561,Movie,Dramas
s4561,Movie,International Movies
s4561,Movie,Sports Movies
s4562,Movie,Dramas
s4562,Movie,International Movies
s4563,Movie,Dramas
s4563,Movie,International Movies
s4563,Movie,Romantic Movies
s4564,Movie,International Movies
s4564,Movie,Music & Musicals
s4564,Movie,Romantic Movies
s4565,Movie,Dramas
s4565,Movie,International Movies
s4566,Movie,Comedies
s4566,Movie,International Movies
s4566,Movie,Romantic Movies
s4567,Movie,Dramas
s4567,Movie,Independent Movies
s4567,Movie,International Movies
s4568,Movie,Dramas
s4568,Movie,International Movies
s4568,Movie,Music & Musicals
s4569,Movie,Comedies
s4569,Movie,International Movies
s4569,Movie,Music & Musicals
s4570,Movie,Dramas
s4570,Movie,International Movies
s4571,TV Show,Romantic TV Shows
s4571,TV Show,TV Comedies
s4572,Movie,Action & Adventure
s4572,Movie,Comedies
s4572,Movie,International Movies
s4573,Movie,Comedies
s4573,Movie,Dramas
s4573,Movie,International Movies
s4574,Movie,Action & Adventure
s4574,Movie,Dramas
s4574,Movie,International Movies
s4575,Movie,Comedies
s4575,Movie,Dramas
s4575,Movie,International Movies
s4576,Movie,Dramas
s4576,Movie,International Movies
s4576,Movie,Music & Musicals
s4577,Movie,Dramas
s4577,Movie,International Movies
s4577,Movie,Sports Movies
s4578,Movie,Comedies
s4578,Movie,International Movies
s4578,Movie,Romantic Movies
s4579,Movie,Action & Adventure
s4579,Movie,Dramas
s4579,Movie,International Movies
s4580,Movie,Comedies
s4580,Movie,Dramas
s4580,Movie,International Movies
s4581,Movie,International Movies
s4581,Movie,Thrillers
s4582,Movie,Dramas
s4582,Movie,International Movies
s4583,Movie,Comedies
s4583,Movie,International Movies
s4583,Movie,Romantic Movies
s4584,Movie,Comedies
s4584,Movie,Dramas
s4584,Movie,International Movies
s4585,Movie,Comedies
s4585,Movie,Dramas
s4585,Movie,International Movies
s4586,Movie,Comedies
s4586,Movie,International Movies
s4587,Movie,Action & Adventure
s4587,Movie,International Movies
s4588,Movie,Action & Adventure
s4588,Movie,International Movies
s4589,Movie,Comedies
s4589,Movie,International Movies
s4589,Movie,Sci-Fi & Fantasy
s4590,Movie,Children & Family Movies
s4591,Movie,Children & Family Movies
s4592,Movie,Comedies
s4592,Movie,Dramas
s4592,Movie,Independent Movies
s4593,Movie,Action & Adventure
s4593,Movie,Dramas
s4593,Movie,International Movies
s4594,Movie,Dramas
s4594,Movie,International Movies
s4594,Movie,Romantic Movies
s4595,Movie,Comedies
s4595,Movie,International Movies
s4595,Movie,Music & Musicals
s4596,Movie,Action & Adventure
s4596,Movie,Dramas
s4596,Movie,International Movies
s4597,Movie,Comedies
s4597,Movie,Dramas
s4597,Movie,Independent Movies
s4598,Movie,Action & Adventure
s4598,Movie,International Movies
s4599,Movie,Horror Movies
s4599,Movie,International Movies
s4599,Movie,Thrillers
s4600,Movie,Comedies
s4600,Movie,International Movies
s4600,Movie,Music & Musicals
s4601,Movie,Action & Adventure
s4601,Movie,International Movies
s4601,Movie,Music & Musicals
s4602,Movie,Action & Adventure
s4602,Movie,International Movies
s4602,Movie,Music & Musicals
s4603,Movie,Comedies
s4603,Movie,Dramas
s4603,Movie,International Movies
s4604,Movie,Comedies
s4604,Movie,Dramas
s4604,Movie,International Movies
s4605,TV Show,Reality TV
s4606,Movie,Action & Adventure
s4606,Movie,International Movies
s4606,Movie,Music & Musicals
s4607,Movie,Documentaries
s4607,Movie,International Movies
s4608,Movie,Comedies
s4608,Movie,International Movies
s4608,Movie,Music & Musicals
s4609,TV Show,British TV Shows
s4609,TV Show,International TV Shows
s4609,TV Show,Reality TV
s4610,Movie,Action & Adventure
s4610,Movie,Dramas
s4610,Movie,International Movies
s4611,Movie,Dramas
s4611,Movie,Independent Movies
s4611,Movie,International Movies
s4612,Movie,Action & Adventure
s4612,Movie,International Movies
s4612,Movie,Music & Musicals
s4613,Movie,Comedies
s4613,Movie,International Movies
s4613,Movie,Romantic Movies
s4614,Movie,Dramas
s4614,Movie,International Movies
s4615,Movie,Comedies
s4615,Movie,International Movies
s4615,Movie,Romantic Movies
s4616,Movie,Dramas
s4616,Movie,International Movies
s4616,Movie,Romantic Movies
s4617,Movie,Children & Family Movies
s4617,Movie,Dramas
s4618,Movie,Dramas
s4618,Movie,Independent Movies
s4618,Movie,International Movies
s4619,Movie,Action & Adventure
s4619,Movie,International Movies
s4619,Movie,Sci-Fi & Fantasy
s4620,Movie,Action & Adventure
s4620,Movie,Dramas
s4621,Movie,Documentaries
s4622,TV Show,International TV Shows
s4622,TV Show,Reality TV
s4622,TV Show,Spanish-Language TV Shows
s4623,TV Show,Kids' TV
s4624,TV Show,Kids' TV
s4624,TV Show,TV Comedies
s4625,Movie,Horror Movies
s4625,Movie,International Movies
s4626,Movie,Documentaries
s4626,Movie,International Movies
s4627,Movie,Independent Movies
s4627,Movie,International Movies
s4627,Movie,Thrillers
s4628,TV Show,Reality TV
s4628,TV Show,Science & Nature TV
s4628,TV Show,TV Action & Adventure
s4629,TV Show,Anime Series
s4629,TV Show,International TV Shows
s4630,TV Show,TV Comedies
s4630,TV Show,TV Dramas
s4630,TV Show,TV Mysteries
s4631,Movie,Documentaries
s4631,Movie,Music & Musicals
s4632,Movie,Stand-Up Comedy
s4633,TV Show,Crime TV Shows
s4633,TV Show,TV Comedies
s4633,TV Show,TV Dramas
s4634,TV Show,Anime Series
s4634,TV Show,International TV Shows
s4635,TV Show,Kids' TV
s4636,TV Show,Crime TV Shows
s4636,TV Show,International TV Shows
s4636,TV Show,TV Dramas
s4637,TV Show,Crime TV Shows
s4637,TV Show,TV Comedies
s4637,TV Show,Teen TV Shows
s4638,TV Show,Docuseries
s4638,TV Show,International TV Shows
s4638,TV Show,Spanish-Language TV Shows
s4639,TV Show,Crime TV Shows
s4639,TV Show,International TV Shows
s4639,TV Show,Spanish-Language TV Shows
s4640,TV Show,Stand-Up Comedy & Talk Shows
s4640,TV Show,TV Comedies
s4641,TV Show,Kids' TV
s4642,Movie,Dramas
s4642,Movie,International Movies
s4642,Movie,Thrillers
s4643,Movie,Comedies
s4643,Movie,Dramas
s4643,Movie,Independent Movies
s4644,TV Show,International TV Shows
s4644,TV Show,Romantic TV Shows
s4644,TV Show,TV Action & Adventure
s4645,Movie,Documentaries
s4646,TV Show,International TV Shows
s4646,TV Show,Korean TV Shows
s4646,TV Show,TV Dramas
s4647,Movie,Dramas
s4647,Movie,International Movies
s4648,TV Show,Stand-Up Comedy & Talk Shows
s4648,TV Show,TV Comedies
s4649,TV Show,Docuseries
s4649,TV Show,Kids' TV
s4649,TV Show,Science & Nature TV
s4650,Movie,Dramas
s4650,Movie,International Movies
s4651,TV Show,International TV Shows
s4651,TV Show,TV Comedies
s4652,TV Show,Kids' TV
s4653,TV Show,Kids' TV
s4654,Movie,Documentaries
s4655,TV Show,Docuseries
s4656,TV Show,Crime TV Shows
s4656,TV Show,TV Action & Adventure
s4656,TV Show,TV Dramas
s4657,Movie,Children & Family Movies
s4657,Movie,Comedies
s4657,Movie,Sci-Fi & Fantasy
s4658,Movie,Comedies
s4658,Movie,Romantic Movies
s4659,TV Show,Kids' TV
s4660,Movie,Dramas
s4660,Movie,International Movies
s4660,Movie,Thrillers
s4661,Movie,Comedies
s4661,Movie,Dramas
s4661,Movie,International Movies
s4662,Movie,Action & Adventure
s4663,TV Show,Crime TV Shows
s4663,TV Show,International TV Shows
s4663,TV Show,TV Action & Adventure
s4664,TV Show,Crime TV Shows
s4664,TV Show,TV Dramas
s4664,TV Show,TV Mysteries
s4665,TV Show,Crime TV Shows
s4665,TV Show,International TV Shows
s4665,TV Show,TV Dramas
s4666,Movie,Dramas
s4666,Movie,International Movies
s4666,Movie,Thrillers
s4667,Movie,Dramas
s4667,Movie,Independent Movies
s4667,Movie,International Movies
s4668,Movie,Dramas
s4668,Movie,Independent Movies
s4668,Movie,International Movies
s4669,Movie,Dramas
s4669,Movie,Independent Movies
s4669,Movie,International Movies
s4670,Movie,Dramas
s4670,Movie,Independent Movies
s4670,Movie,International Movies
s4671,TV Show,International TV Shows
s4671,TV Show,TV Comedies
s4671,TV Show,TV Dramas
s4672,Movie,Dramas
s4672,Movie,International Movies
s4672,Movie,Sports Movies
s4673,TV Show,International TV Shows
s4673,TV Show,Spanish-Language TV Shows
s4673,TV Show,TV Dramas
s4674,TV Show,Crime TV Shows
s4674,TV Show,Docuseries
s4674,TV Show,International TV Shows
s4675,TV Show,Stand-Up Comedy & Talk Shows
s4675,TV Show,TV Comedies
s4676,Movie,Comedies
s4676,Movie,International Movies
s4676,Movie,Romantic Movies
s4677,TV Show,Reality TV
s4678,TV Show,Reality TV
s4678,TV Show,Spanish-Language TV Shows
s4679,TV Show,Crime TV Shows
s4679,TV Show,International TV Shows
s4679,TV Show,Spanish-Language TV Shows
s4680,Movie,Action & Adventure
s4680,Movie,International Movies
s4681,Movie,Comedies
s4681,Movie,International Movies
s4681,Movie,Romantic Movies
s4682,Movie,Action & Adventure
s4682,Movie,International Movies
s4683,TV Show,Docuseries
s4684,Movie,Stand-Up Comedy
s4685,Movie,Stand-Up Comedy
s4686,TV Show,International TV Shows
s4686,TV Show,TV Dramas
s4686,TV Show,TV Horror
s4687,Movie,Comedies
s4688,TV Show,International TV Shows
s4688,TV Show,TV Comedies
s4688,TV Show,TV Dramas
s4689,Movie,Comedies
s4689,Movie,Music & Musicals
s4690,TV Show,British TV Shows
s4690,TV Show,International TV Shows
s4690,TV Show,Romantic TV Shows
s4691,Movie,Comedies
s4691,Movie,Dramas
s4691,Movie,International Movies
s4692,Movie,Action & Adventure
s4692,Movie,Dramas
s4692,Movie,International Movies
s4693,Movie,Dramas
s4693,Movie,International Movies
s4693,Movie,Thrillers
s4694,Movie,Dramas
s4694,Movie,International Movies
s4694,Movie,Romantic Movies
s4695,Movie,Comedies
s4695,Movie,Dramas
s4695,Movie,International Movies
s4696,Movie,Comedies
s4697,TV Show,Reality TV
s4698,Movie,Comedies
s4698,Movie,Dramas
s4698,Movie,International Movies
s4699,Movie,Comedies
s4699,Movie,International Movies
s4699,Movie,Romantic Movies
s4700,Movie,Stand-Up Comedy
s4701,Movie,Dramas
s4701,Movie,International Movies
s4701,Movie,Sci-Fi & Fantasy
s4702,Movie,Comedies
s4702,Movie,Dramas
s4702,Movie,Independent Movies
s4703,TV Show,Docuseries
s4703,TV Show,International TV Shows
s4703,TV Show,Science & Nature TV
s4704,TV Show,Docuseries
s4704,TV Show,Reality TV
s4704,TV Show,Science & Nature TV
s4705,TV Show,TV Comedies
s4706,Movie,Dramas
s4706,Movie,Romantic Movies
s4707,Movie,Comedies
s4708,Movie,Documentaries
s4708,Movie,Sports Movies
s4709,Movie,Dramas
s4709,Movie,International Movies
s4709,Movie,Thrillers
s4710,TV Show,TV Dramas
s4710,TV Show,TV Horror
s4710,TV Show,TV Mysteries
s4711,TV Show,International TV Shows
s4711,TV Show,Romantic TV Shows
s4711,TV Show,TV Dramas
s4712,TV Show,International TV Shows
s4712,TV Show,TV Dramas
s4712,TV Show,TV Mysteries
s4713,Movie,Comedies
s4713,Movie,Dramas
s4713,Movie,International Movies
s4714,Movie,Action & Adventure
s4714,Movie,International Movies
s4715,Movie,Comedies
s4715,Movie,Dramas
s4715,Movie,International Movies
s4716,Movie,Anime Features
s4716,Movie,International Movies
s4716,Movie,Romantic Movies
s4717,TV Show,Crime TV Shows
s4717,TV Show,International TV Shows
s4717,TV Show,Spanish-Language TV Shows
s4718,TV Show,Kids' TV
s4719,Movie,Comedies
s4719,Movie,Dramas
s4720,Movie,Dramas
s4720,Movie,International Movies
s4720,Movie,Thrillers
s4721,Movie,Children & Family Movies
s4721,Movie,Comedies
s4721,Movie,Dramas
s4722,Movie,Dramas
s4722,Movie,International Movies
s4723,Movie,Dramas
s4723,Movie,International Movies
s4723,Movie,Romantic Movies
s4724,Movie,Dramas
s4724,Movie,International Movies
s4724,Movie,Music & Musicals
s4725,Movie,Dramas
s4725,Movie,International Movies
s4726,Movie,Dramas
s4726,Movie,International Movies
s4726,Movie,Romantic Movies
s4727,Movie,Action & Adventure
s4727,Movie,Dramas
s4727,Movie,International Movies
s4728,Movie,Comedies
s4728,Movie,International Movies
s4728,Movie,Music & Musicals
s4729,Movie,Comedies
s4729,Movie,International Movies
s4729,Movie,Music & Musicals
s4730,Movie,International Movies
s4730,Movie,Music & Musicals
s4730,Movie,Romantic Movies
s4731,Movie,Action & Adventure
s4731,Movie,Dramas
s4731,Movie,International Movies
s4732,Movie,Dramas
s4732,Movie,International Movies
s4732,Movie,Thrillers
s4733,Movie,Dramas
s4733,Movie,International Movies
s4734,Movie,Action & Adventure
s4734,Movie,Comedies
s4734,Movie,International Movies
s4735,Movie,Dramas
s4735,Movie,International Movies
s4735,Movie,Romantic Movies
s4736,Movie,Comedies
s4736,Movie,International Movies
s4736,Movie,Romantic Movies
s4737,Movie,Comedies
s4737,Movie,International Movies
s4737,Movie,Romantic Movies
s4738,Movie,Children & Family Movies
s4738,Movie,Dramas
s4738,Movie,Independent Movies
s4739,TV Show,Docuseries
s4739,TV Show,International TV Shows
s4740,Movie,Documentaries
s4741,Movie,Dramas
s4741,Movie,Independent Movies
s4741,Movie,International Movies
s4742,TV Show,International TV Shows
s4742,TV Show,TV Dramas
s4742,TV Show,TV Mysteries
s4743,TV Show,International TV Shows
s4743,TV Show,Romantic TV Shows
s4743,TV Show,TV Dramas
s4744,TV Show,International TV Shows
s4744,TV Show,TV Comedies
s4745,TV Show,Anime Series
s4745,TV Show,International TV Shows
s4746,Movie,Movies
s4747,Movie,Comedies
s4748,TV Show,TV Comedies
s4749,Movie,Comedies
s4749,Movie,Horror Movies
s4749,Movie,International Movies
s4750,Movie,Stand-Up Comedy
s4751,TV Show,Crime TV Shows
s4751,TV Show,Spanish-Language TV Shows
s4751,TV Show,TV Action & Adventure
s4752,Movie,Action & Adventure
s4752,Movie,Dramas
s4752,Movie,Sci-Fi & Fantasy
s4753,TV Show,Crime TV Shows
s4753,TV Show,International TV Shows
s4753,TV Show,TV Action & Adventure
s4754,Movie,Documentaries
s4755,TV Show,International TV Shows
s4755,TV Show,TV Comedies
s4755,TV Show,TV Dramas
s4756,Movie,Dramas
s4756,Movie,International Movies
s4757,Movie,Stand-Up Comedy
s4758,Movie,International Movies
s4758,Movie,Thrillers
s4759,TV Show,British TV Shows
s4759,TV Show,International TV Shows
s4759,TV Show,Reality TV
s4760,TV Show,Docuseries
s4760,TV Show,International TV Shows
s4761,Movie,Children & Family Movies
s4761,Movie,Comedies
s4762,Movie,Comedies
s4763,TV Show,Kids' TV
s4763,TV Show,TV Comedies
s4764,TV Show,International TV Shows
s4764,TV Show,TV Comedies
s4764,TV Show,TV Dramas
s4765,TV Show,Kids' TV
s4766,Movie,Dramas
s4766,Movie,Faith & Spirituality
s4766,Movie,International Movies
s4767,Movie,Comedies
s4767,Movie,International Movies
s4768,TV Show,Docuseries
s4768,TV Show,International TV Shows
s4768,TV Show,Spanish-Language TV Shows
s4769,Movie,Documentaries
s4769,Movie,International Movies
s4769,Movie,Music & Musicals
s4770,Movie,Action & Adventure
s4770,Movie,Anime Features
s4770,Movie,International Movies
s4771,Movie,Children & Family Movies
s4771,Movie,Dramas
s4771,Movie,International Movies
s4772,TV Show,Stand-Up Comedy & Talk Shows
s4772,TV Show,TV Comedies
s4773,TV Show,International TV Shows
s4773,TV Show,Romantic TV Shows
s4773,TV Show,TV Dramas
s4774,Movie,Action & Adventure
s4774,Movie,Sci-Fi & Fantasy
s4775,Movie,Stand-Up Comedy
s4776,Movie,Horror Movies
s4776,Movie,Independent Movies
s4776,Movie,International Movies
s4777,TV Show,International TV Shows
s4777,TV Show,TV Action & Adventure
s4777,TV Show,TV Dramas
s4778,TV Show,British TV Shows
s4778,TV Show,International TV Shows
s4778,TV Show,Reality TV
s4779,TV Show,Crime TV Shows
s4779,TV Show,Docuseries
s4780,TV Show,International TV Shows
s4780,TV Show,Korean TV Shows
s4780,TV Show,Romantic TV Shows
s4781,TV Show,Docuseries
s4781,TV Show,International TV Shows
s4782,Movie,Stand-Up Comedy
s4783,Movie,Action & Adventure
s4783,Movie,Comedies
s4783,Movie,Dramas
s4784,Movie,Dramas
s4784,Movie,Independent Movies
s4784,Movie,International Movies
s4785,Movie,Children & Family Movies
s4785,Movie,Dramas
s4786,Movie,Stand-Up Comedy
s4787,Movie,Stand-Up Comedy
s4788,Movie,Stand-Up Comedy
s4789,Movie,Stand-Up Comedy
s4790,Movie,Comedies
s4790,Movie,Dramas
s4790,Movie,International Movies
s4791,Movie,Comedies
s4791,Movie,Dramas
s4791,Movie,International Movies
s4792,Movie,Stand-Up Comedy
s4793,Movie,Dramas
s4793,Movie,International Movies
s4793,Movie,Romantic Movies
s4794,Movie,Comedies
s4794,Movie,Dramas
s4794,Movie,International Movies
s4795,Movie,Dramas
s4795,Movie,Independent Movies
s4795,Movie,LGBTQ Movies
s4796,Movie,Children & Family Movies
s4796,Movie,Comedies
s4796,Movie,Dramas
s4797,Movie,Dramas
s4797,Movie,International Movies
s4797,Movie,Thrillers
s4798,Movie,Comedies
s4798,Movie,Dramas
s4798,Movie,International Movies
s4799,TV Show,Crime TV Shows
s4799,TV Show,TV Dramas
s4799,TV Show,TV Mysteries
s4800,Movie,Horror Movies
s4800,Movie,International Movies
s4801,Movie,Comedies
s4801,Movie,Dramas
s4801,Movie,International Movies
s4802,Movie,Documentaries
s4802,Movie,Music & Musicals
s4803,Movie,Dramas
s4803,Movie,Independent Movies
s4803,Movie,International Movies
s4804,Movie,Stand-Up Comedy
s4805,TV Show,Crime TV Shows
s4805,TV Show,TV Dramas
s4805,TV Show,TV Mysteries
s4806,Movie,Horror Movies
s4806,Movie,Independent Movies
s4806,Movie,International Movies
s4807,Movie,Dramas
s4807,Movie,International Movies
s4807,Movie,Thrillers
s4808,TV Show,British TV Shows
s4808,TV Show,International TV Shows
s4808,TV Show,Reality TV
s4809,Movie,Stand-Up Comedy
s4810,TV Show,British TV Shows
s4810,TV Show,Crime TV Shows
s4810,TV Show,International TV Shows
s4811,Movie,Comedies
s4811,Movie,Dramas
s4811,Movie,International Movies
s4812,Movie,Documentaries
s4813,Movie,Sci-Fi & Fantasy
s4813,Movie,Thrillers
s4814,TV Show,Kids' TV
s4814,TV Show,TV Comedies
s4815,Movie,Stand-Up Comedy
s4816,TV Show,International TV Shows
s4816,TV Show,TV Comedies
s4817,Movie,Action & Adventure
s4817,Movie,Anime Features
s4817,Movie,Sci-Fi & Fantasy
s4818,Movie,Comedies
s4818,Movie,International Movies
s4818,Movie,LGBTQ Movies
s4819,TV Show,TV Dramas
s4820,Movie,Dramas
s4820,Movie,Independent Movies
s4820,Movie,International Movies
s4821,Movie,International Movies
s4822,TV Show,Crime TV Shows
s4822,TV Show,TV Action & Adventure
s4822,TV Show,TV Dramas
s4823,Movie,Dramas
s4823,Movie,International Movies
s4823,Movie,Romantic Movies
s4824,Movie,Stand-Up Comedy
s4825,TV Show,International TV Shows
s4825,TV Show,Spanish-Language TV Shows
s4825,TV Show,TV Comedies
s4826,Movie,Comedies
s4826,Movie,Dramas
s4826,Movie,International Movies
s4827,Movie,Comedies
s4827,Movie,International Movies
s4828,Movie,Documentaries
s4828,Movie,International Movies
s4829,Movie,Comedies
s4829,Movie,Romantic Movies
s4830,Movie,Dramas
s4830,Movie,Independent Movies
s4830,Movie,International Movies
s4831,Movie,Dramas
s4831,Movie,International Movies
s4832,TV Show,Kids' TV
s4833,TV Show,Kids' TV
s4834,Movie,Comedies
s4834,Movie,Dramas
s4834,Movie,Independent Movies
s4835,Movie,Comedies
s4835,Movie,Independent Movies
s4835,Movie,International Movies
s4836,Movie,Stand-Up Comedy
s4837,TV Show,Crime TV Shows
s4837,TV Show,Docuseries
s4837,TV Show,TV Mysteries
s4838,TV Show,TV Dramas
s4839,TV Show,Anime Series
s4839,TV Show,Kids' TV
s4840,Movie,Dramas
s4840,Movie,International Movies
s4841,Movie,Dramas
s4841,Movie,International Movies
s4841,Movie,Thrillers
s4842,TV Show,Crime TV Shows
s4842,TV Show,Docuseries
s4842,TV Show,International TV Shows
s4843,Movie,Dramas
s4843,Movie,Independent Movies
s4844,Movie,Documentaries
s4844,Movie,International Movies
s4844,Movie,Sports Movies
s4845,TV Show,TV Comedies
s4846,TV Show,TV Comedies
s4847,TV Show,Stand-Up Comedy & Talk Shows
s4847,TV Show,TV Comedies
s4848,Movie,Dramas
s4848,Movie,International Movies
s4848,Movie,Thrillers
s4849,TV Show,International TV Shows
s4849,TV Show,Korean TV Shows
s4849,TV Show,Romantic TV Shows
s4850,Movie,Stand-Up Comedy
s4851,Movie,Comedies
s4851,Movie,Romantic Movies
s4852,Movie,Stand-Up Comedy
s4853,TV Show,Kids' TV
s4853,TV Show,TV Action & Adventure
s4853,TV Show,TV Sci-Fi & Fantasy
s4854,TV Show,International TV Shows
s4854,TV Show,TV Action & Adventure
s4854,TV Show,TV Comedies
s4855,Movie,Stand-Up Comedy
s4856,Movie,Comedies
s4856,Movie,International Movies
s4856,Movie,Romantic Movies
s4857,TV Show,Kids' TV
s4858,TV Show,Crime TV Shows
s4858,TV Show,Kids' TV
s4858,TV Show,TV Comedies
s4859,Movie,Stand-Up Comedy
s4860,Movie,Documentaries
s4860,Movie,International Movies
s4861,Movie,Action & Adventure
s4861,Movie,Dramas
s4861,Movie,International Movies
s4862,Movie,Action & Adventure
s4862,Movie,Anime Features
s4862,Movie,Classic Movies
s4863,TV Show,Anime Series
s4863,TV Show,International TV Shows
s4864,Movie,Stand-Up Comedy
s4865,Movie,Comedies
s4865,Movie,Independent Movies
s4866,TV Show,Stand-Up Comedy & Talk Shows
s4867,Movie,Stand-Up Comedy
s4868,TV Show,Crime TV Shows
s4868,TV Show,Docuseries
s4868,TV Show,TV Mysteries
s4869,Movie,Comedies
s4869,Movie,Romantic Movies
s4870,TV Show,Kids' TV
s4870,TV Show,TV Comedies
s4871,Movie,Stand-Up Comedy
s4872,Movie,Comedies
s4872,Movie,International Movies
s4873,Movie,Horror Movies
s4874,Movie,Children & Family Movies
s4874,Movie,Comedies
s4874,Movie,Music & Musicals
s4875,TV Show,Stand-Up Comedy & Talk Shows
s4875,TV Show,TV Comedies
s4876,Movie,Dramas
s4876,Movie,Sci-Fi & Fantasy
s4876,Movie,Thrillers
s4877,Movie,Stand-Up Comedy
s4878,Movie,Documentaries
s4879,Movie,Dramas
s4879,Movie,International Movies
s4880,TV Show,Kids' TV
s4881,Movie,Comedies
s4881,Movie,International Movies
s4881,Movie,Romantic Movies
s4882,Movie,Action & Adventure
s4882,Movie,International Movies
s4883,Movie,Comedies
s4883,Movie,Dramas
s4883,Movie,International Movies
s4884,Movie,Comedies
s4884,Movie,International Movies
s4885,Movie,Action & Adventure
s4885,Movie,International Movies
s4886,Movie,Dramas
s4886,Movie,International Movies
s4887,Movie,Action & Adventure
s4887,Movie,Dramas
s4887,Movie,Independent Movies
s4888,Movie,Documentaries
s4888,Movie,International Movies
s4889,Movie,Action & Adventure
s4889,Movie,Independent Movies
s4890,Movie,Comedies
s4890,Movie,International Movies
s4891,Movie,Stand-Up Comedy
s4892,Movie,Comedies
s4892,Movie,International Movies
s4892,Movie,Romantic Movies
s4893,Movie,Movies
s4894,Movie,Movies
s4895,Movie,Movies
s4896,Movie,Movies
s4897,Movie,Movies
s4898,Movie,Movies
s4899,TV Show,Kids' TV
s4900,Movie,Dramas
s4900,Movie,International Movies
s4901,TV Show,International TV Shows
s4901,TV Show,Stand-Up Comedy & Talk Shows
s4902,Movie,Comedies
s4902,Movie,Dramas
s4902,Movie,Independent Movies
s4903,Movie,Comedies
s4903,Movie,International Movies
s4904,TV Show,International TV Shows
s4904,TV Show,TV Dramas
s4905,Movie,Comedies
s4905,Movie,International Movies
s4905,Movie,Romantic Movies
s4906,Movie,Dramas
s4906,Movie,International Movies
s4907,TV Show,Docuseries
s4908,Movie,Children & Family Movies
s4908,Movie,Dramas
s4908,Movie,Romantic Movies
s4909,TV Show,International TV Shows
s4909,TV Show,TV Dramas
s4909,TV Show,TV Horror
s4910,Movie,Comedies
s4910,Movie,International Movies
s4910,Movie,Sports Movies
s4911,TV Show,International TV Shows
s4911,TV Show,TV Dramas
s4912,Movie,Documentaries
s4913,Movie,Comedies
s4914,TV Show,International TV Shows
s4914,TV Show,Romantic TV Shows
s4914,TV Show,TV Comedies
s4915,TV Show,International TV Shows
s4915,TV Show,TV Dramas
s4916,Movie,Stand-Up Comedy
s4917,Movie,Documentaries
s4918,Movie,Children & Family Movies
s4919,Movie,Action & Adventure
s4919,Movie,Comedies
s4919,Movie,International Movies
s4920,Movie,Stand-Up Comedy
s4921,Movie,Comedies
s4921,Movie,Dramas
s4921,Movie,Independent Movies
s4922,Movie,Comedies
s4922,Movie,Dramas
s4923,Movie,Documentaries
s4924,Movie,Comedies
s4924,Movie,Dramas
s4924,Movie,International Movies
s4925,TV Show,International TV Shows
s4925,TV Show,TV Dramas
s4926,TV Show,Crime TV Shows
s4926,TV Show,International TV Shows
s4926,TV Show,TV Dramas
s4927,TV Show,Stand-Up Comedy & Talk Shows
s4927,TV Show,TV Comedies
s4928,Movie,Action & Adventure
s4928,Movie,Sci-Fi & Fantasy
s4929,Movie,Dramas
s4929,Movie,Faith & Spirituality
s4929,Movie,Independent Movies
s4930,Movie,Comedies
s4930,Movie,International Movies
s4930,Movie,Romantic Movies
s4931,TV Show,Kids' TV
s4932,Movie,Dramas
s4932,Movie,Independent Movies
s4932,Movie,International Movies
s4933,Movie,Stand-Up Comedy
s4934,TV Show,International TV Shows
s4934,TV Show,TV Dramas
s4935,Movie,Dramas
s4935,Movie,Independent Movies
s4936,Movie,Dramas
s4936,Movie,Independent Movies
s4936,Movie,Sports Movies
s4937,Movie,Dramas
s4937,Movie,International Movies
s4937,Movie,Sci-Fi & Fantasy
s4938,Movie,Documentaries
s4938,Movie,Faith & Spirituality
s4939,Movie,Stand-Up Comedy
s4940,Movie,Comedies
s4940,Movie,Dramas
s4940,Movie,Independent Movies
s4941,Movie,Stand-Up Comedy
s4942,TV Show,British TV Shows
s4942,TV Show,International TV Shows
s4942,TV Show,Romantic TV Shows
s4943,TV Show,Kids' TV
s4944,Movie,Horror Movies
s4944,Movie,Independent Movies
s4945,Movie,Stand-Up Comedy
s4946,Movie,Dramas
s4946,Movie,International Movies
s4946,Movie,Thrillers
s4947,TV Show,TV Action & Adventure
s4947,TV Show,TV Sci-Fi & Fantasy
s4948,Movie,Dramas
s4948,Movie,International Movies
s4948,Movie,Thrillers
s4949,Movie,Dramas
s4949,Movie,International Movies
s4950,TV Show,Crime TV Shows
s4950,TV Show,International TV Shows
s4950,TV Show,TV Comedies
s4951,Movie,Stand-Up Comedy
s4952,TV Show,British TV Shows
s4952,TV Show,International TV Shows
s4952,TV Show,TV Comedies
s4953,Movie,Action & Adventure
s4953,Movie,Comedies
s4953,Movie,Dramas
s4954,Movie,Dramas
s4954,Movie,International Movies
s4954,Movie,Thrillers
s4955,Movie,Comedies
s4955,Movie,Dramas
s4955,Movie,International Movies
s4956,Movie,Dramas
s4956,Movie,International Movies
s4956,Movie,Romantic Movies
s4957,Movie,Comedies
s4957,Movie,Dramas
s4957,Movie,International Movies
s4958,TV Show,British TV Shows
s4958,TV Show,International TV Shows
s4958,TV Show,Romantic TV Shows
s4959,Movie,Action & Adventure
s4959,Movie,Sci-Fi & Fantasy
s4960,Movie,Dramas
s4960,Movie,Independent Movies
s4960,Movie,Sports Movies
s4961,Movie,Comedies
s4961,Movie,Romantic Movies
s4962,TV Show,Docuseries
s4963,Movie,Stand-Up Comedy
s4964,Movie,Dramas
s4964,Movie,Sci-Fi & Fantasy
s4964,Movie,Thrillers
s4965,TV Show,Classic & Cult TV
s4965,TV Show,Crime TV Shows
s4965,TV Show,International TV Shows
s4966,Movie,Comedies
s4966,Movie,Cult Movies
s4967,Movie,Comedies
s4967,Movie,Cult Movies
s4968,TV Show,Docuseries
s4969,TV Show,British TV Shows
s4969,TV Show,International TV Shows
s4969,TV Show,Stand-Up Comedy & Talk Shows
s4970,Movie,Dramas
s4970,Movie,International Movies
s4970,Movie,Thrillers
s4971,Movie,Action & Adventure
s4971,Movie,Comedies
s4972,Movie,Dramas
s4972,Movie,International Movies
s4973,Movie,Dramas
s4973,Movie,Independent Movies
s4973,Movie,Music & Musicals
s4974,TV Show,British TV Shows
s4974,TV Show,International TV Shows
s4974,TV Show,TV Dramas
s4975,Movie,Dramas
s4975,Movie,Music & Musicals
s4976,Movie,Dramas
s4976,Movie,International Movies
s4976,Movie,Music & Musicals
s4977,TV Show,Stand-Up Comedy & Talk Shows
s4977,TV Show,TV Comedies
s4978,Movie,Children & Family Movies
s4978,Movie,Dramas
s4979,TV Show,International TV Shows
s4979,TV Show,Spanish-Language TV Shows
s4979,TV Show,TV Dramas
s4980,Movie,Documentaries
s4981,TV Show,Crime TV Shows
s4981,TV Show,Docuseries
s4982,Movie,Stand-Up Comedy
s4983,Movie,Anime Features
s4983,Movie,Children & Family Movies
s4983,Movie,International Movies
s4984,Movie,Comedies
s4984,Movie,Dramas
s4984,Movie,International Movies
s4985,TV Show,International TV Shows
s4985,TV Show,Romantic TV Shows
s4985,TV Show,TV Dramas
s4986,TV Show,International TV Shows
s4986,TV Show,TV Dramas
s4986,TV Show,TV Mysteries
s4987,Movie,Dramas
s4987,Movie,International Movies
s4988,Movie,Action & Adventure
s4988,Movie,Dramas
s4988,Movie,International Movies
s4989,TV Show,Anime Series
s4989,TV Show,International TV Shows
s4990,Movie,Stand-Up Comedy
s4991,Movie,Children & Family Movies
s4992,TV Show,Anime Series
s4992,TV Show,International TV Shows
s4993,TV Show,British TV Shows
s4993,TV Show,Crime TV Shows
s4993,TV Show,International TV Shows
s4994,Movie,Dramas
s4994,Movie,Thrillers
s4995,TV Show,Crime TV Shows
s4995,TV Show,International TV Shows
s4995,TV Show,Korean TV Shows
s4996,Movie,Documentaries
s4996,Movie,International Movies
s4996,Movie,Sports Movies
s4997,Movie,International Movies
s4997,Movie,Thrillers
s4998,TV Show,Crime TV Shows
s4998,TV Show,International TV Shows
s4998,TV Show,TV Dramas
s4999,Movie,Stand-Up Comedy
s5000,Movie,Children & Family Movies
s5000,Movie,Documentaries
s5001,TV Show,Docuseries
s5001,TV Show,Science & Nature TV
s5002,Movie,Stand-Up Comedy
s5003,Movie,Stand-Up Comedy
s5004,Movie,Horror Movies
s5004,Movie,International Movies
s5005,TV Show,Crime TV Shows
s5005,TV Show,International TV Shows
s5005,TV Show,TV Dramas
s5006,Movie,Stand-Up Comedy
s5007,Movie,Action & Adventure
s5007,Movie,Independent Movies
s5007,Movie,Sci-Fi & Fantasy
s5008,Movie,Dramas
s5008,Movie,International Movies
s5008,Movie,Romantic Movies
s5009,Movie,Dramas
s5009,Movie,International Movies
s5010,Movie,Action & Adventure
s5010,Movie,Comedies
s5010,Movie,International Movies
s5011,Movie,Dramas
s5011,Movie,Music & Musicals
s5011,Movie,Romantic Movies
s5012,Movie,Comedies
s5012,Movie,International Movies
s5013,Movie,Dramas
s5013,Movie,International Movies
s5013,Movie,Romantic Movies
s5014,Movie,Comedies
s5014,Movie,Independent Movies
s5014,Movie,International Movies
s5015,Movie,Dramas
s5015,Movie,International Movies
s5016,Movie,Comedies
s5016,Movie,International Movies
s5017,Movie,Movies
s5018,Movie,Movies
s5019,Movie,Comedies
s5019,Movie,Cult Movies
s5020,Movie,Movies
s5021,Movie,Comedies
s5021,Movie,Independent Movies
s5021,Movie,International Movies
s5022,Movie,Dramas
s5022,Movie,International Movies
s5023,Movie,Dramas
s5023,Movie,International Movies
s5023,Movie,Thrillers
s5024,Movie,Movies
s5025,Movie,Stand-Up Comedy
s5026,Movie,Horror Movies
s5026,Movie,International Movies
s5026,Movie,Thrillers
s5027,TV Show,International TV Shows
s5027,TV Show,Romantic TV Shows
s5027,TV Show,TV Comedies
s5028,TV Show,International TV Shows
s5028,TV Show,TV Dramas
s5028,TV Show,TV Thrillers
s5029,Movie,Sci-Fi & Fantasy
s5029,Movie,Thrillers
s5030,TV Show,Crime TV Shows
s5030,TV Show,TV Dramas
s5031,TV Show,British TV Shows
s5031,TV Show,Docuseries
s5031,TV Show,International TV Shows
s5032,Movie,Dramas
s5032,Movie,International Movies
s5032,Movie,Thrillers
s5033,TV Show,British TV Shows
s5033,TV Show,Crime TV Shows
s5033,TV Show,International TV Shows
s5034,Movie,Action & Adventure
s5034,Movie,Dramas
s5034,Movie,International Movies
s5035,Movie,Stand-Up Comedy
s5036,TV Show,Kids' TV
s5036,TV Show,TV Action & Adventure
s5037,TV Show,TV Comedies
s5037,TV Show,TV Dramas
s5037,TV Show,Teen TV Shows
s5038,Movie,Dramas
s5038,Movie,Romantic Movies
s5039,TV Show,International TV Shows
s5039,TV Show,TV Dramas
s5039,TV Show,TV Mysteries
s5040,Movie,Stand-Up Comedy
s5041,Movie,Comedies
s5041,Movie,International Movies
s5041,Movie,Romantic Movies
s5042,Movie,Documentaries
s5043,Movie,Horror Movies
s5043,Movie,International Movies
s5043,Movie,Thrillers
s5044,Movie,Documentaries
s5044,Movie,International Movies
s5045,Movie,Comedies
s5045,Movie,Romantic Movies
s5046,Movie,Music & Musicals
s5046,Movie,Stand-Up Comedy
s5047,TV Show,TV Action & Adventure
s5047,TV Show,TV Dramas
s5048,Movie,Action & Adventure
s5048,Movie,Sci-Fi & Fantasy
s5049,TV Show,Docuseries
s5049,TV Show,Reality TV
s5050,Movie,Stand-Up Comedy
s5051,Movie,Dramas
s5051,Movie,International Movies
s5051,Movie,Romantic Movies
s5052,Movie,Comedies
s5052,Movie,Dramas
s5052,Movie,International Movies
s5053,Movie,Documentaries
s5054,Movie,Dramas
s5054,Movie,Independent Movies
s5054,Movie,Romantic Movies
s5055,TV Show,Crime TV Shows
s5055,TV Show,Docuseries
s5055,TV Show,International TV Shows
s5056,Movie,Documentaries
s5056,Movie,International Movies
s5057,Movie,Stand-Up Comedy
s5058,TV Show,British TV Shows
s5058,TV Show,Crime TV Shows
s5058,TV Show,International TV Shows
s5059,Movie,Comedies
s5059,Movie,Dramas
s5059,Movie,Faith & Spirituality
s5060,Movie,Comedies
s5061,Movie,Stand-Up Comedy
s5062,Movie,Stand-Up Comedy
s5063,Movie,Stand-Up Comedy
s5064,TV Show,Kids' TV
s5064,TV Show,TV Comedies
s5065,Movie,Action & Adventure
s5065,Movie,International Movies
s5066,TV Show,International TV Shows
s5066,TV Show,Korean TV Shows
s5066,TV Show,TV Comedies
s5067,Movie,Stand-Up Comedy
s5068,Movie,Stand-Up Comedy
s5069,Movie,Documentaries
s5069,Movie,International Movies
s5070,TV Show,TV Action & Adventure
s5070,TV Show,TV Dramas
s5070,TV Show,TV Sci-Fi & Fantasy
s5071,TV Show,International TV Shows
s5071,TV Show,Romantic TV Shows
s5071,TV Show,TV Dramas
s5072,Movie,Stand-Up Comedy
s5073,Movie,Comedies
s5074,Movie,Horror Movies
s5074,Movie,Thrillers
s5075,Movie,Independent Movies
s5075,Movie,International Movies
s5075,Movie,Thrillers
s5076,TV Show,International TV Shows
s5076,TV Show,Romantic TV Shows
s5076,TV Show,Spanish-Language TV Shows
s5077,Movie,Stand-Up Comedy
s5078,TV Show,TV Shows
s5079,Movie,Stand-Up Comedy
s5080,Movie,Action & Adventure
s5080,Movie,International Movies
s5080,Movie,Sci-Fi & Fantasy
s5081,Movie,Dramas
s5081,Movie,International Movies
s5081,Movie,Music & Musicals
s5082,Movie,Children & Family Movies
s5082,Movie,Dramas
s5082,Movie,Sports Movies
s5083,TV Show,TV Comedies
s5084,Movie,Dramas
s5084,Movie,International Movies
s5085,Movie,Comedies
s5085,Movie,Independent Movies
s5086,Movie,Documentaries
s5086,Movie,International Movies
s5087,Movie,Stand-Up Comedy
s5088,Movie,Stand-Up Comedy
s5089,Movie,Horror Movies
s5089,Movie,International Movies
s5089,Movie,Thrillers
s5090,TV Show,International TV Shows
s5090,TV Show,Romantic TV Shows
s5090,TV Show,TV Comedies
s5091,TV Show,Classic & Cult TV
s5091,TV Show,TV Comedies
s5092,Movie,Horror Movies
s5092,Movie,Thrillers
s5093,TV Show,Anime Series
s5093,TV Show,International TV Shows
s5093,TV Show,TV Horror
s5094,Movie,Comedies
s5094,Movie,Dramas
s5094,Movie,Independent Movies
s5095,Movie,Documentaries
s5095,Movie,International Movies
s5096,TV Show,Anime Series
s5096,TV Show,International TV Shows
s5097,TV Show,Anime Series
s5097,TV Show,International TV Shows
s5098,TV Show,British TV Shows
s5098,TV Show,International TV Shows
s5098,TV Show,Romantic TV Shows
s5099,TV Show,Anime Series
s5099,TV Show,Kids' TV
s5100,TV Show,Crime TV Shows
s5100,TV Show,International TV Shows
s5100,TV Show,TV Dramas
s5101,TV Show,Stand-Up Comedy & Talk Shows
s5101,TV Show,TV Comedies
s5102,Movie,Comedies
s5102,Movie,International Movies
s5103,Movie,Comedies
s5103,Movie,International Movies
s5103,Movie,Sports Movies
s5104,TV Show,Crime TV Shows
s5104,TV Show,International TV Shows
s5104,TV Show,TV Dramas
s5105,Movie,Action & Adventure
s5105,Movie,Comedies
s5105,Movie,Dramas
s5106,TV Show,International TV Shows
s5106,TV Show,TV Dramas
s5107,Movie,Children & Family Movies
s5107,Movie,Music & Musicals
s5108,Movie,Comedies
s5108,Movie,Independent Movies
s5109,Movie,Stand-Up Comedy
s5110,TV Show,International TV Shows
s5110,TV Show,Korean TV Shows
s5110,TV Show,TV Comedies
s5111,Movie,Horror Movies
s5111,Movie,Independent Movies
s5111,Movie,Thrillers
s5112,TV Show,British TV Shows
s5112,TV Show,Docuseries
s5113,TV Show,Docuseries
s5113,TV Show,International TV Shows
s5113,TV Show,Science & Nature TV
s5114,Movie,Action & Adventure
s5114,Movie,Sci-Fi & Fantasy
s5115,Movie,Dramas
s5115,Movie,International Movies
s5115,Movie,Romantic Movies
s5116,Movie,Children & Family Movies
s5116,Movie,Comedies
s5117,Movie,Documentaries
s5118,Movie,Stand-Up Comedy
s5119,TV Show,Crime TV Shows
s5119,TV Show,International TV Shows
s5119,TV Show,TV Comedies
s5120,TV Show,International TV Shows
s5120,TV Show,Korean TV Shows
s5120,TV Show,Romantic TV Shows
s5121,TV Show,International TV Shows
s5121,TV Show,Stand-Up Comedy & Talk Shows
s5121,TV Show,TV Comedies
s5122,Movie,Dramas
s5122,Movie,International Movies
s5122,Movie,Romantic Movies
s5123,Movie,Comedies
s5123,Movie,Dramas
s5123,Movie,International Movies
s5124,Movie,Comedies
s5124,Movie,Independent Movies
s5125,Movie,Comedies
s5125,Movie,Dramas
s5125,Movie,International Movies
s5126,TV Show,Crime TV Shows
s5126,TV Show,Docuseries
s5127,TV Show,TV Dramas
s5128,Movie,Stand-Up Comedy
s5129,TV Show,International TV Shows
s5129,TV Show,TV Dramas
s5130,Movie,Comedies
s5130,Movie,Dramas
s5131,Movie,Action & Adventure
s5131,Movie,International Movies
s5132,Movie,Dramas
s5132,Movie,International Movies
s5132,Movie,Music & Musicals
s5133,Movie,Documentaries
s5133,Movie,Faith & Spirituality
s5134,Movie,Children & Family Movies
s5134,Movie,Comedies
s5134,Movie,Music & Musicals
s5135,Movie,Stand-Up Comedy
s5136,Movie,Comedies
s5136,Movie,International Movies
s5136,Movie,Romantic Movies
s5137,Movie,Horror Movies
s5137,Movie,Independent Movies
s5138,Movie,Children & Family Movies
s5138,Movie,Comedies
s5139,TV Show,Kids' TV
s5139,TV Show,TV Comedies
s5140,TV Show,International TV Shows
s5140,TV Show,TV Dramas
s5141,Movie,Children & Family Movies
s5141,Movie,Comedies
s5141,Movie,Music & Musicals
s5142,TV Show,International TV Shows
s5142,TV Show,TV Comedies
s5143,Movie,Children & Family Movies
s5144,Movie,Dramas
s5144,Movie,Independent Movies
s5144,Movie,International Movies
s5145,TV Show,Kids' TV
s5145,TV Show,TV Comedies
s5146,TV Show,International TV Shows
s5146,TV Show,Romantic TV Shows
s5146,TV Show,TV Dramas
s5147,Movie,International Movies
s5147,Movie,Sci-Fi & Fantasy
s5147,Movie,Thrillers
s5148,TV Show,TV Dramas
s5149,Movie,Documentaries
s5150,TV Show,British TV Shows
s5150,TV Show,International TV Shows
s5150,TV Show,TV Comedies
s5151,TV Show,British TV Shows
s5151,TV Show,Crime TV Shows
s5151,TV Show,International TV Shows
s5152,Movie,Comedies
s5152,Movie,International Movies
s5153,Movie,Documentaries
s5154,Movie,Dramas
s5154,Movie,Independent Movies
s5154,Movie,International Movies
s5155,TV Show,International TV Shows
s5155,TV Show,Romantic TV Shows
s5155,TV Show,TV Dramas
s5156,TV Show,International TV Shows
s5156,TV Show,TV Comedies
s5157,TV Show,TV Shows
s5158,TV Show,International TV Shows
s5158,TV Show,Korean TV Shows
s5158,TV Show,TV Dramas
s5159,Movie,Music & Musicals
s5160,TV Show,TV Dramas
s5161,Movie,Children & Family Movies
s5161,Movie,Music & Musicals
s5162,Movie,Stand-Up Comedy
s5163,Movie,Documentaries
s5164,Movie,Children & Family Movies
s5164,Movie,Dramas
s5164,Movie,Romantic Movies
s5165,Movie,Documentaries
s5166,TV Show,Crime TV Shows
s5166,TV Show,TV Dramas
s5167,TV Show,Kids' TV
s5168,Movie,Dramas
s5168,Movie,Independent Movies
s5169,TV Show,Reality TV
s5170,TV Show,Anime Series
s5170,TV Show,International TV Shows
s5170,TV Show,Teen TV Shows
s5171,TV Show,Crime TV Shows
s5171,TV Show,International TV Shows
s5171,TV Show,TV Dramas
s5172,Movie,Stand-Up Comedy
s5173,Movie,Action & Adventure
s5173,Movie,Comedies
s5173,Movie,International Movies
s5174,TV Show,International TV Shows
s5174,TV Show,TV Action & Adventure
s5174,TV Show,TV Comedies
s5175,TV Show,Anime Series
s5175,TV Show,Kids' TV
s5176,TV Show,TV Comedies
s5177,Movie,Stand-Up Comedy
s5178,Movie,Action & Adventure
s5178,Movie,International Movies
s5179,TV Show,Anime Series
s5179,TV Show,International TV Shows
s5180,Movie,Documentaries
s5181,TV Show,Kids' TV
s5182,Movie,Dramas
s5183,Movie,Documentaries
s5184,Movie,Comedies
s5184,Movie,Dramas
s5184,Movie,International Movies
s5185,TV Show,International TV Shows
s5185,TV Show,TV Dramas
s5186,TV Show,Crime TV Shows
s5186,TV Show,International TV Shows
s5186,TV Show,TV Dramas
s5187,Movie,Action & Adventure
s5187,Movie,Dramas
s5187,Movie,International Movies
s5188,Movie,International Movies
s5188,Movie,Thrillers
s5189,Movie,Action & Adventure
s5189,Movie,Dramas
s5189,Movie,International Movies
s5190,Movie,Children & Family Movies
s5190,Movie,Comedies
s5191,Movie,Action & Adventure
s5191,Movie,Dramas
s5191,Movie,International Movies
s5192,TV Show,International TV Shows
s5192,TV Show,TV Dramas
s5193,TV Show,International TV Shows
s5193,TV Show,TV Dramas
s5194,TV Show,International TV Shows
s5194,TV Show,TV Dramas
s5195,TV Show,Crime TV Shows
s5195,TV Show,International TV Shows
s5195,TV Show,TV Action & Adventure
s5196,TV Show,International TV Shows
s5196,TV Show,TV Dramas
s5197,Movie,Stand-Up Comedy
s5198,Movie,Documentaries
s5199,Movie,Dramas
s5199,Movie,Romantic Movies
s5199,Movie,Sports Movies
s5200,Movie,Children & Family Movies
s5200,Movie,Comedies
s5201,TV Show,Stand-Up Comedy & Talk Shows
s5201,TV Show,TV Mysteries
s5201,TV Show,TV Sci-Fi & Fantasy
s5202,Movie,Documentaries
s5203,Movie,Dramas
s5203,Movie,Independent Movies
s5204,Movie,Action & Adventure
s5204,Movie,Thrillers
s5205,Movie,Stand-Up Comedy
s5206,TV Show,TV Dramas
s5206,TV Show,TV Horror
s5206,TV Show,TV Mysteries
s5207,TV Show,British TV Shows
s5207,TV Show,TV Comedies
s5208,Movie,Dramas
s5208,Movie,Thrillers
s5209,TV Show,TV Comedies
s5209,TV Show,Teen TV Shows
s5210,Movie,Documentaries
s5211,TV Show,Crime TV Shows
s5211,TV Show,Docuseries
s5211,TV Show,International TV Shows
s5212,Movie,Action & Adventure
s5213,Movie,Comedies
s5213,Movie,International Movies
s5213,Movie,Romantic Movies
s5214,Movie,Stand-Up Comedy
s5215,Movie,Action & Adventure
s5215,Movie,International Movies
s5216,TV Show,International TV Shows
s5216,TV Show,Romantic TV Shows
s5216,TV Show,TV Dramas
s5217,TV Show,International TV Shows
s5217,TV Show,Romantic TV Shows
s5217,TV Show,TV Comedies
s5218,Movie,Dramas
s5218,Movie,International Movies
s5218,Movie,Music & Musicals
s5219,Movie,Documentaries
s5219,Movie,International Movies
s5220,TV Show,Kids' TV
s5221,Movie,Comedies
s5221,Movie,Dramas
s5221,Movie,International Movies
s5222,TV Show,Docuseries
s5222,TV Show,Reality TV
s5223,Movie,Comedies
s5223,Movie,Dramas
s5223,Movie,International Movies
s5224,Movie,Dramas
s5224,Movie,International Movies
s5225,Movie,Stand-Up Comedy
s5226,Movie,Documentaries
s5227,Movie,Comedies
s5227,Movie,Horror Movies
s5228,Movie,Comedies
s5228,Movie,Dramas
s5228,Movie,Independent Movies
s5229,Movie,Comedies
s5229,Movie,International Movies
s5229,Movie,Romantic Movies
s5230,Movie,Comedies
s5230,Movie,Independent Movies
s5230,Movie,International Movies
s5231,Movie,Stand-Up Comedy
s5232,TV Show,Anime Series
s5232,TV Show,International TV Shows
s5233,TV Show,Kids' TV
s5234,Movie,Documentaries
s5234,Movie,LGBTQ Movies
s5235,Movie,Stand-Up Comedy
s5236,Movie,Dramas
s5236,Movie,International Movies
s5236,Movie,Thrillers
s5237,TV Show,Anime Series
s5237,TV Show,Kids' TV
s5238,TV Show,Kids' TV
s5238,TV Show,TV Comedies
s5239,Movie,Comedies
s5239,Movie,International Movies
s5240,Movie,Documentaries
s5240,Movie,International Movies
s5241,Movie,Documentaries
s5241,Movie,Sports Movies
s5242,Movie,Children & Family Movies
s5242,Movie,Comedies
s5243,TV Show,International TV Shows
s5243,TV Show,TV Dramas
s5244,TV Show,Kids' TV
s5245,TV Show,Classic & Cult TV
s5245,TV Show,TV Action & Adventure
s5245,TV Show,TV Sci-Fi & Fantasy
s5246,TV Show,TV Action & Adventure
s5246,TV Show,TV Sci-Fi & Fantasy
s5247,TV Show,International TV Shows
s5247,TV Show,Romantic TV Shows
s5247,TV Show,TV Dramas
s5248,TV Show,International TV Shows
s5248,TV Show,Romantic TV Shows
s5248,TV Show,TV Dramas
s5249,Movie,Dramas
s5249,Movie,International Movies
s5250,Movie,Dramas
s5250,Movie,Independent Movies
s5250,Movie,International Movies
s5251,TV Show,International TV Shows
s5251,TV Show,TV Dramas
s5252,TV Show,British TV Shows
s5252,TV Show,Docuseries
s5252,TV Show,International TV Shows
s5253,Movie,Horror Movies
s5253,Movie,Thrillers
s5254,Movie,Documentaries
s5255,TV Show,International TV Shows
s5255,TV Show,TV Comedies
s5255,TV Show,TV Dramas
s5256,Movie,Dramas
s5256,Movie,Romantic Movies
s5257,Movie,Documentaries
s5257,Movie,International Movies
s5258,TV Show,British TV Shows
s5258,TV Show,Docuseries
s5258,TV Show,International TV Shows
s5259,TV Show,TV Comedies
s5260,TV Show,International TV Shows
s5260,TV Show,TV Dramas
s5261,Movie,Dramas
s5261,Movie,Independent Movies
s5261,Movie,International Movies
s5262,Movie,Stand-Up Comedy
s5263,TV Show,International TV Shows
s5263,TV Show,Reality TV
s5264,TV Show,TV Sci-Fi & Fantasy
s5264,TV Show,TV Thrillers
s5265,Movie,Comedies
s5265,Movie,International Movies
s5266,Movie,Comedies
s5266,Movie,Horror Movies
s5266,Movie,International Movies
s5267,Movie,Documentaries
s5267,Movie,Music & Musicals
s5268,Movie,Dramas
s5268,Movie,Independent Movies
s5268,Movie,Thrillers
s5269,Movie,Stand-Up Comedy
s5270,Movie,Children & Family Movies
s5271,Movie,Dramas
s5272,Movie,Documentaries
s5273,TV Show,Kids' TV
s5274,Movie,Children & Family Movies
s5274,Movie,Documentaries
s5275,TV Show,TV Comedies
s5275,TV Show,TV Dramas
s5276,Movie,Documentaries
s5277,Movie,Stand-Up Comedy
s5278,Movie,Comedies
s5279,TV Show,Crime TV Shows
s5279,TV Show,International TV Shows
s5279,TV Show,Spanish-Language TV Shows
s5280,Movie,Stand-Up Comedy
s5281,TV Show,Docuseries
s5281,TV Show,Science & Nature TV
s5282,Movie,Stand-Up Comedy
s5283,Movie,Comedies
s5283,Movie,Dramas
s5284,Movie,Stand-Up Comedy
s5285,TV Show,Romantic TV Shows
s5285,TV Show,TV Comedies
s5285,TV Show,TV Dramas
s5286,TV Show,TV Dramas
s5287,TV Show,Crime TV Shows
s5287,TV Show,TV Dramas
s5287,TV Show,TV Mysteries
s5288,TV Show,TV Dramas
s5288,TV Show,TV Mysteries
s5288,TV Show,TV Sci-Fi & Fantasy
s5289,TV Show,International TV Shows
s5289,TV Show,TV Comedies
s5289,TV Show,TV Dramas
s5290,TV Show,International TV Shows
s5290,TV Show,TV Dramas
s5290,TV Show,TV Horror
s5291,Movie,Action & Adventure
s5291,Movie,International Movies
s5292,Movie,Documentaries
s5292,Movie,International Movies
s5293,Movie,Action & Adventure
s5293,Movie,Anime Features
s5293,Movie,International Movies
s5294,Movie,Action & Adventure
s5294,Movie,Anime Features
s5294,Movie,International Movies
s5295,Movie,Dramas
s5295,Movie,Independent Movies
s5296,Movie,Comedies
s5296,Movie,International Movies
s5296,Movie,Romantic Movies
s5297,Movie,Dramas
s5297,Movie,International Movies
s5297,Movie,Music & Musicals
s5298,TV Show,International TV Shows
s5298,TV Show,TV Dramas
s5299,TV Show,Anime Series
s5299,TV Show,International TV Shows
s5300,TV Show,Docuseries
s5300,TV Show,Reality TV
s5301,Movie,Action & Adventure
s5301,Movie,International Movies
s5302,TV Show,Kids' TV
s5303,Movie,Comedies
s5303,Movie,Horror Movies
s5304,Movie,Comedies
s5304,Movie,International Movies
s5304,Movie,Music & Musicals
s5305,Movie,Action & Adventure
s5305,Movie,Dramas
s5305,Movie,International Movies
s5306,TV Show,Crime TV Shows
s5306,TV Show,TV Action & Adventure
s5306,TV Show,TV Dramas
s5307,Movie,Action & Adventure
s5307,Movie,Comedies
s5307,Movie,International Movies
s5308,Movie,Documentaries
s5308,Movie,Sports Movies
s5309,Movie,Documentaries
s5309,Movie,International Movies
s5310,Movie,Dramas
s5310,Movie,International Movies
s5310,Movie,Romantic Movies
s5311,Movie,Comedies
s5311,Movie,Dramas
s5311,Movie,International Movies
s5312,Movie,Children & Family Movies
s5312,Movie,Comedies
s5313,Movie,Documentaries
s5313,Movie,International Movies
s5314,Movie,Dramas
s5314,Movie,International Movies
s5315,Movie,Documentaries
s5315,Movie,International Movies
s5316,Movie,Stand-Up Comedy
s5317,Movie,Independent Movies
s5317,Movie,Thrillers
s5318,Movie,International Movies
s5318,Movie,Thrillers
s5319,Movie,Horror Movies
s5319,Movie,Thrillers
s5320,Movie,Stand-Up Comedy
s5321,TV Show,Kids' TV
s5322,TV Show,Crime TV Shows
s5322,TV Show,TV Action & Adventure
s5322,TV Show,TV Dramas
s5323,Movie,Documentaries
s5323,Movie,Sports Movies
s5324,Movie,Action & Adventure
s5324,Movie,Sci-Fi & Fantasy
s5325,TV Show,Crime TV Shows
s5325,TV Show,International TV Shows
s5325,TV Show,TV Dramas
s5326,Movie,Music & Musicals
s5326,Movie,Stand-Up Comedy
s5327,Movie,Stand-Up Comedy
s5328,TV Show,Crime TV Shows
s5328,TV Show,International TV Shows
s5328,TV Show,TV Dramas
s5329,Movie,Comedies
s5330,Movie,Dramas
s5331,Movie,Dramas
s5331,Movie,International Movies
s5332,Movie,Comedies
s5332,Movie,Romantic Movies
s5333,Movie,Horror Movies
s5333,Movie,Independent Movies
s5334,Movie,Action & Adventure
s5335,Movie,Action & Adventure
s5335,Movie,Dramas
s5335,Movie,International Movies
s5336,Movie,Action & Adventure
s5336,Movie,Dramas
s5336,Movie,International Movies
s5337,Movie,Action & Adventure
s5337,Movie,Dramas
s5337,Movie,International Movies
s5338,Movie,Action & Adventure
s5338,Movie,Dramas
s5338,Movie,International Movies
s5339,Movie,Action & Adventure
s5339,Movie,Dramas
s5339,Movie,International Movies
s5340,Movie,Action & Adventure
s5340,Movie,Dramas
s5340,Movie,International Movies
s5341,Movie,Children & Family Movies
s5342,Movie,Action & Adventure
s5342,Movie,International Movies
s5342,Movie,Sci-Fi & Fantasy
s5343,Movie,Stand-Up Comedy
s5344,Movie,Documentaries
s5344,Movie,Sports Movies
s5345,Movie,Independent Movies
s5345,Movie,Thrillers
s5346,TV Show,TV Comedies
s5347,Movie,International Movies
s5347,Movie,Thrillers
s5348,TV Show,International TV Shows
s5348,TV Show,TV Dramas
s5348,TV Show,TV Sci-Fi & Fantasy
s5349,TV Show,Crime TV Shows
s5349,TV Show,International TV Shows
s5349,TV Show,TV Dramas
s5350,TV Show,International TV Shows
s5350,TV Show,TV Dramas
s5351,TV Show,Crime TV Shows
s5351,TV Show,International TV Shows
s5351,TV Show,TV Dramas
s5352,Movie,Comedies
s5352,Movie,Dramas
s5352,Movie,International Movies
s5353,TV Show,Crime TV Shows
s5353,TV Show,International TV Shows
s5353,TV Show,TV Dramas
s5354,Movie,Children & Family Movies
s5354,Movie,Comedies
s5355,TV Show,International TV Shows
s5355,TV Show,Romantic TV Shows
s5355,TV Show,TV Dramas
s5356,TV Show,Crime TV Shows
s5356,TV Show,International TV Shows
s5356,TV Show,Romantic TV Shows
s5357,TV Show,International TV Shows
s5357,TV Show,Romantic TV Shows
s5357,TV Show,TV Comedies
s5358,Movie,Stand-Up Comedy
s5359,Movie,Comedies
s5359,Movie,Independent Movies
s5359,Movie,Music & Musicals
s5360,Movie,Children & Family Movies
s5360,Movie,Dramas
s5360,Movie,Sports Movies
s5361,TV Show,Crime TV Shows
s5361,TV Show,International TV Shows
s5361,TV Show,Spanish-Language TV Shows
s5362,Movie,Dramas
s5362,Movie,Independent Movies
s5362,Movie,International Movies
s5363,TV Show,International TV Shows
s5363,TV Show,TV Dramas
s5364,TV Show,British TV Shows
s5364,TV Show,Classic & Cult TV
s5364,TV Show,International TV Shows
s5365,Movie,Comedies
s5365,Movie,Dramas
s5365,Movie,International Movies
s5366,TV Show,British TV Shows
s5366,TV Show,Crime TV Shows
s5366,TV Show,International TV Shows
s5367,TV Show,British TV Shows
s5367,TV Show,Docuseries
s5367,TV Show,International TV Shows
s5368,TV Show,Docuseries
s5369,Movie,Comedies
s5369,Movie,Independent Movies
s5369,Movie,Romantic Movies
s5370,Movie,Stand-Up Comedy
s5371,Movie,Documentaries
s5371,Movie,Music & Musicals
s5372,Movie,Stand-Up Comedy
s5373,TV Show,Stand-Up Comedy & Talk Shows
s5374,Movie,Dramas
s5374,Movie,International Movies
s5375,Movie,Dramas
s5375,Movie,International Movies
s5375,Movie,Romantic Movies
s5376,Movie,Children & Family Movies
s5376,Movie,Comedies
s5377,Movie,Documentaries
s5378,Movie,Dramas
s5378,Movie,Independent Movies
s5379,Movie,Stand-Up Comedy
s5380,Movie,Stand-Up Comedy
s5381,TV Show,Kids' TV
s5382,TV Show,International TV Shows
s5382,TV Show,TV Dramas
s5382,TV Show,Teen TV Shows
s5383,TV Show,International TV Shows
s5383,TV Show,Romantic TV Shows
s5383,TV Show,TV Dramas
s5384,TV Show,International TV Shows
s5384,TV Show,TV Dramas
s5385,TV Show,International TV Shows
s5385,TV Show,TV Dramas
s5386,Movie,Comedies
s5386,Movie,Independent Movies
s5387,TV Show,International TV Shows
s5387,TV Show,TV Action & Adventure
s5387,TV Show,TV Dramas
s5388,Movie,Comedies
s5388,Movie,Dramas
s5388,Movie,International Movies
s5389,TV Show,International TV Shows
s5389,TV Show,TV Dramas
s5389,TV Show,TV Mysteries
s5390,Movie,Children & Family Movies
s5390,Movie,Dramas
s5390,Movie,Sports Movies
s5391,TV Show,Crime TV Shows
s5391,TV Show,International TV Shows
s5391,TV Show,TV Dramas
s5392,Movie,Dramas
s5392,Movie,International Movies
s5392,Movie,Music & Musicals
s5393,TV Show,Kids' TV
s5393,TV Show,TV Comedies
s5394,TV Show,International TV Shows
s5394,TV Show,TV Dramas
s5395,Movie,Stand-Up Comedy
s5396,TV Show,International TV Shows
s5396,TV Show,Romantic TV Shows
s5396,TV Show,TV Dramas
s5397,Movie,Classic Movies
s5397,Movie,Dramas
s5397,Movie,International Movies
s5398,TV Show,British TV Shows
s5398,TV Show,Kids' TV
s5399,Movie,Dramas
s5399,Movie,Independent Movies
s5399,Movie,International Movies
s5400,TV Show,International TV Shows
s5400,TV Show,TV Dramas
s5400,TV Show,TV Horror
s5401,Movie,Comedies
s5401,Movie,Dramas
s5401,Movie,International Movies
s5402,TV Show,International TV Shows
s5402,TV Show,Romantic TV Shows
s5402,TV Show,TV Dramas
s5403,Movie,International Movies
s5403,Movie,Thrillers
s5404,TV Show,International TV Shows
s5404,TV Show,Romantic TV Shows
s5404,TV Show,TV Dramas
s5405,TV Show,Crime TV Shows
s5405,TV Show,International TV Shows
s5405,TV Show,TV Dramas
s5406,TV Show,International TV Shows
s5406,TV Show,TV Dramas
s5407,TV Show,Crime TV Shows
s5407,TV Show,International TV Shows
s5407,TV Show,TV Dramas
s5408,TV Show,International TV Shows
s5408,TV Show,TV Dramas
s5409,Movie,Dramas
s5409,Movie,International Movies
s5410,TV Show,International TV Shows
s5410,TV Show,TV Dramas
s5411,TV Show,International TV Shows
s5411,TV Show,Romantic TV Shows
s5411,TV Show,TV Comedies
s5412,Movie,Children & Family Movies
s5412,Movie,Comedies
s5413,TV Show,Crime TV Shows
s5413,TV Show,TV Dramas
s5413,TV Show,TV Mysteries
s5414,TV Show,TV Dramas
s5415,TV Show,Anime Series
s5415,TV Show,International TV Shows
s5416,Movie,Action & Adventure
s5416,Movie,Comedies
s5416,Movie,Dramas
s5417,Movie,Stand-Up Comedy
s5418,Movie,Dramas
s5418,Movie,LGBTQ Movies
s5419,Movie,Documentaries
s5420,Movie,Dramas
s5420,Movie,Thrillers
s5421,Movie,Dramas
s5421,Movie,International Movies
s5421,Movie,Sports Movies
s5422,TV Show,TV Comedies
s5423,TV Show,Kids' TV
s5423,TV Show,TV Comedies
s5424,Movie,Children & Family Movies
s5424,Movie,Comedies
s5425,Movie,Stand-Up Comedy
s5426,TV Show,Crime TV Shows
s5426,TV Show,TV Dramas
s5427,Movie,Documentaries
s5427,Movie,Sports Movies
s5428,Movie,Documentaries
s5429,TV Show,Kids' TV
s5430,Movie,Comedies
s5430,Movie,Dramas
s5430,Movie,International Movies
s5431,Movie,Stand-Up Comedy
s5432,Movie,Documentaries
s5433,Movie,Stand-Up Comedy
s5434,TV Show,International TV Shows
s5434,TV Show,Korean TV Shows
s5434,TV Show,Romantic TV Shows
s5435,TV Show,International TV Shows
s5435,TV Show,Korean TV Shows
s5435,TV Show,Romantic TV Shows
s5436,TV Show,Crime TV Shows
s5436,TV Show,International TV Shows
s5436,TV Show,Korean TV Shows
s5437,TV Show,Crime TV Shows
s5437,TV Show,International TV Shows
s5437,TV Show,Korean TV Shows
s5438,TV Show,International TV Shows
s5438,TV Show,Romantic TV Shows
s5438,TV Show,TV Dramas
s5439,TV Show,International TV Shows
s5439,TV Show,Korean TV Shows
s5439,TV Show,TV Dramas
s5440,TV Show,International TV Shows
s5440,TV Show,Korean TV Shows
s5440,TV Show,Romantic TV Shows
s5441,Movie,Dramas
s5441,Movie,Independent Movies
s5441,Movie,Thrillers
s5442,Movie,Children & Family Movies
s5442,Movie,Dramas
s5442,Movie,Music & Musicals
s5443,Movie,Action & Adventure
s5443,Movie,International Movies
s5444,Movie,Dramas
s5444,Movie,International Movies
s5445,TV Show,British TV Shows
s5445,TV Show,International TV Shows
s5445,TV Show,Romantic TV Shows
s5446,TV Show,TV Comedies
s5446,TV Show,TV Dramas
s5447,Movie,International Movies
s5447,Movie,Sci-Fi & Fantasy
s5447,Movie,Thrillers
s5448,Movie,Dramas
s5448,Movie,International Movies
s5448,Movie,Music & Musicals
s5449,Movie,Documentaries
s5450,Movie,Comedies
s5450,Movie,Independent Movies
s5451,Movie,Documentaries
s5452,Movie,Documentaries
s5453,Movie,Dramas
s5453,Movie,Independent Movies
s5453,Movie,International Movies
s5454,Movie,Comedies
s5454,Movie,Dramas
s5454,Movie,Independent Movies
s5455,Movie,Comedies
s5455,Movie,International Movies
s5455,Movie,Romantic Movies
s5456,Movie,Dramas
s5456,Movie,International Movies
s5456,Movie,Music & Musicals
s5457,Movie,Documentaries
s5457,Movie,International Movies
s5457,Movie,LGBTQ Movies
s5458,TV Show,Crime TV Shows
s5458,TV Show,International TV Shows
s5458,TV Show,TV Dramas
s5459,TV Show,Kids' TV
s5459,TV Show,Korean TV Shows
s5460,TV Show,Stand-Up Comedy & Talk Shows
s5461,Movie,Action & Adventure
s5461,Movie,Comedies
s5461,Movie,International Movies
s5462,Movie,Dramas
s5462,Movie,International Movies
s5462,Movie,Romantic Movies
s5463,Movie,Dramas
s5463,Movie,International Movies
s5464,Movie,Dramas
s5464,Movie,International Movies
s5464,Movie,Thrillers
s5465,TV Show,International TV Shows
s5465,TV Show,TV Dramas
s5466,TV Show,International TV Shows
s5466,TV Show,TV Dramas
s5467,Movie,Documentaries
s5468,Movie,Documentaries
s5469,Movie,Stand-Up Comedy
s5470,Movie,Action & Adventure
s5470,Movie,Dramas
s5470,Movie,International Movies
s5471,TV Show,TV Dramas
s5471,TV Show,TV Mysteries
s5471,TV Show,TV Thrillers
s5472,Movie,Documentaries
s5473,Movie,Action & Adventure
s5473,Movie,Dramas
s5473,Movie,International Movies
s5474,Movie,Comedies
s5474,Movie,Dramas
s5475,Movie,Action & Adventure
s5475,Movie,International Movies
s5475,Movie,Sci-Fi & Fantasy
s5476,Movie,Stand-Up Comedy
s5477,Movie,Action & Adventure
s5477,Movie,Anime Features
s5477,Movie,International Movies
s5478,TV Show,Docuseries
s5478,TV Show,International TV Shows
s5479,Movie,Documentaries
s5479,Movie,International Movies
s5479,Movie,LGBTQ Movies
s5480,TV Show,Crime TV Shows
s5480,TV Show,Docuseries
s5480,TV Show,TV Mysteries
s5481,Movie,Stand-Up Comedy
s5482,Movie,Comedies
s5482,Movie,International Movies
s5482,Movie,Sci-Fi & Fantasy
s5483,Movie,Comedies
s5483,Movie,Dramas
s5483,Movie,International Movies
s5484,Movie,Dramas
s5484,Movie,Independent Movies
s5484,Movie,Romantic Movies
s5485,Movie,Movies
s5486,Movie,Dramas
s5486,Movie,International Movies
s5486,Movie,Music & Musicals
s5487,Movie,Dramas
s5487,Movie,International Movies
s5488,Movie,Comedies
s5489,TV Show,Kids' TV
s5489,TV Show,TV Action & Adventure
s5489,TV Show,TV Comedies
s5490,Movie,Documentaries
s5491,Movie,Comedies
s5491,Movie,Cult Movies
s5491,Movie,Independent Movies
s5492,Movie,Children & Family Movies
s5493,Movie,Stand-Up Comedy
s5494,Movie,Comedies
s5495,TV Show,Kids' TV
s5496,Movie,Stand-Up Comedy
s5497,Movie,Children & Family Movies
s5497,Movie,Documentaries
s5498,Movie,Stand-Up Comedy
s5499,Movie,Dramas
s5499,Movie,Independent Movies
s5499,Movie,International Movies
s5500,Movie,Dramas
s5500,Movie,International Movies
s5500,Movie,Romantic Movies
s5501,Movie,Comedies
s5501,Movie,Dramas
s5501,Movie,International Movies
s5502,Movie,Comedies
s5502,Movie,International Movies
s5503,Movie,Dramas
s5503,Movie,International Movies
s5503,Movie,Thrillers
s5504,Movie,Documentaries
s5505,Movie,Dramas
s5505,Movie,International Movies
s5505,Movie,Romantic Movies
s5506,Movie,Dramas
s5506,Movie,Independent Movies
s5506,Movie,International Movies
s5507,Movie,Documentaries
s5507,Movie,International Movies
s5508,Movie,Dramas
s5508,Movie,International Movies
s5509,Movie,Documentaries
s5510,TV Show,International TV Shows
s5510,TV Show,Korean TV Shows
s5510,TV Show,Romantic TV Shows
s5511,TV Show,International TV Shows
s5511,TV Show,Korean TV Shows
s5511,TV Show,TV Dramas
s5512,Movie,Dramas
s5513,Movie,Dramas
s5513,Movie,Thrillers
s5514,TV Show,International TV Shows
s5514,TV Show,Korean TV Shows
s5514,TV Show,Romantic TV Shows
s5515,TV Show,Crime TV Shows
s5515,TV Show,International TV Shows
s5515,TV Show,Spanish-Language TV Shows
s5516,Movie,Comedies
s5516,Movie,Dramas
s5516,Movie,International Movies
s5517,Movie,Dramas
s5517,Movie,International Movies
s5518,Movie,Comedies
s5518,Movie,International Movies
s5519,Movie,Stand-Up Comedy
s5520,TV Show,Kids' TV
s5520,TV Show,TV Comedies
s5521,TV Show,TV Comedies
s5522,TV Show,Docuseries
s5523,Movie,Action & Adventure
s5523,Movie,Dramas
s5523,Movie,Independent Movies
s5524,TV Show,Kids' TV
s5524,TV Show,TV Comedies
s5525,Movie,Dramas
s5525,Movie,Independent Movies
s5525,Movie,Romantic Movies
s5526,Movie,Stand-Up Comedy
s5527,Movie,Children & Family Movies
s5527,Movie,Music & Musicals
s5528,Movie,Children & Family Movies
s5528,Movie,Music & Musicals
s5529,Movie,Children & Family Movies
s5529,Movie,Music & Musicals
s5530,Movie,Comedies
s5530,Movie,Dramas
s5530,Movie,International Movies
s5531,Movie,Comedies
s5531,Movie,Dramas
s5531,Movie,International Movies
s5532,Movie,Dramas
s5532,Movie,International Movies
s5532,Movie,Romantic Movies
s5533,Movie,Comedies
s5533,Movie,Dramas
s5533,Movie,International Movies
s5534,Movie,Comedies
s5535,Movie,Comedies
s5535,Movie,International Movies
s5535,Movie,LGBTQ Movies
s5536,Movie,Stand-Up Comedy
s5537,Movie,Comedies
s5538,TV Show,International TV Shows
s5538,TV Show,Korean TV Shows
s5538,TV Show,TV Dramas
s5539,TV Show,TV Dramas
s5540,Movie,Dramas
s5540,Movie,International Movies
s5540,Movie,Romantic Movies
s5541,Movie,Comedies
s5541,Movie,Independent Movies
s5541,Movie,Romantic Movies
s5542,Movie,Movies
s5543,TV Show,International TV Shows
s5543,TV Show,TV Dramas
s5544,Movie,Comedies
s5544,Movie,Dramas
s5544,Movie,International Movies
s5545,Movie,Dramas
s5546,Movie,Action & Adventure
s5546,Movie,Cult Movies
s5546,Movie,International Movies
s5547,Movie,Dramas
s5547,Movie,Independent Movies
s5548,Movie,Dramas
s5548,Movie,International Movies
s5549,Movie,Documentaries
s5550,Movie,Action & Adventure
s5550,Movie,International Movies
s5550,Movie,Music & Musicals
s5551,Movie,Dramas
s5551,Movie,International Movies
s5552,Movie,Dramas
s5552,Movie,International Movies
s5553,Movie,Dramas
s5553,Movie,International Movies
s5553,Movie,Thrillers
s5554,Movie,Stand-Up Comedy
s5555,TV Show,Docuseries
s5556,TV Show,British TV Shows
s5556,TV Show,TV Comedies
s5557,Movie,Dramas
s5557,Movie,Independent Movies
s5557,Movie,Romantic Movies
s5558,Movie,Stand-Up Comedy
s5559,TV Show,British TV Shows
s5559,TV Show,Kids' TV
s5560,Movie,Stand-Up Comedy
s5561,Movie,Documentaries
s5562,Movie,Dramas
s5563,TV Show,Stand-Up Comedy & Talk Shows
s5563,TV Show,TV Comedies
s5564,TV Show,Anime Series
s5564,TV Show,Crime TV Shows
s5564,TV Show,International TV Shows
s5565,Movie,Documentaries
s5566,Movie,Comedies
s5566,Movie,Dramas
s5566,Movie,Independent Movies
s5567,TV Show,Kids' TV
s5568,TV Show,Reality TV
s5569,Movie,Dramas
s5569,Movie,International Movies
s5569,Movie,Thrillers
s5570,TV Show,International TV Shows
s5570,TV Show,TV Dramas
s5571,Movie,Classic Movies
s5571,Movie,Dramas
s5571,Movie,Independent Movies
s5572,Movie,Action & Adventure
s5572,Movie,Dramas
s5572,Movie,International Movies
s5573,Movie,Action & Adventure
s5573,Movie,Comedies
s5573,Movie,International Movies
s5574,Movie,Documentaries
s5574,Movie,Dramas
s5574,Movie,International Movies
s5575,Movie,Action & Adventure
s5575,Movie,Comedies
s5575,Movie,Dramas
s5576,TV Show,Reality TV
s5576,TV Show,Teen TV Shows
s5577,Movie,Stand-Up Comedy
s5578,Movie,Dramas
s5578,Movie,International Movies
s5578,Movie,Sports Movies
s5579,TV Show,Kids' TV
s5579,TV Show,TV Comedies
s5580,Movie,Dramas
s5580,Movie,Independent Movies
s5581,TV Show,International TV Shows
s5581,TV Show,Korean TV Shows
s5581,TV Show,Romantic TV Shows
s5582,Movie,Dramas
s5582,Movie,International Movies
s5582,Movie,Romantic Movies
s5583,Movie,Stand-Up Comedy
s5584,TV Show,International TV Shows
s5584,TV Show,TV Dramas
s5585,Movie,Dramas
s5585,Movie,International Movies
s5585,Movie,Romantic Movies
s5586,TV Show,International TV Shows
s5586,TV Show,Korean TV Shows
s5586,TV Show,TV Action & Adventure
s5587,Movie,Stand-Up Comedy
s5588,Movie,Action & Adventure
s5588,Movie,International Movies
s5589,Movie,Dramas
s5589,Movie,International Movies
s5590,Movie,Action & Adventure
s5590,Movie,International Movies
s5591,Movie,Dramas
s5591,Movie,Independent Movies
s5591,Movie,Thrillers
s5592,TV Show,Kids' TV
s5593,TV Show,International TV Shows
s5593,TV Show,Korean TV Shows
s5593,TV Show,TV Comedies
s5594,TV Show,International TV Shows
s5594,TV Show,Romantic TV Shows
s5594,TV Show,TV Comedies
s5595,Movie,Stand-Up Comedy
s5596,Movie,International Movies
s5596,Movie,Thrillers
s5597,Movie,Children & Family Movies
s5597,Movie,Documentaries
s5598,Movie,Children & Family Movies
s5598,Movie,Music & Musicals
s5599,TV Show,International TV Shows
s5599,TV Show,Korean TV Shows
s5599,TV Show,Romantic TV Shows
s5600,Movie,Action & Adventure
s5600,Movie,International Movies
s5601,Movie,Dramas
s5601,Movie,Independent Movies
s5601,Movie,International Movies
s5602,TV Show,International TV Shows
s5602,TV Show,Korean TV Shows
s5602,TV Show,TV Dramas
s5603,Movie,Documentaries
s5603,Movie,Music & Musicals
s5604,TV Show,International TV Shows
s5604,TV Show,Korean TV Shows
s5604,TV Show,Romantic TV Shows
s5605,Movie,International Movies
s5605,Movie,Thrillers
s5606,Movie,Dramas
s5606,Movie,International Movies
s5607,Movie,Comedies
s5607,Movie,Independent Movies
s5608,Movie,Stand-Up Comedy
s5609,TV Show,International TV Shows
s5609,TV Show,Korean TV Shows
s5609,TV Show,TV Dramas
s5610,TV Show,Anime Series
s5610,TV Show,International TV Shows
s5611,Movie,Comedies
s5611,Movie,International Movies
s5611,Movie,Music & Musicals
s5612,Movie,Stand-Up Comedy
s5613,Movie,Documentaries
s5613,Movie,International Movies
s5614,Movie,Comedies
s5614,Movie,Music & Musicals
s5614,Movie,Romantic Movies
s5615,Movie,Stand-Up Comedy
s5616,Movie,Dramas
s5617,Movie,Action & Adventure
s5617,Movie,Dramas
s5617,Movie,International Movies
s5618,Movie,Action & Adventure
s5618,Movie,Comedies
s5618,Movie,Dramas
s5619,Movie,Dramas
s5619,Movie,Independent Movies
s5619,Movie,International Movies
s5620,Movie,Action & Adventure
s5620,Movie,Comedies
s5620,Movie,International Movies
s5621,Movie,Dramas
s5621,Movie,International Movies
s5621,Movie,Romantic Movies
s5622,Movie,Children & Family Movies
s5622,Movie,Comedies
s5623,Movie,Stand-Up Comedy
s5624,Movie,Dramas
s5624,Movie,International Movies
s5625,Movie,Comedies
s5625,Movie,International Movies
s5626,Movie,International Movies
s5626,Movie,Sci-Fi & Fantasy
s5626,Movie,Thrillers
s5627,Movie,Dramas
s5627,Movie,International Movies
s5628,Movie,Stand-Up Comedy
s5629,Movie,Stand-Up Comedy
s5630,Movie,Dramas
s5630,Movie,International Movies
s5631,Movie,Comedies
s5632,Movie,Stand-Up Comedy
s5633,Movie,Dramas
s5633,Movie,International Movies
s5633,Movie,Music & Musicals
s5634,Movie,Dramas
s5634,Movie,International Movies
s5635,Movie,International Movies
s5635,Movie,Thrillers
s5636,Movie,Dramas
s5636,Movie,International Movies
s5637,Movie,Documentaries
s5637,Movie,International Movies
s5638,Movie,Horror Movies
s5638,Movie,Thrillers
s5639,Movie,Comedies
s5639,Movie,Dramas
s5639,Movie,International Movies
s5640,Movie,Stand-Up Comedy
s5641,TV Show,Kids' TV
s5641,TV Show,TV Comedies
s5642,Movie,Horror Movies
s5642,Movie,International Movies
s5642,Movie,Thrillers
s5643,Movie,Children & Family Movies
s5643,Movie,Dramas
s5644,Movie,Children & Family Movies
s5645,Movie,Action & Adventure
s5645,Movie,International Movies
s5646,Movie,Children & Family Movies
s5646,Movie,Sci-Fi & Fantasy
s5647,Movie,Stand-Up Comedy
s5648,Movie,Dramas
s5648,Movie,International Movies
s5648,Movie,Thrillers
s5649,Movie,Children & Family Movies
s5649,Movie,Comedies
s5650,Movie,Dramas
s5650,Movie,Independent Movies
s5650,Movie,International Movies
s5651,TV Show,TV Action & Adventure
s5651,TV Show,TV Sci-Fi & Fantasy
s5652,Movie,Dramas
s5652,Movie,International Movies
s5653,Movie,Dramas
s5653,Movie,Independent Movies
s5653,Movie,International Movies
s5654,TV Show,International TV Shows
s5654,TV Show,Korean TV Shows
s5654,TV Show,Romantic TV Shows
s5655,TV Show,Anime Series
s5655,TV Show,International TV Shows
s5656,TV Show,Reality TV
s5656,TV Show,Teen TV Shows
s5657,Movie,Dramas
s5657,Movie,International Movies
s5658,Movie,Music & Musicals
s5658,Movie,Stand-Up Comedy
s5659,TV Show,Crime TV Shows
s5659,TV Show,TV Dramas
s5659,TV Show,TV Mysteries
s5660,Movie,Movies
s5661,Movie,Stand-Up Comedy
s5662,Movie,Dramas
s5663,TV Show,British TV Shows
s5663,TV Show,International TV Shows
s5663,TV Show,TV Comedies
s5664,Movie,Dramas
s5665,Movie,Comedies
s5665,Movie,International Movies
s5666,TV Show,International TV Shows
s5666,TV Show,Korean TV Shows
s5666,TV Show,Romantic TV Shows
s5667,Movie,Documentaries
s5667,Movie,Sports Movies
s5668,TV Show,International TV Shows
s5668,TV Show,Korean TV Shows
s5668,TV Show,Romantic TV Shows
s5669,TV Show,International TV Shows
s5669,TV Show,Korean TV Shows
s5669,TV Show,TV Dramas
s5670,TV Show,International TV Shows
s5670,TV Show,Korean TV Shows
s5670,TV Show,TV Dramas
s5671,TV Show,International TV Shows
s5671,TV Show,TV Action & Adventure
s5671,TV Show,TV Sci-Fi & Fantasy
s5672,TV Show,International TV Shows
s5672,TV Show,Korean TV Shows
s5672,TV Show,TV Dramas
s5673,TV Show,Anime Series
s5673,TV Show,International TV Shows
s5674,TV Show,International TV Shows
s5674,TV Show,Korean TV Shows
s5674,TV Show,Romantic TV Shows
s5675,TV Show,British TV Shows
s5675,TV Show,International TV Shows
s5675,TV Show,TV Action & Adventure
s5676,TV Show,International TV Shows
s5676,TV Show,Korean TV Shows
s5676,TV Show,Romantic TV Shows
s5677,Movie,Dramas
s5677,Movie,Independent Movies
s5677,Movie,International Movies
s5678,TV Show,International TV Shows
s5678,TV Show,TV Dramas
s5679,Movie,Stand-Up Comedy
s5680,Movie,Documentaries
s5681,TV Show,Crime TV Shows
s5681,TV Show,Docuseries
s5682,Movie,Children & Family Movies
s5682,Movie,Music & Musicals
s5683,Movie,Action & Adventure
s5683,Movie,Sci-Fi & Fantasy
s5684,TV Show,Docuseries
s5684,TV Show,International TV Shows
s5684,TV Show,Reality TV
s5685,TV Show,International TV Shows
s5685,TV Show,Romantic TV Shows
s5685,TV Show,TV Comedies
s5686,Movie,Comedies
s5686,Movie,Dramas
s5686,Movie,Independent Movies
s5687,TV Show,Docuseries
s5687,TV Show,International TV Shows
s5688,Movie,Dramas
s5688,Movie,Independent Movies
s5688,Movie,Romantic Movies
s5689,Movie,Documentaries
s5689,Movie,Sports Movies
s5690,Movie,Music & Musicals
s5690,Movie,Stand-Up Comedy
s5691,TV Show,Classic & Cult TV
s5691,TV Show,TV Action & Adventure
s5691,TV Show,TV Horror
s5692,Movie,Dramas
s5692,Movie,International Movies
s5692,Movie,Sports Movies
s5693,TV Show,Kids' TV
s5693,TV Show,TV Comedies
s5693,TV Show,TV Dramas
s5694,Movie,Documentaries
s5695,Movie,Dramas
s5695,Movie,Independent Movies
s5696,Movie,Documentaries
s5696,Movie,Sports Movies
s5697,Movie,Dramas
s5697,Movie,International Movies
s5698,Movie,Dramas
s5699,Movie,Comedies
s5699,Movie,International Movies
s5700,TV Show,International TV Shows
s5700,TV Show,Romantic TV Shows
s5700,TV Show,TV Comedies
s5701,TV Show,International TV Shows
s5701,TV Show,Romantic TV Shows
s5701,TV Show,TV Comedies
s5702,Movie,Dramas
s5702,Movie,International Movies
s5702,Movie,Thrillers
s5703,Movie,Comedies
s5703,Movie,Dramas
s5703,Movie,Independent Movies
s5704,TV Show,International TV Shows
s5704,TV Show,Romantic TV Shows
s5704,TV Show,TV Comedies
s5705,Movie,Stand-Up Comedy
s5706,Movie,Dramas
s5706,Movie,Independent Movies
s5706,Movie,International Movies
s5707,Movie,Documentaries
s5707,Movie,International Movies
s5708,TV Show,TV Comedies
s5708,TV Show,TV Dramas
s5708,TV Show,Teen TV Shows
s5709,Movie,Stand-Up Comedy
s5710,Movie,Dramas
s5710,Movie,Thrillers
s5711,Movie,Dramas
s5711,Movie,Independent Movies
s5711,Movie,International Movies
s5712,Movie,Stand-Up Comedy
s5713,Movie,Stand-Up Comedy
s5714,Movie,Stand-Up Comedy
s5715,Movie,Dramas
s5715,Movie,Independent Movies
s5715,Movie,International Movies
s5716,TV Show,Crime TV Shows
s5716,TV Show,International TV Shows
s5716,TV Show,Spanish-Language TV Shows
s5717,TV Show,British TV Shows
s5717,TV Show,Crime TV Shows
s5717,TV Show,International TV Shows
s5718,Movie,Stand-Up Comedy
s5719,Movie,Dramas
s5719,Movie,Independent Movies
s5719,Movie,International Movies
s5720,Movie,Action & Adventure
s5720,Movie,Comedies
s5721,TV Show,Docuseries
s5721,TV Show,International TV Shows
s5722,Movie,Stand-Up Comedy
s5723,TV Show,Crime TV Shows
s5723,TV Show,International TV Shows
s5723,TV Show,TV Dramas
s5724,TV Show,British TV Shows
s5724,TV Show,Kids' TV
s5725,Movie,Stand-Up Comedy
s5726,Movie,Documentaries
s5727,Movie,Documentaries
s5728,TV Show,International TV Shows
s5728,TV Show,Romantic TV Shows
s5728,TV Show,TV Comedies
s5729,TV Show,International TV Shows
s5729,TV Show,Romantic TV Shows
s5729,TV Show,TV Comedies
s5730,TV Show,International TV Shows
s5730,TV Show,Romantic TV Shows
s5730,TV Show,TV Comedies
s5731,TV Show,International TV Shows
s5731,TV Show,Romantic TV Shows
s5731,TV Show,TV Comedies
s5732,TV Show,International TV Shows
s5732,TV Show,Romantic TV Shows
s5732,TV Show,TV Comedies
s5733,TV Show,International TV Shows
s5733,TV Show,Romantic TV Shows
s5733,TV Show,TV Comedies
s5734,Movie,Documentaries
s5735,Movie,Movies
s5736,Movie,Comedies
s5736,Movie,International Movies
s5736,Movie,Romantic Movies
s5737,Movie,Children & Family Movies
s5737,Movie,Comedies
s5738,Movie,Horror Movies
s5738,Movie,International Movies
s5738,Movie,Thrillers
s5739,Movie,Documentaries
s5740,Movie,Comedies
s5740,Movie,Dramas
s5740,Movie,International Movies
s5741,Movie,Comedies
s5741,Movie,International Movies
s5742,TV Show,International TV Shows
s5742,TV Show,TV Comedies
s5743,Movie,Comedies
s5743,Movie,Dramas
s5743,Movie,International Movies
s5744,Movie,Dramas
s5744,Movie,International Movies
s5745,TV Show,TV Dramas
s5745,TV Show,TV Thrillers
s5746,Movie,Stand-Up Comedy
s5747,Movie,Comedies
s5747,Movie,International Movies
s5747,Movie,Sports Movies
s5748,Movie,Action & Adventure
s5748,Movie,Anime Features
s5748,Movie,International Movies
s5749,Movie,Action & Adventure
s5749,Movie,Anime Features
s5749,Movie,Sci-Fi & Fantasy
s5750,Movie,Action & Adventure
s5750,Movie,Anime Features
s5750,Movie,Sci-Fi & Fantasy
s5751,Movie,Comedies
s5751,Movie,International Movies
s5751,Movie,Music & Musicals
s5752,TV Show,Anime Series
s5752,TV Show,Crime TV Shows
s5752,TV Show,International TV Shows
s5753,TV Show,Crime TV Shows
s5753,TV Show,International TV Shows
s5753,TV Show,TV Dramas
s5754,TV Show,Anime Series
s5754,TV Show,International TV Shows
s5754,TV Show,Romantic TV Shows
s5755,Movie,Documentaries
s5756,Movie,Comedies
s5757,Movie,Music & Musicals
s5758,Movie,Documentaries
s5759,Movie,Stand-Up Comedy
s5760,TV Show,Kids' TV
s5761,Movie,Action & Adventure
s5761,Movie,Dramas
s5761,Movie,International Movies
s5762,Movie,Children & Family Movies
s5762,Movie,Comedies
s5763,TV Show,International TV Shows
s5763,TV Show,Romantic TV Shows
s5763,TV Show,TV Dramas
s5764,TV Show,International TV Shows
s5764,TV Show,Romantic TV Shows
s5764,TV Show,TV Dramas
s5765,Movie,Dramas
s5766,Movie,Dramas
s5766,Movie,International Movies
s5767,TV Show,International TV Shows
s5767,TV Show,Romantic TV Shows
s5767,TV Show,TV Comedies
s5768,Movie,Dramas
s5768,Movie,International Movies
s5769,TV Show,International TV Shows
s5769,TV Show,Romantic TV Shows
s5769,TV Show,TV Comedies
s5770,TV Show,Kids' TV
s5771,Movie,Dramas
s5771,Movie,Independent Movies
s5771,Movie,International Movies
s5772,TV Show,International TV Shows
s5772,TV Show,Romantic TV Shows
s5772,TV Show,TV Comedies
s5773,Movie,Comedies
s5773,Movie,International Movies
s5773,Movie,Music & Musicals
s5774,Movie,Children & Family Movies
s5774,Movie,Comedies
s5775,TV Show,International TV Shows
s5775,TV Show,TV Comedies
s5775,TV Show,TV Dramas
s5776,Movie,Movies
s5777,Movie,Dramas
s5777,Movie,International Movies
s5778,TV Show,International TV Shows
s5778,TV Show,Romantic TV Shows
s5778,TV Show,TV Dramas
s5779,Movie,Dramas
s5779,Movie,Independent Movies
s5779,Movie,International Movies
s5780,Movie,Documentaries
s5780,Movie,Sports Movies
s5781,Movie,Comedies
s5781,Movie,International Movies
s5782,TV Show,International TV Shows
s5782,TV Show,Romantic TV Shows
s5782,TV Show,TV Comedies
s5783,Movie,Documentaries
s5784,Movie,Documentaries
s5785,Movie,Stand-Up Comedy
s5786,TV Show,Kids' TV
s5787,Movie,Stand-Up Comedy
s5788,Movie,Stand-Up Comedy
s5789,Movie,Stand-Up Comedy
s5790,Movie,Stand-Up Comedy
s5791,Movie,Stand-Up Comedy
s5792,Movie,Stand-Up Comedy
s5793,Movie,International Movies
s5793,Movie,Sci-Fi & Fantasy
s5793,Movie,Thrillers
s5794,Movie,Stand-Up Comedy
s5795,Movie,Movies
s5796,Movie,Documentaries
s5797,Movie,Documentaries
s5797,Movie,Music & Musicals
s5798,Movie,Documentaries
s5799,Movie,Stand-Up Comedy
s5800,TV Show,Docuseries
s5801,TV Show,Kids' TV
s5802,TV Show,British TV Shows
s5802,TV Show,Docuseries
s5803,TV Show,British TV Shows
s5803,TV Show,TV Horror
s5803,TV Show,TV Thrillers
s5804,TV Show,Crime TV Shows
s5804,TV Show,Docuseries
s5804,TV Show,Science & Nature TV
s5805,Movie,Documentaries
s5806,TV Show,International TV Shows
s5806,TV Show,Romantic TV Shows
s5806,TV Show,TV Dramas
s5807,TV Show,British TV Shows
s5807,TV Show,Crime TV Shows
s5807,TV Show,Docuseries
s5808,TV Show,Anime Series
s5808,TV Show,Kids' TV
s5809,Movie,Stand-Up Comedy
s5810,Movie,Dramas
s5810,Movie,Music & Musicals
s5811,Movie,Documentaries
s5811,Movie,Music & Musicals
s5812,TV Show,British TV Shows
s5812,TV Show,Docuseries
s5813,TV Show,British TV Shows
s5813,TV Show,Crime TV Shows
s5813,TV Show,Docuseries
s5814,Movie,Movies
s5815,Movie,Documentaries
s5816,Movie,Stand-Up Comedy
s5817,Movie,Stand-Up Comedy
s5818,Movie,Stand-Up Comedy
s5819,Movie,Stand-Up Comedy
s5820,Movie,Stand-Up Comedy
s5821,Movie,Stand-Up Comedy
s5822,Movie,Documentaries
s5823,TV Show,British TV Shows
s5823,TV Show,Crime TV Shows
s5823,TV Show,Docuseries
s5824,TV Show,British TV Shows
s5824,TV Show,Docuseries
s5824,TV Show,Science & Nature TV
s5825,Movie,Documentaries
s5826,TV Show,International TV Shows
s5826,TV Show,Spanish-Language TV Shows
s5826,TV Show,TV Dramas
s5827,Movie,Documentaries
s5828,TV Show,Kids' TV
s5829,Movie,Dramas
s5829,Movie,Independent Movies
s5830,TV Show,Kids' TV
s5831,Movie,Dramas
s5831,Movie,Thrillers
s5832,Movie,Documentaries
s5833,Movie,Action & Adventure
s5834,Movie,Comedies
s5834,Movie,Independent Movies
s5834,Movie,International Movies
s5835,TV Show,Anime Series
s5835,TV Show,International TV Shows
s5836,Movie,Stand-Up Comedy
s5837,TV Show,TV Action & Adventure
s5837,TV Show,TV Dramas
s5838,Movie,Dramas
s5838,Movie,Independent Movies
s5838,Movie,International Movies
s5839,TV Show,Kids' TV
s5840,Movie,Stand-Up Comedy
s5841,Movie,Comedies
s5841,Movie,Dramas
s5841,Movie,Independent Movies
s5842,Movie,Action & Adventure
s5842,Movie,Dramas
s5842,Movie,International Movies
s5843,Movie,Music & Musicals
s5843,Movie,Stand-Up Comedy
s5844,TV Show,International TV Shows
s5844,TV Show,TV Dramas
s5845,TV Show,Docuseries
s5845,TV Show,International TV Shows
s5845,TV Show,Science & Nature TV
s5846,TV Show,Docuseries
s5846,TV Show,International TV Shows
s5846,TV Show,Science & Nature TV
s5847,Movie,Action & Adventure
s5847,Movie,Comedies
s5848,Movie,Stand-Up Comedy
s5849,Movie,Comedies
s5850,Movie,Documentaries
s5850,Movie,Sports Movies
s5851,Movie,Stand-Up Comedy
s5852,Movie,Dramas
s5852,Movie,International Movies
s5853,Movie,Horror Movies
s5853,Movie,Thrillers
s5854,TV Show,Anime Series
s5854,TV Show,International TV Shows
s5855,Movie,Documentaries
s5855,Movie,Music & Musicals
s5856,TV Show,Kids' TV
s5857,TV Show,International TV Shows
s5857,TV Show,Reality TV
s5858,Movie,Children & Family Movies
s5858,Movie,Comedies
s5859,Movie,Comedies
s5859,Movie,Horror Movies
s5860,Movie,Stand-Up Comedy
s5861,Movie,Documentaries
s5861,Movie,International Movies
s5862,Movie,Children & Family Movies
s5862,Movie,Comedies
s5862,Movie,Cult Movies
s5863,TV Show,TV Comedies
s5864,TV Show,Anime Series
s5864,TV Show,International TV Shows
s5864,TV Show,Romantic TV Shows
s5865,Movie,Action & Adventure
s5865,Movie,Romantic Movies
s5866,Movie,Children & Family Movies
s5866,Movie,Sci-Fi & Fantasy
s5867,TV Show,Docuseries
s5868,TV Show,Kids' TV
s5869,Movie,Stand-Up Comedy
s5870,TV Show,Kids' TV
s5871,TV Show,Kids' TV
s5872,TV Show,Docuseries
s5872,TV Show,Science & Nature TV
s5873,Movie,Stand-Up Comedy
s5874,Movie,Action & Adventure
s5874,Movie,Dramas
s5874,Movie,International Movies
s5875,Movie,Action & Adventure
s5875,Movie,International Movies
s5876,Movie,Stand-Up Comedy
s5877,Movie,Movies
s5878,TV Show,Kids' TV
s5878,TV Show,TV Comedies
s5879,Movie,Stand-Up Comedy
s5880,Movie,Action & Adventure
s5880,Movie,Comedies
s5881,Movie,Comedies
s5881,Movie,International Movies
s5882,Movie,Comedies
s5882,Movie,Music & Musicals
s5883,TV Show,International TV Shows
s5883,TV Show,TV Dramas
s5884,Movie,Comedies
s5884,Movie,Dramas
s5884,Movie,LGBTQ Movies
s5885,Movie,Stand-Up Comedy
s5886,TV Show,TV Comedies
s5887,Movie,Comedies
s5887,Movie,Dramas
s5887,Movie,Independent Movies
s5888,Movie,Children & Family Movies
s5889,TV Show,TV Horror
s5889,TV Show,TV Mysteries
s5889,TV Show,TV Thrillers
s5890,Movie,Comedies
s5890,Movie,Independent Movies
s5891,Movie,Stand-Up Comedy
s5892,Movie,Dramas
s5892,Movie,Independent Movies
s5893,Movie,Dramas
s5893,Movie,Independent Movies
s5893,Movie,Sci-Fi & Fantasy
s5894,Movie,Documentaries
s5894,Movie,International Movies
s5895,Movie,Stand-Up Comedy
s5896,TV Show,Kids' TV
s5897,Movie,Documentaries
s5897,Movie,Music & Musicals
s5898,Movie,Documentaries
s5899,Movie,Dramas
s5899,Movie,Independent Movies
s5899,Movie,Romantic Movies
s5900,Movie,Stand-Up Comedy
s5901,TV Show,TV Comedies
s5902,Movie,Documentaries
s5902,Movie,Stand-Up Comedy
s5903,TV Show,Kids' TV
s5904,Movie,Horror Movies
s5904,Movie,Independent Movies
s5904,Movie,Thrillers
s5905,Movie,Stand-Up Comedy
s5906,Movie,Stand-Up Comedy
s5907,Movie,Documentaries
s5907,Movie,Music & Musicals
s5908,Movie,Dramas
s5908,Movie,Independent Movies
s5908,Movie,Sci-Fi & Fantasy
s5909,TV Show,British TV Shows
s5909,TV Show,Kids' TV
s5909,TV Show,TV Comedies
s5910,Movie,Comedies
s5910,Movie,Dramas
s5910,Movie,International Movies
s5911,Movie,Documentaries
s5912,Movie,Stand-Up Comedy
s5913,Movie,Documentaries
s5913,Movie,Music & Musicals
s5914,Movie,Stand-Up Comedy
s5915,TV Show,Kids' TV
s5916,Movie,Stand-Up Comedy
s5917,Movie,Documentaries
s5918,Movie,Stand-Up Comedy
s5919,Movie,Documentaries
s5920,Movie,Stand-Up Comedy
s5921,Movie,Movies
s5922,Movie,Stand-Up Comedy
s5923,TV Show,Crime TV Shows
s5923,TV Show,TV Comedies
s5923,TV Show,TV Dramas
s5924,TV Show,Kids' TV
s5924,TV Show,TV Thrillers
s5925,Movie,Stand-Up Comedy
s5926,Movie,Documentaries
s5926,Movie,International Movies
s5927,Movie,Documentaries
s5928,Movie,Stand-Up Comedy
s5929,Movie,Stand-Up Comedy
s5930,Movie,Documentaries
s5931,Movie,Documentaries
s5932,Movie,Documentaries
s5932,Movie,Sports Movies
s5933,Movie,Documentaries
s5934,TV Show,TV Dramas
s5935,Movie,Documentaries
s5936,Movie,Documentaries
s5936,Movie,International Movies
s5937,Movie,Children & Family Movies
s5937,Movie,Comedies
s5937,Movie,Music & Musicals
s5938,Movie,Children & Family Movies
s5938,Movie,Documentaries
s5938,Movie,Sports Movies
s5939,Movie,Stand-Up Comedy
s5940,TV Show,TV Dramas
s5940,TV Show,TV Mysteries
s5940,TV Show,TV Sci-Fi & Fantasy
s5941,TV Show,Crime TV Shows
s5941,TV Show,TV Dramas
s5941,TV Show,TV Thrillers
s5942,Movie,Documentaries
s5943,Movie,Dramas
s5944,Movie,Dramas
s5945,Movie,Dramas
s5946,Movie,Dramas
s5947,Movie,Dramas
s5947,Movie,Sports Movies
s5948,Movie,Dramas
s5949,Movie,Dramas
s5950,Movie,Dramas
s5951,Movie,Dramas
s5951,Movie,Sports Movies
s5952,Movie,Dramas
s5953,Movie,Dramas
s5953,Movie,Thrillers
s5954,Movie,Children & Family Movies
s5954,Movie,Dramas
s5954,Movie,Faith & Spirituality
s5955,Movie,Dramas
s5955,Movie,International Movies
s5956,Movie,Horror Movies
s5957,Movie,Dramas
s5957,Movie,International Movies
s5958,Movie,Dramas
s5958,Movie,Independent Movies
s5958,Movie,Thrillers
s5959,Movie,Action & Adventure
s5959,Movie,Independent Movies
s5959,Movie,Sci-Fi & Fantasy
s5960,Movie,Dramas
s5961,Movie,Dramas
s5962,Movie,Horror Movies
s5962,Movie,International Movies
s5963,Movie,Horror Movies
s5963,Movie,International Movies
s5963,Movie,Thrillers
s5964,Movie,Dramas
s5964,Movie,International Movies
s5964,Movie,Thrillers
s5965,TV Show,International TV Shows
s5965,TV Show,TV Dramas
s5966,Movie,Dramas
s5966,Movie,Thrillers
s5967,Movie,Comedies
s5967,Movie,Dramas
s5967,Movie,Independent Movies
s5968,Movie,Sports Movies
s5969,Movie,Action & Adventure
s5969,Movie,Dramas
s5969,Movie,International Movies
s5970,Movie,Dramas
s5970,Movie,International Movies
s5971,Movie,Dramas
s5971,Movie,International Movies
s5972,Movie,Documentaries
s5973,Movie,Documentaries
s5973,Movie,International Movies
s5974,Movie,Comedies
s5974,Movie,Romantic Movies
s5975,TV Show,International TV Shows
s5975,TV Show,Romantic TV Shows
s5975,TV Show,TV Comedies
s5976,Movie,Horror Movies
s5976,Movie,International Movies
s5977,Movie,Comedies
s5977,Movie,International Movies
s5978,Movie,Action & Adventure
s5978,Movie,Sci-Fi & Fantasy
s5979,TV Show,Crime TV Shows
s5979,TV Show,International TV Shows
s5979,TV Show,TV Dramas
s5980,Movie,Dramas
s5980,Movie,Romantic Movies
s5981,Movie,Dramas
s5981,Movie,Romantic Movies
s5981,Movie,Sports Movies
s5982,Movie,Action & Adventure
s5983,Movie,Documentaries
s5983,Movie,International Movies
s5984,Movie,Documentaries
s5985,TV Show,British TV Shows
s5985,TV Show,International TV Shows
s5985,TV Show,Reality TV
s5986,Movie,Dramas
s5986,Movie,Independent Movies
s5986,Movie,Sports Movies
s5987,TV Show,International TV Shows
s5987,TV Show,Korean TV Shows
s5987,TV Show,Romantic TV Shows
s5988,Movie,Horror Movies
s5988,Movie,Independent Movies
s5988,Movie,Thrillers
s5989,Movie,Horror Movies
s5989,Movie,Thrillers
s5990,Movie,Movies
s5991,Movie,Action & Adventure
s5991,Movie,International Movies
s5992,Movie,Horror Movies
s5992,Movie,Thrillers
s5993,Movie,Action & Adventure
s5994,Movie,Comedies
s5995,Movie,Horror Movies
s5995,Movie,Independent Movies
s5995,Movie,Thrillers
s5996,Movie,Horror Movies
s5996,Movie,Independent Movies
s5997,Movie,Documentaries
s5997,Movie,Music & Musicals
s5998,Movie,International Movies
s5998,Movie,Music & Musicals
s5999,Movie,Sci-Fi & Fantasy
s6000,Movie,Dramas
s6000,Movie,Independent Movies
s6001,Movie,Comedies
s6002,TV Show,International TV Shows
s6002,TV Show,TV Dramas
s6003,Movie,Action & Adventure
s6003,Movie,Independent Movies
s6003,Movie,Sci-Fi & Fantasy
s6004,Movie,Action & Adventure
s6005,Movie,Action & Adventure
s6005,Movie,Comedies
s6005,Movie,International Movies
s6006,Movie,Documentaries
s6007,Movie,Comedies
s6007,Movie,Dramas
s6008,Movie,Dramas
s6008,Movie,International Movies
s6008,Movie,Thrillers
s6009,Movie,Dramas
s6009,Movie,LGBTQ Movies
s6010,Movie,Dramas
s6010,Movie,International Movies
s6010,Movie,Sports Movies
s6011,Movie,Documentaries
s6011,Movie,Faith & Spirituality
s6012,Movie,Comedies
s6012,Movie,International Movies
s6013,Movie,Action & Adventure
s6013,Movie,Comedies
s6014,Movie,Dramas
s6014,Movie,International Movies
s6015,Movie,Documentaries
s6016,Movie,Comedies
s6016,Movie,LGBTQ Movies
s6017,Movie,Action & Adventure
s6017,Movie,Comedies
s6017,Movie,International Movies
s6018,Movie,Comedies
s6018,Movie,Dramas
s6018,Movie,Romantic Movies
s6019,Movie,Comedies
s6019,Movie,Romantic Movies
s6020,Movie,Comedies
s6020,Movie,Dramas
s6020,Movie,Independent Movies
s6021,Movie,Dramas
s6021,Movie,International Movies
s6022,Movie,Action & Adventure
s6022,Movie,Dramas
s6022,Movie,International Movies
s6023,Movie,Horror Movies
s6023,Movie,International Movies
s6023,Movie,Thrillers
s6024,Movie,Comedies
s6024,Movie,Independent Movies
s6024,Movie,Thrillers
s6025,TV Show,TV Shows
s6026,Movie,Comedies
s6026,Movie,International Movies
s6026,Movie,Music & Musicals
s6027,TV Show,British TV Shows
s6027,TV Show,Docuseries
s6027,TV Show,Science & Nature TV
s6028,Movie,Comedies
s6029,Movie,Dramas
s6029,Movie,Independent Movies
s6029,Movie,International Movies
s6030,Movie,Dramas
s6030,Movie,Sci-Fi & Fantasy
s6031,Movie,Action & Adventure
s6031,Movie,Classic Movies
s6031,Movie,Dramas
s6032,Movie,Classic Movies
s6032,Movie,Cult Movies
s6032,Movie,Dramas
s6033,Movie,Dramas
s6033,Movie,Romantic Movies
s6034,Movie,Documentaries
s6034,Movie,International Movies
s6035,Movie,Dramas
s6036,Movie,Action & Adventure
s6036,Movie,International Movies
s6036,Movie,Sci-Fi & Fantasy
s6037,Movie,Comedies
s6037,Movie,Independent Movies
s6038,TV Show,International TV Shows
s6038,TV Show,Romantic TV Shows
s6038,TV Show,TV Dramas
s6039,Movie,Documentaries
s6040,Movie,Comedies
s6040,Movie,Horror Movies
s6041,Movie,Horror Movies
s6041,Movie,Independent Movies
s6042,Movie,Children & Family Movies
s6042,Movie,Comedies
s6042,Movie,Romantic Movies
s6043,Movie,Thrillers
s6044,Movie,Documentaries
s6045,TV Show,Crime TV Shows
s6045,TV Show,International TV Shows
s6045,TV Show,Korean TV Shows
s6046,Movie,Comedies
s6046,Movie,International Movies
s6047,Movie,Dramas
s6047,Movie,Thrillers
s6048,Movie,Documentaries
s6049,Movie,Documentaries
s6049,Movie,International Movies
s6050,Movie,Comedies
s6050,Movie,Cult Movies
s6051,Movie,Dramas
s6051,Movie,International Movies
s6052,Movie,Dramas
s6052,Movie,Thrillers
s6053,Movie,Dramas
s6053,Movie,Independent Movies
s6053,Movie,Romantic Movies
s6054,Movie,Children & Family Movies
s6054,Movie,Dramas
s6054,Movie,Romantic Movies
s6055,Movie,Stand-Up Comedy
s6056,Movie,International Movies
s6056,Movie,Thrillers
s6057,Movie,Dramas
s6057,Movie,International Movies
s6058,Movie,Comedies
s6058,Movie,Independent Movies
s6059,Movie,Dramas
s6059,Movie,Independent Movies
s6060,Movie,Dramas
s6060,Movie,International Movies
s6061,Movie,Comedies
s6061,Movie,Romantic Movies
s6062,Movie,Comedies
s6063,Movie,Dramas
s6063,Movie,Romantic Movies
s6064,Movie,Action & Adventure
s6064,Movie,Dramas
s6064,Movie,International Movies
s6065,Movie,Documentaries
s6066,Movie,Children & Family Movies
s6067,TV Show,British TV Shows
s6067,TV Show,TV Comedies
s6067,TV Show,TV Dramas
s6068,TV Show,TV Dramas
s6069,Movie,Horror Movies
s6070,Movie,Action & Adventure
s6070,Movie,Children & Family Movies
s6070,Movie,Independent Movies
s6071,Movie,Dramas
s6071,Movie,International Movies
s6071,Movie,Romantic Movies
s6072,Movie,Comedies
s6072,Movie,International Movies
s6073,Movie,Comedies
s6073,Movie,Dramas
s6073,Movie,International Movies
s6074,Movie,Dramas
s6074,Movie,International Movies
s6075,Movie,Dramas
s6075,Movie,International Movies
s6076,Movie,Comedies
s6076,Movie,Dramas
s6076,Movie,International Movies
s6077,Movie,Comedies
s6077,Movie,Dramas
s6077,Movie,International Movies
s6078,Movie,Action & Adventure
s6078,Movie,Dramas
s6078,Movie,International Movies
s6079,Movie,Comedies
s6079,Movie,International Movies
s6079,Movie,Sci-Fi & Fantasy
s6080,TV Show,International TV Shows
s6080,TV Show,Korean TV Shows
s6080,TV Show,Stand-Up Comedy & Talk Shows
s6081,Movie,Children & Family Movies
s6081,Movie,Comedies
s6082,Movie,Comedies
s6082,Movie,Dramas
s6082,Movie,International Movies
s6083,Movie,Dramas
s6083,Movie,International Movies
s6084,Movie,Comedies
s6084,Movie,Dramas
s6084,Movie,International Movies
s6085,Movie,Dramas
s6085,Movie,Sports Movies
s6086,Movie,Dramas
s6086,Movie,Music & Musicals
s6086,Movie,Romantic Movies
s6087,Movie,Action & Adventure
s6088,Movie,Action & Adventure
s6088,Movie,International Movies
s6089,Movie,Action & Adventure
s6090,TV Show,TV Comedies
s6091,Movie,Action & Adventure
s6091,Movie,Documentaries
s6091,Movie,International Movies
s6092,Movie,Dramas
s6092,Movie,Independent Movies
s6092,Movie,International Movies
s6093,Movie,Horror Movies
s6093,Movie,Independent Movies
s6093,Movie,International Movies
s6094,Movie,Comedies
s6095,TV Show,British TV Shows
s6095,TV Show,Docuseries
s6095,TV Show,International TV Shows
s6096,Movie,Documentaries
s6097,Movie,Documentaries
s6098,Movie,Dramas
s6098,Movie,Independent Movies
s6099,Movie,Action & Adventure
s6099,Movie,Horror Movies
s6100,Movie,Dramas
s6101,TV Show,British TV Shows
s6101,TV Show,Reality TV
s6101,TV Show,Romantic TV Shows
s6102,TV Show,International TV Shows
s6102,TV Show,Romantic TV Shows
s6102,TV Show,TV Dramas
s6103,TV Show,Crime TV Shows
s6103,TV Show,International TV Shows
s6103,TV Show,TV Action & Adventure
s6104,Movie,Dramas
s6104,Movie,International Movies
s6104,Movie,Romantic Movies
s6105,Movie,Documentaries
s6106,TV Show,British TV Shows
s6106,TV Show,Docuseries
s6106,TV Show,International TV Shows
s6107,Movie,Dramas
s6107,Movie,Independent Movies
s6107,Movie,International Movies
s6108,Movie,International Movies
s6108,Movie,Music & Musicals
s6108,Movie,Romantic Movies
s6109,Movie,Comedies
s6109,Movie,International Movies
s6110,Movie,Children & Family Movies
s6111,Movie,Documentaries
s6111,Movie,International Movies
s6111,Movie,Music & Musicals
s6112,Movie,Classic Movies
s6112,Movie,Comedies
s6112,Movie,Dramas
s6113,Movie,Documentaries
s6114,Movie,Children & Family Movies
s6114,Movie,Comedies
s6114,Movie,Sci-Fi & Fantasy
s6115,Movie,Documentaries
s6116,Movie,Comedies
s6116,Movie,Dramas
s6116,Movie,Independent Movies
s6117,Movie,Children & Family Movies
s6118,Movie,International Movies
s6118,Movie,Thrillers
s6119,Movie,Children & Family Movies
s6119,Movie,Independent Movies
s6120,Movie,Horror Movies
s6120,Movie,Thrillers
s6121,Movie,Horror Movies
s6122,Movie,Action & Adventure
s6123,Movie,Dramas
s6124,Movie,Thrillers
s6125,Movie,Children & Family Movies
s6126,Movie,Children & Family Movies
s6127,TV Show,Kids' TV
s6128,Movie,Documentaries
s6129,Movie,Comedies
s6129,Movie,Romantic Movies
s6130,Movie,Comedies
s6130,Movie,Dramas
s6130,Movie,International Movies
s6131,Movie,Action & Adventure
s6131,Movie,Classic Movies
s6131,Movie,Comedies
s6132,Movie,Dramas
s6132,Movie,International Movies
s6133,TV Show,Docuseries
s6134,Movie,Documentaries
s6135,Movie,Action & Adventure
s6136,Movie,Dramas
s6137,Movie,Documentaries
s6138,TV Show,Crime TV Shows
s6138,TV Show,TV Dramas
s6139,Movie,Documentaries
s6140,TV Show,Docuseries
s6141,Movie,Documentaries
s6142,Movie,Thrillers
s6143,Movie,Action & Adventure
s6143,Movie,Dramas
s6144,Movie,Dramas
s6145,Movie,Dramas
s6145,Movie,Independent Movies
s6146,Movie,Documentaries
s6146,Movie,Sports Movies
s6147,TV Show,TV Dramas
s6147,TV Show,TV Thrillers
s6148,Movie,Comedies
s6148,Movie,Cult Movies
s6148,Movie,Dramas
s6149,Movie,Dramas
s6150,Movie,Documentaries
s6150,Movie,International Movies
s6150,Movie,Music & Musicals
s6151,Movie,Documentaries
s6151,Movie,International Movies
s6152,Movie,Children & Family Movies
s6153,Movie,Children & Family Movies
s6154,Movie,Children & Family Movies
s6155,Movie,Children & Family Movies
s6156,Movie,Dramas
s6156,Movie,International Movies
s6157,TV Show,International TV Shows
s6157,TV Show,Romantic TV Shows
s6157,TV Show,TV Dramas
s6158,Movie,Dramas
s6158,Movie,Faith & Spirituality
s6159,Movie,Comedies
s6159,Movie,Dramas
s6159,Movie,International Movies
s6160,Movie,Dramas
s6160,Movie,Independent Movies
s6160,Movie,International Movies
s6161,Movie,Comedies
s6161,Movie,Dramas
s6161,Movie,LGBTQ Movies
s6162,TV Show,Docuseries
s6162,TV Show,Science & Nature TV
s6163,Movie,Dramas
s6163,Movie,Independent Movies
s6164,Movie,Dramas
s6164,Movie,Romantic Movies
s6165,Movie,Comedies
s6166,Movie,Dramas
s6166,Movie,Independent Movies
s6166,Movie,International Movies
s6167,TV Show,International TV Shows
s6167,TV Show,TV Horror
s6167,TV Show,TV Thrillers
s6168,TV Show,International TV Shows
s6168,TV Show,TV Horror
s6168,TV Show,TV Mysteries
s6169,Movie,Dramas
s6169,Movie,International Movies
s6169,Movie,Thrillers
s6170,Movie,Children & Family Movies
s6171,Movie,Dramas
s6171,Movie,Independent Movies
s6171,Movie,International Movies
s6172,Movie,Action & Adventure
s6172,Movie,Comedies
s6172,Movie,Sci-Fi & Fantasy
s6173,Movie,Comedies
s6173,Movie,International Movies
s6174,Movie,Children & Family Movies
s6175,TV Show,Docuseries
s6176,Movie,Action & Adventure
s6176,Movie,Horror Movies
s6177,Movie,Dramas
s6177,Movie,Independent Movies
s6177,Movie,International Movies
s6178,TV Show,Anime Series
s6178,TV Show,Kids' TV
s6179,Movie,Documentaries
s6180,Movie,Documentaries
s6181,Movie,Horror Movies
s6181,Movie,Sci-Fi & Fantasy
s6181,Movie,Thrillers
s6182,Movie,Action & Adventure
s6182,Movie,Comedies
s6182,Movie,International Movies
s6183,Movie,Dramas
s6183,Movie,Independent Movies
s6184,Movie,Comedies
s6184,Movie,Dramas
s6184,Movie,International Movies
s6185,Movie,Comedies
s6185,Movie,Dramas
s6185,Movie,International Movies
s6186,Movie,Comedies
s6186,Movie,Romantic Movies
s6187,Movie,Children & Family Movies
s6187,Movie,Comedies
s6188,Movie,Horror Movies
s6188,Movie,Thrillers
s6189,Movie,Comedies
s6189,Movie,Romantic Movies
s6190,Movie,Horror Movies
s6190,Movie,Sci-Fi & Fantasy
s6190,Movie,Thrillers
s6191,Movie,Action & Adventure
s6191,Movie,Dramas
s6191,Movie,International Movies
s6192,Movie,Documentaries
s6192,Movie,Sports Movies
s6193,Movie,Dramas
s6193,Movie,Sci-Fi & Fantasy
s6194,Movie,Comedies
s6194,Movie,International Movies
s6194,Movie,Romantic Movies
s6195,TV Show,Crime TV Shows
s6195,TV Show,Kids' TV
s6195,TV Show,TV Comedies
s6196,Movie,Documentaries
s6196,Movie,International Movies
s6197,Movie,Comedies
s6197,Movie,Independent Movies
s6197,Movie,International Movies
s6198,Movie,Documentaries
s6199,TV Show,Docuseries
s6199,TV Show,International TV Shows
s6199,TV Show,Reality TV
s6200,Movie,International Movies
s6200,Movie,Sci-Fi & Fantasy
s6200,Movie,Thrillers
s6201,Movie,Action & Adventure
s6201,Movie,Sci-Fi & Fantasy
s6202,Movie,Documentaries
s6202,Movie,International Movies
s6202,Movie,Music & Musicals
s6203,Movie,Dramas
s6203,Movie,International Movies
s6203,Movie,Sports Movies
s6204,Movie,Dramas
s6204,Movie,Independent Movies
s6204,Movie,International Movies
s6205,Movie,Dramas
s6205,Movie,International Movies
s6206,Movie,Dramas
s6206,Movie,Independent Movies
s6207,Movie,Documentaries
s6207,Movie,International Movies
s6208,Movie,Comedies
s6208,Movie,Dramas
s6208,Movie,International Movies
s6209,Movie,Horror Movies
s6209,Movie,Independent Movies
s6209,Movie,Thrillers
s6210,Movie,Dramas
s6210,Movie,Independent Movies
s6210,Movie,Thrillers
s6211,Movie,Dramas
s6211,Movie,Thrillers
s6212,Movie,Action & Adventure
s6212,Movie,Comedies
s6213,Movie,Action & Adventure
s6213,Movie,Comedies
s6214,TV Show,British TV Shows
s6214,TV Show,TV Comedies
s6215,Movie,Thrillers
s6216,Movie,Documentaries
s6216,Movie,Music & Musicals
s6217,TV Show,International TV Shows
s6217,TV Show,TV Dramas
s6218,Movie,Dramas
s6218,Movie,International Movies
s6219,Movie,Dramas
s6220,TV Show,International TV Shows
s6220,TV Show,Spanish-Language TV Shows
s6220,TV Show,TV Dramas
s6221,Movie,Children & Family Movies
s6221,Movie,Dramas
s6222,Movie,Children & Family Movies
s6223,Movie,Children & Family Movies
s6224,Movie,International Movies
s6224,Movie,Romantic Movies
s6225,Movie,Comedies
s6225,Movie,International Movies
s6225,Movie,Romantic Movies
s6226,Movie,Comedies
s6226,Movie,Dramas
s6226,Movie,Independent Movies
s6227,Movie,Action & Adventure
s6227,Movie,Comedies
s6227,Movie,Independent Movies
s6228,Movie,Action & Adventure
s6228,Movie,International Movies
s6229,TV Show,International TV Shows
s6229,TV Show,Romantic TV Shows
s6229,TV Show,TV Comedies
s6230,Movie,Dramas
s6230,Movie,International Movies
s6231,Movie,Comedies
s6231,Movie,International Movies
s6231,Movie,Romantic Movies
s6232,Movie,Documentaries
s6232,Movie,International Movies
s6232,Movie,Sports Movies
s6233,Movie,Dramas
s6233,Movie,International Movies
s6234,Movie,Documentaries
s6234,Movie,International Movies
s6235,Movie,Children & Family Movies
s6236,Movie,Children & Family Movies
s6237,Movie,Children & Family Movies
s6238,Movie,Children & Family Movies
s6239,Movie,Children & Family Movies
s6240,Movie,Children & Family Movies
s6241,Movie,Children & Family Movies
s6242,Movie,Children & Family Movies
s6243,Movie,Children & Family Movies
s6244,Movie,Children & Family Movies
s6245,Movie,Action & Adventure
s6245,Movie,Comedies
s6246,Movie,Comedies
s6246,Movie,International Movies
s6247,Movie,Action & Adventure
s6247,Movie,International Movies
s6247,Movie,Music & Musicals
s6248,Movie,Comedies
s6248,Movie,Sports Movies
s6249,Movie,Classic Movies
s6249,Movie,Thrillers
s6250,TV Show,Kids' TV
s6251,TV Show,Crime TV Shows
s6251,TV Show,TV Dramas
s6251,TV Show,TV Horror
s6252,Movie,Documentaries
s6252,Movie,Music & Musicals
s6253,TV Show,Crime TV Shows
s6253,TV Show,TV Comedies
s6253,TV Show,TV Dramas
s6254,TV Show,British TV Shows
s6254,TV Show,Docuseries
s6254,TV Show,Reality TV
s6255,Movie,Classic Movies
s6255,Movie,Comedies
s6255,Movie,Dramas
s6256,Movie,Dramas
s6256,Movie,Independent Movies
s6256,Movie,International Movies
s6257,Movie,Documentaries
s6258,Movie,Comedies
s6258,Movie,Dramas
s6258,Movie,Romantic Movies
s6259,TV Show,Kids' TV
s6260,Movie,Documentaries
s6260,Movie,International Movies
s6261,Movie,Comedies
s6261,Movie,International Movies
s6262,Movie,Children & Family Movies
s6262,Movie,Documentaries
s6262,Movie,International Movies
s6263,TV Show,Docuseries
s6264,TV Show,International TV Shows
s6264,TV Show,Korean TV Shows
s6264,TV Show,Romantic TV Shows
s6265,TV Show,Crime TV Shows
s6265,TV Show,Romantic TV Shows
s6265,TV Show,TV Dramas
s6266,TV Show,International TV Shows
s6266,TV Show,Romantic TV Shows
s6266,TV Show,TV Comedies
s6267,Movie,Comedies
s6267,Movie,Cult Movies
s6268,Movie,Comedies
s6269,Movie,Comedies
s6269,Movie,Dramas
s6269,Movie,International Movies
s6270,Movie,Comedies
s6270,Movie,International Movies
s6271,Movie,Dramas
s6271,Movie,Romantic Movies
s6272,Movie,Children & Family Movies
s6272,Movie,Comedies
s6273,Movie,Documentaries
s6274,Movie,Documentaries
s6274,Movie,International Movies
s6275,Movie,Documentaries
s6275,Movie,LGBTQ Movies
s6275,Movie,Music & Musicals
s6276,TV Show,International TV Shows
s6276,TV Show,Romantic TV Shows
s6276,TV Show,TV Dramas
s6277,TV Show,Crime TV Shows
s6277,TV Show,International TV Shows
s6277,TV Show,TV Dramas
s6278,Movie,Dramas
s6278,Movie,International Movies
s6278,Movie,Romantic Movies
s6279,Movie,Documentaries
s6279,Movie,International Movies
s6279,Movie,Sports Movies
s6280,TV Show,Romantic TV Shows
s6280,TV Show,TV Dramas
s6281,Movie,Dramas
s6281,Movie,Independent Movies
s6281,Movie,International Movies
s6282,TV Show,Kids' TV
s6283,Movie,Independent Movies
s6283,Movie,Thrillers
s6284,Movie,Children & Family Movies
s6284,Movie,Dramas
s6285,Movie,Children & Family Movies
s6286,Movie,Comedies
s6286,Movie,International Movies
s6286,Movie,Sports Movies
s6287,Movie,Dramas
s6287,Movie,International Movies
s6287,Movie,Romantic Movies
s6288,Movie,Comedies
s6288,Movie,International Movies
s6289,Movie,Documentaries
s6290,Movie,Dramas
s6290,Movie,International Movies
s6290,Movie,Romantic Movies
s6291,Movie,Comedies
s6291,Movie,International Movies
s6291,Movie,Romantic Movies
s6292,TV Show,Anime Series
s6292,TV Show,Kids' TV
s6293,Movie,Documentaries
s6293,Movie,International Movies
s6293,Movie,Sports Movies
s6294,Movie,Dramas
s6294,Movie,Independent Movies
s6294,Movie,International Movies
s6295,TV Show,International TV Shows
s6295,TV Show,TV Comedies
s6296,TV Show,International TV Shows
s6296,TV Show,Romantic TV Shows
s6296,TV Show,TV Dramas
s6297,Movie,Comedies
s6297,Movie,International Movies
s6297,Movie,Romantic Movies
s6298,Movie,Children & Family Movies
s6299,Movie,Dramas
s6299,Movie,International Movies
s6299,Movie,Thrillers
s6300,Movie,Horror Movies
s6300,Movie,International Movies
s6300,Movie,Thrillers
s6301,Movie,Dramas
s6301,Movie,Independent Movies
s6301,Movie,International Movies
s6302,TV Show,Kids' TV
s6302,TV Show,TV Comedies
s6303,Movie,Comedies
s6304,Movie,Comedies
s6305,TV Show,British TV Shows
s6305,TV Show,International TV Shows
s6305,TV Show,Reality TV
s6306,Movie,Children & Family Movies
s6306,Movie,Comedies
s6307,Movie,Action & Adventure
s6308,Movie,Documentaries
s6309,Movie,Children & Family Movies
s6309,Movie,Comedies
s6310,Movie,Documentaries
s6310,Movie,Music & Musicals
s6311,Movie,Stand-Up Comedy
s6312,Movie,Dramas
s6312,Movie,Independent Movies
s6312,Movie,International Movies
s6313,Movie,Documentaries
s6313,Movie,Faith & Spirituality
s6314,Movie,Dramas
s6314,Movie,International Movies
s6315,Movie,Dramas
s6315,Movie,International Movies
s6315,Movie,LGBTQ Movies
s6316,Movie,Comedies
s6316,Movie,Independent Movies
s6316,Movie,International Movies
s6317,Movie,Comedies
s6317,Movie,Dramas
s6317,Movie,Independent Movies
s6318,Movie,Action & Adventure
s6318,Movie,Comedies
s6318,Movie,International Movies
s6319,TV Show,International TV Shows
s6319,TV Show,TV Dramas
s6319,TV Show,TV Horror
s6320,TV Show,Crime TV Shows
s6320,TV Show,International TV Shows
s6320,TV Show,TV Dramas
s6321,Movie,Comedies
s6321,Movie,Dramas
s6321,Movie,International Movies
s6322,Movie,Dramas
s6323,Movie,Action & Adventure
s6323,Movie,Dramas
s6324,TV Show,Crime TV Shows
s6324,TV Show,International TV Shows
s6324,TV Show,TV Dramas
s6325,Movie,Documentaries
s6325,Movie,International Movies
s6326,Movie,Action & Adventure
s6326,Movie,Sci-Fi & Fantasy
s6327,Movie,Action & Adventure
s6328,Movie,Dramas
s6328,Movie,Independent Movies
s6329,Movie,Dramas
s6329,Movie,International Movies
s6329,Movie,Thrillers
s6330,Movie,Documentaries
s6331,Movie,Thrillers
s6332,Movie,Dramas
s6332,Movie,Independent Movies
s6332,Movie,Music & Musicals
s6333,Movie,Dramas
s6333,Movie,Sports Movies
s6334,Movie,Children & Family Movies
s6335,Movie,Comedies
s6335,Movie,Independent Movies
s6335,Movie,International Movies
s6336,TV Show,International TV Shows
s6336,TV Show,TV Dramas
s6336,TV Show,TV Sci-Fi & Fantasy
s6337,Movie,Action & Adventure
s6337,Movie,International Movies
s6338,Movie,Dramas
s6339,Movie,Dramas
s6339,Movie,Independent Movies
s6339,Movie,International Movies
s6340,Movie,Comedies
s6340,Movie,Dramas
s6340,Movie,Independent Movies
s6341,Movie,Comedies
s6342,TV Show,British TV Shows
s6342,TV Show,Docuseries
s6342,TV Show,Science & Nature TV
s6343,Movie,Independent Movies
s6343,Movie,Thrillers
s6344,Movie,Action & Adventure
s6344,Movie,Comedies
s6345,Movie,Dramas
s6345,Movie,Independent Movies
s6345,Movie,Romantic Movies
s6346,Movie,Documentaries
s6347,Movie,Documentaries
s6348,TV Show,TV Shows
s6349,Movie,Children & Family Movies
s6350,Movie,Documentaries
s6351,Movie,Classic Movies
s6351,Movie,Dramas
s6351,Movie,International Movies
s6352,Movie,Documentaries
s6352,Movie,International Movies
s6352,Movie,Sports Movies
s6353,Movie,Documentaries
s6354,Movie,Dramas
s6354,Movie,Independent Movies
s6354,Movie,Sci-Fi & Fantasy
s6355,Movie,Children & Family Movies
s6355,Movie,Comedies
s6356,Movie,Documentaries
s6357,Movie,Comedies
s6357,Movie,International Movies
s6358,TV Show,Reality TV
s6359,Movie,Action & Adventure
s6359,Movie,Classic Movies
s6359,Movie,Dramas
s6360,Movie,Action & Adventure
s6360,Movie,Dramas
s6360,Movie,International Movies
s6361,TV Show,Reality TV
s6362,TV Show,British TV Shows
s6362,TV Show,TV Comedies
s6363,Movie,Documentaries
s6363,Movie,Sports Movies
s6364,Movie,Documentaries
s6364,Movie,International Movies
s6365,TV Show,British TV Shows
s6365,TV Show,Docuseries
s6365,TV Show,International TV Shows
s6366,Movie,Dramas
s6366,Movie,Independent Movies
s6366,Movie,Thrillers
s6367,Movie,Children & Family Movies
s6368,Movie,Comedies
s6368,Movie,Romantic Movies
s6369,TV Show,Docuseries
s6369,TV Show,Science & Nature TV
s6370,Movie,Dramas
s6370,Movie,Romantic Movies
s6370,Movie,Sports Movies
s6371,Movie,Children & Family Movies
s6371,Movie,Comedies
s6372,TV Show,Crime TV Shows
s6372,TV Show,Docuseries
s6373,Movie,Comedies
s6373,Movie,Independent Movies
s6374,TV Show,Reality TV
s6375,Movie,Documentaries
s6375,Movie,International Movies
s6375,Movie,LGBTQ Movies
s6376,Movie,Dramas
s6376,Movie,Sports Movies
s6377,Movie,Independent Movies
s6377,Movie,Thrillers
s6378,Movie,Comedies
s6379,TV Show,International TV Shows
s6379,TV Show,Reality TV
s6380,Movie,Dramas
s6380,Movie,Thrillers
s6381,Movie,Action & Adventure
s6381,Movie,International Movies
s6382,TV Show,TV Comedies
s6383,Movie,Children & Family Movies
s6383,Movie,Comedies
s6384,Movie,Children & Family Movies
s6384,Movie,Comedies
s6385,Movie,Children & Family Movies
s6385,Movie,Comedies
s6386,TV Show,International TV Shows
s6386,TV Show,TV Dramas
s6387,Movie,Action & Adventure
s6387,Movie,International Movies
s6388,Movie,Documentaries
s6388,Movie,International Movies
s6389,Movie,Independent Movies
s6389,Movie,Thrillers
s6390,TV Show,Kids' TV
s6391,Movie,Dramas
s6391,Movie,Romantic Movies
s6392,Movie,Documentaries
s6393,Movie,Dramas
s6393,Movie,Independent Movies
s6393,Movie,International Movies
s6394,TV Show,British TV Shows
s6394,TV Show,TV Comedies
s6395,Movie,Action & Adventure
s6395,Movie,Independent Movies
s6396,Movie,Classic Movies
s6396,Movie,Dramas
s6396,Movie,Romantic Movies
s6397,Movie,Dramas
s6397,Movie,Independent Movies
s6397,Movie,International Movies
s6398,Movie,Horror Movies
s6398,Movie,Thrillers
s6399,TV Show,British TV Shows
s6399,TV Show,International TV Shows
s6399,TV Show,Reality TV
s6400,Movie,Dramas
s6400,Movie,International Movies
s6400,Movie,Sports Movies
s6401,Movie,Comedies
s6401,Movie,International Movies
s6401,Movie,Romantic Movies
s6402,TV Show,International TV Shows
s6402,TV Show,Korean TV Shows
s6402,TV Show,Romantic TV Shows
s6403,Movie,Comedies
s6403,Movie,Dramas
s6403,Movie,International Movies
s6404,Movie,Dramas
s6404,Movie,International Movies
s6405,TV Show,Kids' TV
s6406,Movie,Children & Family Movies
s6407,Movie,Children & Family Movies
s6408,TV Show,International TV Shows
s6408,TV Show,Spanish-Language TV Shows
s6408,TV Show,TV Dramas
s6409,TV Show,Crime TV Shows
s6409,TV Show,Romantic TV Shows
s6409,TV Show,Spanish-Language TV Shows
s6410,Movie,Comedies
s6410,Movie,Dramas
s6411,Movie,Children & Family Movies
s6411,Movie,Comedies
s6411,Movie,Dramas
s6412,TV Show,Docuseries
s6413,Movie,Dramas
s6413,Movie,Independent Movies
s6414,TV Show,International TV Shows
s6414,TV Show,Korean TV Shows
s6414,TV Show,Romantic TV Shows
s6415,Movie,Comedies
s6415,Movie,Romantic Movies
s6416,Movie,Cult Movies
s6416,Movie,Horror Movies
s6417,TV Show,Crime TV Shows
s6417,TV Show,International TV Shows
s6417,TV Show,TV Dramas
s6418,Movie,Documentaries
s6419,Movie,Comedies
s6419,Movie,Dramas
s6419,Movie,International Movies
s6420,Movie,Dramas
s6420,Movie,International Movies
s6421,TV Show,Kids' TV
s6422,Movie,Dramas
s6422,Movie,International Movies
s6423,Movie,Dramas
s6423,Movie,LGBTQ Movies
s6423,Movie,Romantic Movies
s6424,Movie,Classic Movies
s6424,Movie,Cult Movies
s6424,Movie,Horror Movies
s6425,Movie,Horror Movies
s6425,Movie,Sci-Fi & Fantasy
s6425,Movie,Thrillers
s6426,Movie,Comedies
s6427,TV Show,Anime Series
s6427,TV Show,Crime TV Shows
s6427,TV Show,TV Thrillers
s6428,Movie,Action & Adventure
s6429,Movie,Action & Adventure
s6429,Movie,Dramas
s6429,Movie,International Movies
s6430,Movie,Action & Adventure
s6430,Movie,Dramas
s6430,Movie,International Movies
s6431,TV Show,International TV Shows
s6431,TV Show,Romantic TV Shows
s6431,TV Show,TV Comedies
s6432,Movie,Classic Movies
s6432,Movie,Dramas
s6433,Movie,Documentaries
s6434,Movie,Children & Family Movies
s6434,Movie,Comedies
s6435,Movie,Documentaries
s6435,Movie,International Movies
s6436,Movie,Action & Adventure
s6436,Movie,International Movies
s6436,Movie,Thrillers
s6437,Movie,Documentaries
s6437,Movie,International Movies
s6438,Movie,Dramas
s6439,Movie,Dramas
s6439,Movie,Faith & Spirituality
s6439,Movie,International Movies
s6440,Movie,Comedies
s6440,Movie,Dramas
s6440,Movie,International Movies
s6441,Movie,Comedies
s6441,Movie,International Movies
s6441,Movie,Romantic Movies
s6442,Movie,Comedies
s6442,Movie,Dramas
s6442,Movie,International Movies
s6443,Movie,Documentaries
s6443,Movie,International Movies
s6444,Movie,Dramas
s6445,Movie,Dramas
s6445,Movie,International Movies
s6445,Movie,Romantic Movies
s6446,Movie,Dramas
s6447,Movie,Children & Family Movies
s6447,Movie,Comedies
s6448,Movie,Action & Adventure
s6448,Movie,Comedies
s6449,Movie,Children & Family Movies
s6449,Movie,Classic Movies
s6450,Movie,Comedies
s6450,Movie,International Movies
s6450,Movie,Music & Musicals
s6451,Movie,Comedies
s6451,Movie,Cult Movies
s6451,Movie,Dramas
s6452,TV Show,Docuseries
s6452,TV Show,Reality TV
s6452,TV Show,Science & Nature TV
s6453,Movie,Action & Adventure
s6453,Movie,Dramas
s6453,Movie,International Movies
s6454,Movie,Documentaries
s6454,Movie,Music & Musicals
s6455,Movie,Dramas
s6455,Movie,Independent Movies
s6455,Movie,International Movies
s6456,TV Show,International TV Shows
s6456,TV Show,Reality TV
s6457,TV Show,Classic & Cult TV
s6457,TV Show,TV Comedies
s6458,TV Show,International TV Shows
s6458,TV Show,Korean TV Shows
s6458,TV Show,Reality TV
s6459,Movie,Horror Movies
s6459,Movie,Thrillers
s6460,TV Show,British TV Shows
s6460,TV Show,TV Comedies
s6461,TV Show,British TV Shows
s6461,TV Show,International TV Shows
s6461,TV Show,Romantic TV Shows
s6462,Movie,Movies
s6463,Movie,Children & Family Movies
s6464,Movie,Movies
s6465,Movie,Children & Family Movies
s6466,Movie,Comedies
s6466,Movie,International Movies
s6467,Movie,Children & Family Movies
s6467,Movie,Comedies
s6468,Movie,Comedies
s6468,Movie,Dramas
s6468,Movie,International Movies
s6469,Movie,Cult Movies
s6469,Movie,Horror Movies
s6470,TV Show,TV Shows
s6471,Movie,Action & Adventure
s6471,Movie,International Movies
s6472,Movie,Stand-Up Comedy
s6473,Movie,Dramas
s6473,Movie,Independent Movies
s6473,Movie,International Movies
s6474,Movie,Children & Family Movies
s6474,Movie,Classic Movies
s6474,Movie,Comedies
s6475,Movie,Independent Movies
s6475,Movie,Thrillers
s6476,Movie,Documentaries
s6476,Movie,Music & Musicals
s6477,Movie,Comedies
s6477,Movie,Faith & Spirituality
s6477,Movie,Romantic Movies
s6478,TV Show,Docuseries
s6479,Movie,Comedies
s6479,Movie,Romantic Movies
s6480,Movie,Children & Family Movies
s6480,Movie,Dramas
s6480,Movie,Romantic Movies
s6481,Movie,Children & Family Movies
s6481,Movie,Comedies
s6482,Movie,Children & Family Movies
s6482,Movie,Comedies
s6482,Movie,Dramas
s6483,Movie,Dramas
s6483,Movie,International Movies
s6483,Movie,Thrillers
s6484,TV Show,Kids' TV
s6485,Movie,Comedies
s6485,Movie,International Movies
s6486,Movie,Classic Movies
s6486,Movie,Comedies
s6486,Movie,International Movies
s6487,Movie,Action & Adventure
s6487,Movie,Horror Movies
s6487,Movie,Sci-Fi & Fantasy
s6488,TV Show,British TV Shows
s6488,TV Show,Docuseries
s6488,TV Show,Science & Nature TV
s6489,Movie,Dramas
s6489,Movie,Independent Movies
s6489,Movie,International Movies
s6490,Movie,Dramas
s6490,Movie,International Movies
s6490,Movie,Thrillers
s6491,TV Show,British TV Shows
s6491,TV Show,Docuseries
s6492,Movie,Documentaries
s6492,Movie,Music & Musicals
s6493,Movie,Action & Adventure
s6493,Movie,Sci-Fi & Fantasy
s6494,Movie,Dramas
s6495,Movie,Comedies
s6496,TV Show,Docuseries
s6496,TV Show,International TV Shows
s6497,Movie,Action & Adventure
s6497,Movie,Classic Movies
s6498,Movie,Comedies
s6498,Movie,Sci-Fi & Fantasy
s6499,TV Show,British TV Shows
s6499,TV Show,Crime TV Shows
s6499,TV Show,Docuseries
s6500,Movie,Documentaries
s6500,Movie,Music & Musicals
s6501,Movie,Dramas
s6501,Movie,Thrillers
s6502,Movie,Action & Adventure
s6502,Movie,Cult Movies
s6502,Movie,Dramas
s6503,Movie,Dramas
s6503,Movie,International Movies
s6504,Movie,Action & Adventure
s6504,Movie,Horror Movies
s6504,Movie,Sci-Fi & Fantasy
s6505,TV Show,International TV Shows
s6505,TV Show,Romantic TV Shows
s6505,TV Show,TV Dramas
s6506,TV Show,International TV Shows
s6506,TV Show,Romantic TV Shows
s6506,TV Show,TV Dramas
s6507,TV Show,International TV Shows
s6507,TV Show,Romantic TV Shows
s6507,TV Show,TV Comedies
s6508,TV Show,International TV Shows
s6508,TV Show,Romantic TV Shows
s6508,TV Show,TV Dramas
s6509,TV Show,International TV Shows
s6509,TV Show,Romantic TV Shows
s6509,TV Show,TV Comedies
s6510,TV Show,International TV Shows
s6510,TV Show,Romantic TV Shows
s6510,TV Show,TV Dramas
s6511,Movie,Dramas
s6511,Movie,Sports Movies
s6512,Movie,Action & Adventure
s6512,Movie,Comedies
s6513,Movie,Comedies
s6513,Movie,Independent Movies
s6513,Movie,International Movies
s6514,TV Show,Crime TV Shows
s6514,TV Show,Docuseries
s6515,TV Show,Crime TV Shows
s6515,TV Show,Docuseries
s6516,Movie,Comedies
s6516,Movie,Dramas
s6516,Movie,Independent Movies
s6517,Movie,Dramas
s6517,Movie,Independent Movies
s6517,Movie,International Movies
s6518,Movie,Dramas
s6518,Movie,International Movies
s6519,Movie,Dramas
s6519,Movie,Thrillers
s6520,TV Show,Stand-Up Comedy & Talk Shows
s6520,TV Show,TV Comedies
s6521,TV Show,International TV Shows
s6521,TV Show,TV Comedies
s6522,Movie,Documentaries
s6523,Movie,Action & Adventure
s6523,Movie,Dramas
s6523,Movie,International Movies
s6524,Movie,Dramas
s6524,Movie,Thrillers
s6525,TV Show,Docuseries
s6525,TV Show,TV Comedies
s6526,Movie,Documentaries
s6526,Movie,International Movies
s6526,Movie,Sports Movies
s6527,Movie,Dramas
s6527,Movie,Independent Movies
s6527,Movie,LGBTQ Movies
s6528,Movie,Horror Movies
s6528,Movie,International Movies
s6528,Movie,Thrillers
s6529,Movie,Documentaries
s6529,Movie,Sports Movies
s6530,Movie,Dramas
s6530,Movie,International Movies
s6530,Movie,Thrillers
s6531,Movie,Action & Adventure
s6531,Movie,Dramas
s6531,Movie,Independent Movies
s6532,Movie,Dramas
s6532,Movie,International Movies
s6533,TV Show,Reality TV
s6534,Movie,Classic Movies
s6534,Movie,Dramas
s6535,Movie,Children & Family Movies
s6535,Movie,Comedies
s6536,Movie,Documentaries
s6536,Movie,International Movies
s6537,Movie,Children & Family Movies
s6538,Movie,Dramas
s6538,Movie,Thrillers
s6539,TV Show,Crime TV Shows
s6539,TV Show,Docuseries
s6539,TV Show,International TV Shows
s6540,Movie,Documentaries
s6540,Movie,Faith & Spirituality
s6540,Movie,Music & Musicals
s6541,Movie,Dramas
s6541,Movie,Independent Movies
s6542,Movie,Comedies
s6542,Movie,Dramas
s6542,Movie,Independent Movies
s6543,TV Show,Crime TV Shows
s6543,TV Show,International TV Shows
s6543,TV Show,TV Action & Adventure
s6544,Movie,Action & Adventure
s6544,Movie,International Movies
s6544,Movie,Romantic Movies
s6545,Movie,Horror Movies
s6546,Movie,Documentaries
s6547,Movie,Action & Adventure
s6547,Movie,Dramas
s6547,Movie,International Movies
s6548,Movie,Horror Movies
s6548,Movie,International Movies
s6549,Movie,Dramas
s6550,TV Show,British TV Shows
s6550,TV Show,Classic & Cult TV
s6550,TV Show,TV Comedies
s6551,Movie,Children & Family Movies
s6551,Movie,Comedies
s6552,Movie,Dramas
s6552,Movie,Independent Movies
s6552,Movie,LGBTQ Movies
s6553,Movie,Action & Adventure
s6553,Movie,Horror Movies
s6553,Movie,International Movies
s6554,Movie,Dramas
s6554,Movie,International Movies
s6555,Movie,Dramas
s6555,Movie,Independent Movies
s6555,Movie,International Movies
s6556,Movie,Dramas
s6556,Movie,Independent Movies
s6556,Movie,LGBTQ Movies
s6557,TV Show,International TV Shows
s6557,TV Show,Romantic TV Shows
s6557,TV Show,TV Dramas
s6558,Movie,Dramas
s6558,Movie,International Movies
s6559,Movie,Dramas
s6559,Movie,Independent Movies
s6559,Movie,International Movies
s6560,TV Show,Crime TV Shows
s6560,TV Show,International TV Shows
s6560,TV Show,Spanish-Language TV Shows
s6561,TV Show,British TV Shows
s6561,TV Show,Docuseries
s6562,Movie,Documentaries
s6562,Movie,Music & Musicals
s6563,Movie,Action & Adventure
s6564,Movie,Dramas
s6564,Movie,Independent Movies
s6564,Movie,Romantic Movies
s6565,Movie,Dramas
s6565,Movie,International Movies
s6565,Movie,Thrillers
s6566,Movie,Dramas
s6566,Movie,Thrillers
s6567,Movie,Dramas
s6567,Movie,International Movies
s6567,Movie,Thrillers
s6568,Movie,Horror Movies
s6568,Movie,International Movies
s6568,Movie,Thrillers
s6569,TV Show,International TV Shows
s6569,TV Show,TV Horror
s6569,TV Show,TV Thrillers
s6570,Movie,Dramas
s6570,Movie,International Movies
s6571,Movie,Classic Movies
s6571,Movie,Dramas
s6571,Movie,Independent Movies
s6572,TV Show,Crime TV Shows
s6572,TV Show,International TV Shows
s6572,TV Show,TV Dramas
s6573,TV Show,International TV Shows
s6573,TV Show,TV Dramas
s6574,Movie,Dramas
s6574,Movie,Independent Movies
s6575,Movie,Comedies
s6575,Movie,International Movies
s6576,Movie,Documentaries
s6577,Movie,Comedies
s6578,Movie,Independent Movies
s6578,Movie,International Movies
s6578,Movie,Thrillers
s6579,Movie,Dramas
s6579,Movie,Thrillers
s6580,Movie,Comedies
s6580,Movie,Dramas
s6580,Movie,Independent Movies
s6581,Movie,Comedies
s6581,Movie,Dramas
s6581,Movie,Independent Movies
s6582,Movie,Children & Family Movies
s6582,Movie,Comedies
s6583,Movie,Comedies
s6583,Movie,Romantic Movies
s6584,Movie,Comedies
s6585,Movie,Horror Movies
s6586,Movie,International Movies
s6586,Movie,Sports Movies
s6587,TV Show,Crime TV Shows
s6587,TV Show,Docuseries
s6588,TV Show,Crime TV Shows
s6588,TV Show,International TV Shows
s6588,TV Show,TV Dramas
s6589,Movie,International Movies
s6589,Movie,Thrillers
s6590,Movie,Documentaries
s6591,Movie,Horror Movies
s6591,Movie,Thrillers
s6592,Movie,Documentaries
s6592,Movie,International Movies
s6593,Movie,Action & Adventure
s6594,Movie,Stand-Up Comedy
s6595,Movie,Dramas
s6595,Movie,Thrillers
s6596,Movie,Horror Movies
s6596,Movie,Thrillers
s6597,Movie,Action & Adventure
s6597,Movie,International Movies
s6598,Movie,Thrillers
s6599,Movie,Thrillers
s6600,Movie,Dramas
s6600,Movie,International Movies
s6601,Movie,Horror Movies
s6601,Movie,Sci-Fi & Fantasy
s6601,Movie,Thrillers
s6602,TV Show,International TV Shows
s6603,Movie,Dramas
s6603,Movie,International Movies
s6604,TV Show,Crime TV Shows
s6604,TV Show,TV Dramas
s6604,TV Show,TV Mysteries
s6605,Movie,Action & Adventure
s6605,Movie,Comedies
s6605,Movie,International Movies
s6606,Movie,Action & Adventure
s6606,Movie,International Movies
s6606,Movie,Sci-Fi & Fantasy
s6607,Movie,Documentaries
s6608,Movie,Documentaries
s6608,Movie,International Movies
s6609,Movie,Dramas
s6609,Movie,International Movies
s6610,Movie,Action & Adventure
s6611,Movie,Dramas
s6611,Movie,International Movies
s6611,Movie,Music & Musicals
s6612,TV Show,Stand-Up Comedy & Talk Shows
s6613,Movie,Comedies
s6614,TV Show,Docuseries
s6614,TV Show,Science & Nature TV
s6615,Movie,Action & Adventure
s6615,Movie,International Movies
s6616,Movie,Documentaries
s6617,Movie,Thrillers
s6618,Movie,Action & Adventure
s6618,Movie,International Movies
s6618,Movie,Sci-Fi & Fantasy
s6619,TV Show,British TV Shows
s6619,TV Show,Reality TV
s6620,Movie,Classic Movies
s6620,Movie,Dramas
s6620,Movie,Romantic Movies
s6621,Movie,Dramas
s6621,Movie,Thrillers
s6622,Movie,Children & Family Movies
s6623,Movie,Children & Family Movies
s6623,Movie,Dramas
s6624,Movie,International Movies
s6624,Movie,Thrillers
s6625,Movie,Comedies
s6625,Movie,Independent Movies
s6626,Movie,Comedies
s6627,Movie,Horror Movies
s6628,Movie,Action & Adventure
s6628,Movie,Documentaries
s6628,Movie,International Movies
s6629,Movie,Action & Adventure
s6629,Movie,Documentaries
s6629,Movie,International Movies
s6630,Movie,Action & Adventure
s6630,Movie,Documentaries
s6630,Movie,International Movies
s6631,Movie,Horror Movies
s6631,Movie,International Movies
s6632,Movie,Documentaries
s6632,Movie,International Movies
s6633,Movie,Comedies
s6633,Movie,Dramas
s6633,Movie,Independent Movies
s6634,Movie,Dramas
s6634,Movie,Thrillers
s6635,Movie,Action & Adventure
s6635,Movie,Horror Movies
s6635,Movie,Sci-Fi & Fantasy
s6636,TV Show,Reality TV
s6636,TV Show,Science & Nature TV
s6637,Movie,Action & Adventure
s6637,Movie,Comedies
s6637,Movie,International Movies
s6638,Movie,Dramas
s6638,Movie,Faith & Spirituality
s6639,Movie,Documentaries
s6640,Movie,Children & Family Movies
s6640,Movie,Comedies
s6641,Movie,Children & Family Movies
s6641,Movie,Comedies
s6642,Movie,Action & Adventure
s6642,Movie,Sci-Fi & Fantasy
s6643,Movie,Action & Adventure
s6643,Movie,Sci-Fi & Fantasy
s6644,Movie,Action & Adventure
s6644,Movie,Sci-Fi & Fantasy
s6645,Movie,Action & Adventure
s6645,Movie,Sci-Fi & Fantasy
s6646,Movie,Children & Family Movies
s6647,TV Show,Romantic TV Shows
s6647,TV Show,TV Comedies
s6647,TV Show,TV Dramas
s6648,Movie,Documentaries
s6649,Movie,Documentaries
s6649,Movie,International Movies
s6649,Movie,LGBTQ Movies
s6650,Movie,Documentaries
s6650,Movie,International Movies
s6651,Movie,Dramas
s6652,TV Show,Crime TV Shows
s6652,TV Show,Docuseries
s6653,TV Show,Crime TV Shows
s6653,TV Show,International TV Shows
s6653,TV Show,Spanish-Language TV Shows
s6654,Movie,Dramas
s6654,Movie,Independent Movies
s6654,Movie,International Movies
s6655,Movie,Action & Adventure
s6655,Movie,Dramas
s6655,Movie,International Movies
s6656,Movie,Comedies
s6657,Movie,Documentaries
s6658,Movie,Children & Family Movies
s6658,Movie,Sci-Fi & Fantasy
s6659,TV Show,Kids' TV
s6660,TV Show,British TV Shows
s6660,TV Show,Docuseries
s6660,TV Show,Science & Nature TV
s6661,TV Show,British TV Shows
s6661,TV Show,Docuseries
s6661,TV Show,Science & Nature TV
s6662,Movie,Dramas
s6663,Movie,Comedies
s6663,Movie,Romantic Movies
s6664,TV Show,International TV Shows
s6664,TV Show,Romantic TV Shows
s6664,TV Show,TV Comedies
s6665,Movie,Dramas
s6665,Movie,Romantic Movies
s6666,Movie,Stand-Up Comedy
s6667,Movie,Dramas
s6667,Movie,International Movies
s6667,Movie,Romantic Movies
s6668,Movie,Dramas
s6668,Movie,International Movies
s6669,Movie,Dramas
s6669,Movie,Independent Movies
s6669,Movie,International Movies
s6670,Movie,Dramas
s6670,Movie,International Movies
s6670,Movie,Thrillers
s6671,Movie,Action & Adventure
s6672,TV Show,International TV Shows
s6672,TV Show,Romantic TV Shows
s6672,TV Show,Spanish-Language TV Shows
s6673,TV Show,Crime TV Shows
s6673,TV Show,International TV Shows
s6673,TV Show,Spanish-Language TV Shows
s6674,TV Show,Crime TV Shows
s6674,TV Show,International TV Shows
s6674,TV Show,Spanish-Language TV Shows
s6675,TV Show,Classic & Cult TV
s6675,TV Show,Kids' TV
s6675,TV Show,Spanish-Language TV Shows
s6676,Movie,Documentaries
s6676,Movie,International Movies
s6677,TV Show,Romantic TV Shows
s6677,TV Show,Spanish-Language TV Shows
s6677,TV Show,TV Dramas
s6678,Movie,Documentaries
s6678,Movie,International Movies
s6679,TV Show,International TV Shows
s6679,TV Show,Spanish-Language TV Shows
s6679,TV Show,TV Comedies
s6680,Movie,Children & Family Movies
s6680,Movie,Documentaries
s6680,Movie,International Movies
s6681,Movie,International Movies
s6681,Movie,Sci-Fi & Fantasy
s6682,Movie,Documentaries
s6683,Movie,Dramas
s6683,Movie,Sci-Fi & Fantasy
s6684,Movie,Documentaries
s6684,Movie,International Movies
s6685,Movie,Documentaries
s6685,Movie,International Movies
s6686,Movie,Documentaries
s6686,Movie,International Movies
s6687,Movie,Documentaries
s6688,Movie,Horror Movies
s6688,Movie,Thrillers
s6689,Movie,Dramas
s6689,Movie,International Movies
s6690,Movie,Dramas
s6690,Movie,International Movies
s6690,Movie,Music & Musicals
s6691,TV Show,Reality TV
s6692,Movie,Documentaries
s6692,Movie,International Movies
s6693,Movie,Comedies
s6693,Movie,Romantic Movies
s6694,TV Show,International TV Shows
s6694,TV Show,Spanish-Language TV Shows
s6694,TV Show,TV Comedies
s6695,Movie,Dramas
s6695,Movie,Independent Movies
s6695,Movie,International Movies
s6696,TV Show,British TV Shows
s6696,TV Show,Crime TV Shows
s6696,TV Show,Docuseries
s6697,Movie,Action & Adventure
s6698,TV Show,Crime TV Shows
s6698,TV Show,Spanish-Language TV Shows
s6698,TV Show,TV Dramas
s6699,Movie,Independent Movies
s6699,Movie,Thrillers
s6700,Movie,Documentaries
s6701,Movie,Dramas
s6701,Movie,Independent Movies
s6701,Movie,Romantic Movies
s6702,Movie,Action & Adventure
s6702,Movie,Classic Movies
s6703,Movie,Dramas
s6703,Movie,Romantic Movies
s6703,Movie,Sci-Fi & Fantasy
s6704,Movie,Action & Adventure
s6704,Movie,Dramas
s6704,Movie,Sci-Fi & Fantasy
s6705,Movie,Comedies
s6705,Movie,Dramas
s6705,Movie,Independent Movies
s6706,Movie,Comedies
s6706,Movie,Cult Movies
s6706,Movie,International Movies
s6707,Movie,Dramas
s6707,Movie,International Movies
s6707,Movie,Romantic Movies
s6708,Movie,International Movies
s6708,Movie,Music & Musicals
s6708,Movie,Thrillers
s6709,Movie,Dramas
s6709,Movie,International Movies
s6709,Movie,LGBTQ Movies
s6710,TV Show,International TV Shows
s6711,Movie,Children & Family Movies
s6711,Movie,Comedies
s6711,Movie,Faith & Spirituality
s6712,Movie,Horror Movies
s6712,Movie,Sci-Fi & Fantasy
s6713,Movie,Dramas
s6713,Movie,Independent Movies
s6713,Movie,Thrillers
s6714,Movie,Dramas
s6714,Movie,International Movies
s6714,Movie,Thrillers
s6715,TV Show,British TV Shows
s6715,TV Show,Docuseries
s6715,TV Show,International TV Shows
s6716,Movie,Comedies
s6716,Movie,Sci-Fi & Fantasy
s6717,Movie,Dramas
s6717,Movie,Independent Movies
s6717,Movie,International Movies
s6718,TV Show,International TV Shows
s6718,TV Show,Romantic TV Shows
s6718,TV Show,TV Comedies
s6719,TV Show,International TV Shows
s6719,TV Show,TV Dramas
s6720,Movie,Action & Adventure
s6721,Movie,Documentaries
s6721,Movie,International Movies
s6722,Movie,Comedies
s6722,Movie,Romantic Movies
s6723,Movie,Action & Adventure
s6724,Movie,Action & Adventure
s6724,Movie,Dramas
s6724,Movie,Independent Movies
s6725,TV Show,British TV Shows
s6725,TV Show,TV Comedies
s6726,Movie,Comedies
s6726,Movie,International Movies
s6727,Movie,Comedies
s6727,Movie,International Movies
s6727,Movie,Romantic Movies
s6728,Movie,Comedies
s6728,Movie,International Movies
s6729,TV Show,Crime TV Shows
s6729,TV Show,International TV Shows
s6729,TV Show,TV Dramas
s6730,Movie,Comedies
s6730,Movie,Romantic Movies
s6731,Movie,Dramas
s6731,Movie,Independent Movies
s6732,TV Show,Anime Series
s6732,TV Show,International TV Shows
s6733,TV Show,British TV Shows
s6733,TV Show,Crime TV Shows
s6733,TV Show,Docuseries
s6734,Movie,Action & Adventure
s6734,Movie,Dramas
s6734,Movie,International Movies
s6735,Movie,Comedies
s6736,Movie,Thrillers
s6737,Movie,Dramas
s6737,Movie,Independent Movies
s6737,Movie,International Movies
s6738,Movie,Documentaries
s6738,Movie,International Movies
s6739,Movie,Thrillers
s6740,Movie,Dramas
s6740,Movie,Independent Movies
s6740,Movie,International Movies
s6741,Movie,Comedies
s6741,Movie,International Movies
s6742,TV Show,Crime TV Shows
s6742,TV Show,International TV Shows
s6742,TV Show,TV Action & Adventure
s6743,TV Show,British TV Shows
s6743,TV Show,Crime TV Shows
s6743,TV Show,TV Dramas
s6744,Movie,Comedies
s6744,Movie,Cult Movies
s6744,Movie,Dramas
s6745,TV Show,International TV Shows
s6745,TV Show,TV Horror
s6745,TV Show,TV Thrillers
s6746,Movie,Documentaries
s6747,Movie,Classic Movies
s6747,Movie,Dramas
s6747,Movie,Music & Musicals
s6748,Movie,Dramas
s6748,Movie,International Movies
s6749,Movie,Children & Family Movies
s6749,Movie,Comedies
s6750,Movie,Documentaries
s6751,TV Show,Crime TV Shows
s6751,TV Show,International TV Shows
s6751,TV Show,TV Action & Adventure
s6752,Movie,Documentaries
s6753,Movie,Dramas
s6753,Movie,International Movies
s6754,Movie,Cult Movies
s6754,Movie,Horror Movies
s6754,Movie,Thrillers
s6755,Movie,Horror Movies
s6755,Movie,Thrillers
s6756,Movie,Horror Movies
s6757,Movie,Documentaries
s6757,Movie,International Movies
s6758,Movie,Dramas
s6758,Movie,Independent Movies
s6758,Movie,International Movies
s6759,Movie,Comedies
s6759,Movie,Romantic Movies
s6760,Movie,Action & Adventure
s6761,Movie,Horror Movies
s6761,Movie,International Movies
s6762,Movie,Documentaries
s6762,Movie,Sports Movies
s6763,Movie,Documentaries
s6764,TV Show,International TV Shows
s6764,TV Show,Reality TV
s6765,Movie,Documentaries
s6765,Movie,International Movies
s6765,Movie,Sports Movies
s6766,Movie,Action & Adventure
s6766,Movie,International Movies
s6767,TV Show,Reality TV
s6768,Movie,Dramas
s6769,Movie,Comedies
s6769,Movie,International Movies
s6770,Movie,Dramas
s6770,Movie,Independent Movies
s6770,Movie,Music & Musicals
s6771,TV Show,Kids' TV
s6771,TV Show,Korean TV Shows
s6772,Movie,Action & Adventure
s6772,Movie,International Movies
s6773,Movie,Documentaries
s6773,Movie,International Movies
s6774,TV Show,Docuseries
s6774,TV Show,Science & Nature TV
s6775,TV Show,International TV Shows
s6775,TV Show,TV Dramas
s6776,Movie,Documentaries
s6776,Movie,Faith & Spirituality
s6776,Movie,International Movies
s6777,Movie,Dramas
s6778,Movie,Documentaries
s6779,Movie,Dramas
s6779,Movie,International Movies
s6780,Movie,Comedies
s6781,Movie,Documentaries
s6782,Movie,Children & Family Movies
s6783,TV Show,Reality TV
s6784,Movie,Documentaries
s6784,Movie,International Movies
s6784,Movie,LGBTQ Movies
s6785,Movie,Action & Adventure
s6785,Movie,Classic Movies
s6785,Movie,Sci-Fi & Fantasy
s6786,TV Show,British TV Shows
s6786,TV Show,Docuseries
s6786,TV Show,Science & Nature TV
s6787,Movie,Documentaries
s6787,Movie,International Movies
s6787,Movie,Sports Movies
s6788,Movie,Documentaries
s6788,Movie,International Movies
s6788,Movie,Sports Movies
s6789,TV Show,International TV Shows
s6789,TV Show,TV Dramas
s6790,Movie,Documentaries
s6791,Movie,Comedies
s6791,Movie,Romantic Movies
s6792,TV Show,Crime TV Shows
s6792,TV Show,International TV Shows
s6792,TV Show,Spanish-Language TV Shows
s6793,Movie,Classic Movies
s6793,Movie,Comedies
s6793,Movie,International Movies
s6794,Movie,Dramas
s6794,Movie,Thrillers
s6795,Movie,Comedies
s6795,Movie,Dramas
s6795,Movie,Independent Movies
s6796,TV Show,Classic & Cult TV
s6796,TV Show,TV Comedies
s6797,Movie,Comedies
s6797,Movie,Dramas
s6797,Movie,Independent Movies
s6798,Movie,Children & Family Movies
s6798,Movie,Comedies
s6799,Movie,Children & Family Movies
s6799,Movie,Dramas
s6800,Movie,Documentaries
s6801,Movie,Comedies
s6801,Movie,International Movies
s6802,Movie,Dramas
s6802,Movie,Independent Movies
s6803,Movie,Dramas
s6803,Movie,Faith & Spirituality
s6804,TV Show,Docuseries
s6804,TV Show,Reality TV
s6805,Movie,Horror Movies
s6806,Movie,Horror Movies
s6806,Movie,International Movies
s6807,TV Show,Classic & Cult TV
s6807,TV Show,TV Comedies
s6808,Movie,Children & Family Movies
s6808,Movie,Comedies
s6808,Movie,Dramas
s6809,Movie,Action & Adventure
s6809,Movie,International Movies
s6810,Movie,Documentaries
s6810,Movie,International Movies
s6810,Movie,Sports Movies
s6811,TV Show,British TV Shows
s6811,TV Show,Docuseries
s6811,TV Show,International TV Shows
s6812,Movie,Movies
s6813,Movie,Movies
s6814,Movie,Dramas
s6814,Movie,Independent Movies
s6815,Movie,Children & Family Movies
s6815,Movie,Dramas
s6815,Movie,Sports Movies
s6816,Movie,Documentaries
s6817,Movie,Action & Adventure
s6817,Movie,Dramas
s6817,Movie,International Movies
s6818,Movie,Dramas
s6818,Movie,Thrillers
s6819,Movie,Children & Family Movies
s6819,Movie,Comedies
s6820,Movie,Dramas
s6820,Movie,Independent Movies
s6820,Movie,International Movies
s6821,TV Show,International TV Shows
s6821,TV Show,TV Dramas
s6822,Movie,Dramas
s6822,Movie,International Movies
s6823,TV Show,TV Action & Adventure
s6823,TV Show,TV Comedies
s6824,Movie,Dramas
s6824,Movie,International Movies
s6824,Movie,Romantic Movies
s6825,TV Show,International TV Shows
s6825,TV Show,TV Comedies
s6825,TV Show,TV Dramas
s6826,TV Show,International TV Shows
s6826,TV Show,Stand-Up Comedy & Talk Shows
s6826,TV Show,TV Comedies
s6827,Movie,Dramas
s6828,TV Show,Anime Series
s6828,TV Show,International TV Shows
s6829,Movie,Children & Family Movies
s6829,Movie,Dramas
s6829,Movie,Sports Movies
s6830,Movie,Children & Family Movies
s6830,Movie,Dramas
s6830,Movie,Sports Movies
s6831,Movie,Horror Movies
s6831,Movie,Thrillers
s6832,Movie,Dramas
s6832,Movie,International Movies
s6833,Movie,Dramas
s6834,Movie,Documentaries
s6834,Movie,LGBTQ Movies
s6835,TV Show,British TV Shows
s6835,TV Show,Docuseries
s6835,TV Show,International TV Shows
s6836,TV Show,British TV Shows
s6836,TV Show,Docuseries
s6836,TV Show,International TV Shows
s6837,TV Show,Crime TV Shows
s6837,TV Show,International TV Shows
s6837,TV Show,Romantic TV Shows
s6838,Movie,Children & Family Movies
s6838,Movie,Comedies
s6839,TV Show,Kids' TV
s6839,TV Show,TV Comedies
s6840,Movie,Comedies
s6840,Movie,Music & Musicals
s6841,Movie,Children & Family Movies
s6841,Movie,Comedies
s6842,TV Show,Crime TV Shows
s6842,TV Show,TV Comedies
s6842,TV Show,TV Dramas
s6843,Movie,Action & Adventure
s6843,Movie,Comedies
s6844,Movie,Comedies
s6844,Movie,Romantic Movies
s6845,Movie,Action & Adventure
s6845,Movie,Dramas
s6845,Movie,International Movies
s6846,Movie,Horror Movies
s6847,Movie,Action & Adventure
s6847,Movie,Anime Features
s6847,Movie,International Movies
s6848,Movie,Action & Adventure
s6848,Movie,Sci-Fi & Fantasy
s6849,Movie,Action & Adventure
s6849,Movie,Anime Features
s6849,Movie,International Movies
s6850,TV Show,Reality TV
s6851,Movie,Action & Adventure
s6851,Movie,Anime Features
s6851,Movie,International Movies
s6852,Movie,Action & Adventure
s6852,Movie,Dramas
s6852,Movie,International Movies
s6853,Movie,Dramas
s6853,Movie,International Movies
s6854,Movie,Classic Movies
s6854,Movie,Comedies
s6854,Movie,Music & Musicals
s6855,Movie,Dramas
s6855,Movie,Independent Movies
s6856,Movie,Comedies
s6856,Movie,International Movies
s6857,Movie,Documentaries
s6857,Movie,Sports Movies
s6858,TV Show,International TV Shows
s6858,TV Show,TV Dramas
s6859,Movie,Children & Family Movies
s6859,Movie,Dramas
s6859,Movie,Faith & Spirituality
s6860,Movie,Documentaries
s6861,Movie,Action & Adventure
s6861,Movie,International Movies
s6862,Movie,Dramas
s6862,Movie,Faith & Spirituality
s6863,Movie,Dramas
s6863,Movie,Faith & Spirituality
s6864,Movie,Dramas
s6864,Movie,Independent Movies
s6864,Movie,International Movies
s6865,Movie,Classic Movies
s6865,Movie,Comedies
s6865,Movie,International Movies
s6866,Movie,International Movies
s6866,Movie,Sci-Fi & Fantasy
s6867,Movie,Action & Adventure
s6868,Movie,Dramas
s6869,TV Show,Kids' TV
s6870,Movie,Thrillers
s6871,Movie,Comedies
s6871,Movie,International Movies
s6872,TV Show,Crime TV Shows
s6872,TV Show,International TV Shows
s6872,TV Show,TV Dramas
s6873,Movie,Independent Movies
s6874,TV Show,International TV Shows
s6874,TV Show,TV Dramas
s6874,TV Show,TV Thrillers
s6875,Movie,Comedies
s6875,Movie,Independent Movies
s6876,Movie,Dramas
s6877,Movie,Comedies
s6877,Movie,Dramas
s6877,Movie,Independent Movies
s6878,Movie,Dramas
s6878,Movie,International Movies
s6879,Movie,Dramas
s6880,Movie,Action & Adventure
s6880,Movie,Thrillers
s6881,Movie,Classic Movies
s6881,Movie,Dramas
s6882,Movie,Dramas
s6882,Movie,Independent Movies
s6883,Movie,Comedies
s6883,Movie,Sports Movies
s6884,Movie,Children & Family Movies
s6884,Movie,Comedies
s6885,Movie,Comedies
s6885,Movie,Dramas
s6885,Movie,International Movies
s6886,TV Show,TV Dramas
s6886,TV Show,Teen TV Shows
s6887,Movie,Horror Movies
s6887,Movie,Thrillers
s6888,Movie,Dramas
s6888,Movie,Independent Movies
s6888,Movie,International Movies
s6889,Movie,Dramas
s6890,TV Show,British TV Shows
s6890,TV Show,International TV Shows
s6890,TV Show,Reality TV
s6891,TV Show,International TV Shows
s6891,TV Show,Romantic TV Shows
s6891,TV Show,Spanish-Language TV Shows
s6892,Movie,Comedies
s6892,Movie,International Movies
s6892,Movie,Music & Musicals
s6893,Movie,Comedies
s6893,Movie,Independent Movies
s6894,Movie,Classic Movies
s6894,Movie,Comedies
s6894,Movie,Music & Musicals
s6895,TV Show,British TV Shows
s6895,TV Show,International TV Shows
s6895,TV Show,Reality TV
s6896,TV Show,Docuseries
s6896,TV Show,Science & Nature TV
s6897,Movie,Horror Movies
s6897,Movie,Thrillers
s6898,Movie,Comedies
s6898,Movie,Independent Movies
s6898,Movie,International Movies
s6899,Movie,Documentaries
s6900,Movie,Documentaries
s6900,Movie,LGBTQ Movies
s6901,Movie,Documentaries
s6901,Movie,International Movies
s6901,Movie,Sports Movies
s6902,TV Show,Anime Series
s6902,TV Show,Crime TV Shows
s6903,Movie,Documentaries
s6903,Movie,International Movies
s6904,Movie,Comedies
s6904,Movie,International Movies
s6905,Movie,Comedies
s6905,Movie,International Movies
s6906,Movie,Comedies
s6906,Movie,International Movies
s6907,TV Show,International TV Shows
s6907,TV Show,TV Comedies
s6908,Movie,Comedies
s6908,Movie,Dramas
s6908,Movie,International Movies
s6909,Movie,Comedies
s6909,Movie,International Movies
s6909,Movie,Romantic Movies
s6910,Movie,Children & Family Movies
s6910,Movie,Comedies
s6910,Movie,Music & Musicals
s6911,Movie,Action & Adventure
s6911,Movie,Anime Features
s6911,Movie,Sci-Fi & Fantasy
s6912,Movie,Action & Adventure
s6912,Movie,Sci-Fi & Fantasy
s6913,Movie,Dramas
s6913,Movie,International Movies
s6913,Movie,Music & Musicals
s6914,Movie,Action & Adventure
s6914,Movie,Dramas
s6915,Movie,Comedies
s6915,Movie,International Movies
s6916,Movie,Thrillers
s6917,Movie,Documentaries
s6918,TV Show,TV Horror
s6918,TV Show,TV Mysteries
s6918,TV Show,TV Thrillers
s6919,Movie,International Movies
s6919,Movie,Music & Musicals
s6920,TV Show,International TV Shows
s6920,TV Show,Romantic TV Shows
s6920,TV Show,TV Comedies
s6921,Movie,Horror Movies
s6921,Movie,Independent Movies
s6922,Movie,Comedies
s6922,Movie,International Movies
s6922,Movie,Romantic Movies
s6923,TV Show,British TV Shows
s6923,TV Show,Crime TV Shows
s6923,TV Show,International TV Shows
s6924,TV Show,TV Comedies
s6924,TV Show,TV Dramas
s6925,Movie,Dramas
s6925,Movie,Independent Movies
s6926,Movie,Action & Adventure
s6926,Movie,International Movies
s6926,Movie,Sci-Fi & Fantasy
s6927,Movie,Documentaries
s6927,Movie,Sports Movies
s6928,Movie,Comedies
s6928,Movie,Cult Movies
s6929,Movie,Comedies
s6929,Movie,Cult Movies
s6930,Movie,Documentaries
s6931,TV Show,British TV Shows
s6931,TV Show,Crime TV Shows
s6931,TV Show,Docuseries
s6932,Movie,Children & Family Movies
s6932,Movie,Comedies
s6933,TV Show,Kids' TV
s6933,TV Show,TV Comedies
s6934,Movie,Documentaries
s6934,Movie,Sports Movies
s6935,Movie,Documentaries
s6936,TV Show,TV Comedies
s6936,TV Show,TV Dramas
s6937,Movie,Action & Adventure
s6937,Movie,Comedies
s6937,Movie,Dramas
s6938,TV Show,International TV Shows
s6938,TV Show,Romantic TV Shows
s6938,TV Show,TV Dramas
s6939,Movie,Documentaries
s6939,Movie,Horror Movies
s6940,Movie,Horror Movies
s6940,Movie,Independent Movies
s6941,Movie,Documentaries
s6941,Movie,International Movies
s6942,TV Show,Classic & Cult TV
s6942,TV Show,TV Horror
s6942,TV Show,TV Mysteries
s6943,Movie,Horror Movies
s6943,Movie,Thrillers
s6944,Movie,Action & Adventure
s6945,Movie,Documentaries
s6946,Movie,Horror Movies
s6946,Movie,Thrillers
s6947,Movie,Horror Movies
s6947,Movie,Independent Movies
s6948,Movie,Dramas
s6948,Movie,Independent Movies
s6948,Movie,LGBTQ Movies
s6949,Movie,Documentaries
s6950,Movie,Comedies
s6950,Movie,Romantic Movies
s6951,Movie,Thrillers
s6952,TV Show,International TV Shows
s6952,TV Show,Reality TV
s6953,Movie,Children & Family Movies
s6954,TV Show,TV Horror
s6954,TV Show,TV Mysteries
s6954,TV Show,TV Sci-Fi & Fantasy
s6955,Movie,Action & Adventure
s6955,Movie,Comedies
s6955,Movie,Independent Movies
s6956,TV Show,Crime TV Shows
s6956,TV Show,TV Action & Adventure
s6957,Movie,Dramas
s6957,Movie,Independent Movies
s6958,Movie,Action & Adventure
s6958,Movie,Cult Movies
s6958,Movie,Sci-Fi & Fantasy
s6959,Movie,Dramas
s6959,Movie,Romantic Movies
s6959,Movie,Sci-Fi & Fantasy
s6960,Movie,Dramas
s6961,Movie,Action & Adventure
s6961,Movie,Comedies
s6961,Movie,Dramas
s6962,Movie,Horror Movies
s6963,Movie,Action & Adventure
s6963,Movie,International Movies
s6964,TV Show,International TV Shows
s6964,TV Show,TV Dramas
s6965,Movie,Action & Adventure
s6966,TV Show,International TV Shows
s6966,TV Show,Korean TV Shows
s6966,TV Show,Reality TV
s6967,Movie,Horror Movies
s6967,Movie,International Movies
s6967,Movie,Thrillers
s6968,Movie,International Movies
s6968,Movie,Thrillers
s6969,Movie,Documentaries
s6969,Movie,International Movies
s6969,Movie,Music & Musicals
s6970,TV Show,Reality TV
s6971,TV Show,TV Dramas
s6972,TV Show,British TV Shows
s6972,TV Show,Crime TV Shows
s6972,TV Show,International TV Shows
s6973,Movie,Documentaries
s6974,Movie,Horror Movies
s6974,Movie,International Movies
s6974,Movie,Thrillers
s6975,TV Show,Crime TV Shows
s6975,TV Show,International TV Shows
s6975,TV Show,Spanish-Language TV Shows
s6976,Movie,Dramas
s6976,Movie,International Movies
s6977,TV Show,British TV Shows
s6977,TV Show,Docuseries
s6978,Movie,Comedies
s6978,Movie,Romantic Movies
s6979,Movie,Documentaries
s6979,Movie,Sports Movies
s6980,Movie,Documentaries
s6980,Movie,International Movies
s6981,Movie,Dramas
s6981,Movie,International Movies
s6981,Movie,Romantic Movies
s6982,TV Show,Kids' TV
s6983,Movie,Comedies
s6983,Movie,Dramas
s6983,Movie,International Movies
s6984,Movie,Dramas
s6984,Movie,International Movies
s6984,Movie,LGBTQ Movies
s6985,Movie,Comedies
s6985,Movie,Horror Movies
s6986,Movie,Documentaries
s6987,Movie,Comedies
s6987,Movie,Faith & Spirituality
s6987,Movie,International Movies
s6988,Movie,Comedies
s6988,Movie,Faith & Spirituality
s6988,Movie,International Movies
s6989,Movie,Dramas
s6989,Movie,International Movies
s6990,Movie,Dramas
s6990,Movie,Independent Movies
s6990,Movie,International Movies
s6991,Movie,Dramas
s6991,Movie,Romantic Movies
s6992,Movie,Dramas
s6993,Movie,Children & Family Movies
s6993,Movie,Comedies
s6994,Movie,Children & Family Movies
s6994,Movie,Comedies
s6994,Movie,Dramas
s6995,Movie,Dramas
s6996,Movie,Documentaries
s6996,Movie,International Movies
s6996,Movie,Sports Movies
s6997,TV Show,International TV Shows
s6997,TV Show,Romantic TV Shows
s6997,TV Show,TV Dramas
s6998,Movie,Dramas
s6998,Movie,Horror Movies
s6998,Movie,Sci-Fi & Fantasy
s6999,TV Show,British TV Shows
s6999,TV Show,Docuseries
s6999,TV Show,International TV Shows
s7000,Movie,Horror Movies
s7000,Movie,International Movies
s7001,Movie,Documentaries
s7001,Movie,International Movies
s7002,Movie,Documentaries
s7002,Movie,International Movies
s7003,Movie,Dramas
s7004,Movie,Comedies
s7005,Movie,Comedies
s7005,Movie,Independent Movies
s7006,Movie,Comedies
s7006,Movie,Sports Movies
s7007,TV Show,Crime TV Shows
s7007,TV Show,International TV Shows
s7007,TV Show,TV Dramas
s7008,Movie,Classic Movies
s7008,Movie,Dramas
s7008,Movie,International Movies
s7009,Movie,Children & Family Movies
s7009,Movie,Comedies
s7010,Movie,Horror Movies
s7010,Movie,Thrillers
s7011,Movie,Documentaries
s7012,Movie,Comedies
s7012,Movie,Independent Movies
s7012,Movie,International Movies
s7013,Movie,Documentaries
s7013,Movie,Music & Musicals
s7014,Movie,Children & Family Movies
s7014,Movie,Comedies
s7015,Movie,Comedies
s7016,Movie,Comedies
s7017,Movie,Documentaries
s7017,Movie,International Movies
s7018,TV Show,British TV Shows
s7018,TV Show,International TV Shows
s7018,TV Show,Reality TV
s7019,Movie,Dramas
s7019,Movie,Romantic Movies
s7020,Movie,Documentaries
s7021,Movie,Dramas
s7021,Movie,International Movies
s7022,Movie,Action & Adventure
s7022,Movie,Sci-Fi & Fantasy
s7023,Movie,Dramas
s7023,Movie,International Movies
s7023,Movie,Music & Musicals
s7024,Movie,International Movies
s7024,Movie,Music & Musicals
s7024,Movie,Romantic Movies
s7025,TV Show,International TV Shows
s7025,TV Show,Romantic TV Shows
s7025,TV Show,TV Dramas
s7026,Movie,Horror Movies
s7026,Movie,Independent Movies
s7026,Movie,International Movies
s7027,Movie,Action & Adventure
s7028,Movie,Action & Adventure
s7028,Movie,Independent Movies
s7029,TV Show,British TV Shows
s7029,TV Show,Docuseries
s7030,TV Show,Kids' TV
s7031,Movie,Comedies
s7031,Movie,Independent Movies
s7031,Movie,LGBTQ Movies
s7032,Movie,Comedies
s7032,Movie,Independent Movies
s7032,Movie,LGBTQ Movies
s7033,Movie,Dramas
s7033,Movie,Independent Movies
s7033,Movie,Music & Musicals
s7034,TV Show,International TV Shows
s7034,TV Show,Korean TV Shows
s7034,TV Show,Reality TV
s7035,Movie,Horror Movies
s7035,Movie,International Movies
s7035,Movie,Thrillers
s7036,Movie,Dramas
s7036,Movie,Independent Movies
s7036,Movie,International Movies
s7037,Movie,Documentaries
s7037,Movie,Sports Movies
s7038,Movie,Documentaries
s7039,Movie,Documentaries
s7040,TV Show,International TV Shows
s7040,TV Show,Spanish-Language TV Shows
s7040,TV Show,TV Comedies
s7041,Movie,Comedies
s7041,Movie,Dramas
s7041,Movie,International Movies
s7042,Movie,Documentaries
s7042,Movie,International Movies
s7043,Movie,Action & Adventure
s7044,Movie,Action & Adventure
s7044,Movie,Dramas
s7045,Movie,Comedies
s7046,Movie,Children & Family Movies
s7046,Movie,Documentaries
s7047,Movie,Comedies
s7047,Movie,International Movies
s7047,Movie,Romantic Movies
s7048,Movie,Dramas
s7048,Movie,Independent Movies
s7049,Movie,Comedies
s7049,Movie,Dramas
s7049,Movie,Independent Movies
s7050,Movie,Dramas
s7050,Movie,Faith & Spirituality
s7050,Movie,Romantic Movies
s7051,TV Show,TV Comedies
s7052,Movie,Documentaries
s7052,Movie,International Movies
s7052,Movie,Sports Movies
s7053,Movie,Action & Adventure
s7053,Movie,International Movies
s7053,Movie,Sci-Fi & Fantasy
s7054,Movie,Comedies
s7054,Movie,International Movies
s7054,Movie,Romantic Movies
s7055,TV Show,Reality TV
s7055,TV Show,TV Comedies
s7056,Movie,Children & Family Movies
s7057,Movie,Stand-Up Comedy
s7058,Movie,Children & Family Movies
s7058,Movie,Comedies
s7058,Movie,Sci-Fi & Fantasy
s7059,Movie,Dramas
s7059,Movie,International Movies
s7059,Movie,Romantic Movies
s7060,TV Show,International TV Shows
s7060,TV Show,Romantic TV Shows
s7060,TV Show,TV Comedies
s7061,Movie,Action & Adventure
s7061,Movie,Dramas
s7062,Movie,Horror Movies
s7062,Movie,International Movies
s7062,Movie,Thrillers
s7063,Movie,Dramas
s7063,Movie,International Movies
s7063,Movie,Romantic Movies
s7064,Movie,Action & Adventure
s7064,Movie,Sci-Fi & Fantasy
s7065,Movie,Dramas
s7065,Movie,International Movies
s7065,Movie,Romantic Movies
s7066,Movie,Thrillers
s7067,Movie,Documentaries
s7068,Movie,Children & Family Movies
s7068,Movie,Comedies
s7069,Movie,Dramas
s7069,Movie,Independent Movies
s7069,Movie,International Movies
s7070,TV Show,British TV Shows
s7070,TV Show,Docuseries
s7070,TV Show,Science & Nature TV
s7071,Movie,Action & Adventure
s7071,Movie,Children & Family Movies
s7071,Movie,Sci-Fi & Fantasy
s7072,Movie,Action & Adventure
s7072,Movie,Children & Family Movies
s7072,Movie,Classic Movies
s7073,Movie,Action & Adventure
s7073,Movie,Children & Family Movies
s7073,Movie,Classic Movies
s7074,Movie,Action & Adventure
s7074,Movie,Children & Family Movies
s7074,Movie,Classic Movies
s7075,Movie,Dramas
s7075,Movie,Thrillers
s7076,Movie,Documentaries
s7077,Movie,Documentaries
s7077,Movie,International Movies
s7078,Movie,Action & Adventure
s7079,Movie,Action & Adventure
s7079,Movie,Children & Family Movies
s7079,Movie,Sci-Fi & Fantasy
s7080,Movie,Action & Adventure
s7080,Movie,Dramas
s7080,Movie,International Movies
s7081,TV Show,British TV Shows
s7081,TV Show,Docuseries
s7081,TV Show,International TV Shows
s7082,TV Show,Crime TV Shows
s7082,TV Show,Docuseries
s7083,TV Show,Docuseries
s7083,TV Show,International TV Shows
s7084,TV Show,Reality TV
s7085,Movie,Comedies
s7085,Movie,Dramas
s7085,Movie,International Movies
s7086,TV Show,Crime TV Shows
s7086,TV Show,TV Dramas
s7087,Movie,Comedies
s7088,Movie,Dramas
s7088,Movie,International Movies
s7088,Movie,Sci-Fi & Fantasy
s7089,Movie,Action & Adventure
s7089,Movie,Anime Features
s7089,Movie,International Movies
s7090,Movie,Action & Adventure
s7090,Movie,Anime Features
s7090,Movie,International Movies
s7091,Movie,Action & Adventure
s7091,Movie,Anime Features
s7091,Movie,International Movies
s7092,Movie,Dramas
s7092,Movie,Sports Movies
s7093,Movie,Documentaries
s7094,Movie,Dramas
s7094,Movie,Independent Movies
s7094,Movie,International Movies
s7095,Movie,Dramas
s7095,Movie,Independent Movies
s7095,Movie,International Movies
s7096,Movie,Comedies
s7096,Movie,Dramas
s7096,Movie,International Movies
s7097,Movie,Documentaries
s7097,Movie,Sports Movies
s7098,Movie,Children & Family Movies
s7098,Movie,Sci-Fi & Fantasy
s7099,TV Show,Kids' TV
s7100,Movie,Dramas
s7100,Movie,International Movies
s7100,Movie,Romantic Movies
s7101,TV Show,Docuseries
s7101,TV Show,International TV Shows
s7101,TV Show,Science & Nature TV
s7102,TV Show,International TV Shows
s7102,TV Show,Korean TV Shows
s7102,TV Show,Stand-Up Comedy & Talk Shows
s7103,Movie,Dramas
s7103,Movie,International Movies
s7103,Movie,Music & Musicals
s7104,Movie,Children & Family Movies
s7104,Movie,Comedies
s7105,Movie,Comedies
s7105,Movie,International Movies
s7105,Movie,Music & Musicals
s7106,Movie,Comedies
s7106,Movie,International Movies
s7106,Movie,Romantic Movies
s7107,Movie,Comedies
s7107,Movie,International Movies
s7107,Movie,Music & Musicals
s7108,Movie,Documentaries
s7108,Movie,Sports Movies
s7109,Movie,Children & Family Movies
s7110,Movie,Dramas
s7110,Movie,International Movies
s7110,Movie,Romantic Movies
s7111,Movie,Children & Family Movies
s7111,Movie,Music & Musicals
s7112,Movie,Documentaries
s7112,Movie,Sports Movies
s7113,TV Show,Crime TV Shows
s7113,TV Show,International TV Shows
s7113,TV Show,TV Dramas
s7114,Movie,Dramas
s7114,Movie,Thrillers
s7115,Movie,Comedies
s7115,Movie,Dramas
s7115,Movie,International Movies
s7116,Movie,Dramas
s7116,Movie,International Movies
s7117,Movie,Movies
s7118,Movie,Dramas
s7118,Movie,Independent Movies
s7118,Movie,International Movies
s7119,Movie,Dramas
s7119,Movie,Independent Movies
s7119,Movie,International Movies
s7120,Movie,Comedies
s7120,Movie,Dramas
s7120,Movie,International Movies
s7121,TV Show,International TV Shows
s7121,TV Show,Stand-Up Comedy & Talk Shows
s7122,Movie,Comedies
s7122,Movie,Cult Movies
s7123,Movie,Dramas
s7123,Movie,International Movies
s7123,Movie,Romantic Movies
s7124,TV Show,Reality TV
s7125,Movie,Documentaries
s7126,TV Show,Classic & Cult TV
s7126,TV Show,TV Action & Adventure
s7126,TV Show,TV Dramas
s7127,Movie,Dramas
s7127,Movie,Music & Musicals
s7128,Movie,Documentaries
s7128,Movie,Faith & Spirituality
s7129,Movie,Documentaries
s7129,Movie,LGBTQ Movies
s7130,TV Show,International TV Shows
s7130,TV Show,TV Dramas
s7131,Movie,Documentaries
s7131,Movie,Music & Musicals
s7132,TV Show,Kids' TV
s7133,Movie,Documentaries
s7134,Movie,Action & Adventure
s7134,Movie,Dramas
s7134,Movie,International Movies
s7135,Movie,Documentaries
s7135,Movie,International Movies
s7135,Movie,Music & Musicals
s7136,Movie,Documentaries
s7136,Movie,International Movies
s7137,Movie,Action & Adventure
s7137,Movie,Sci-Fi & Fantasy
s7138,Movie,International Movies
s7138,Movie,Thrillers
s7139,Movie,Documentaries
s7139,Movie,Music & Musicals
s7140,Movie,Dramas
s7140,Movie,Independent Movies
s7140,Movie,Sci-Fi & Fantasy
s7141,TV Show,British TV Shows
s7141,TV Show,TV Dramas
s7141,TV Show,TV Sci-Fi & Fantasy
s7142,Movie,Action & Adventure
s7142,Movie,International Movies
s7143,TV Show,International TV Shows
s7143,TV Show,Spanish-Language TV Shows
s7143,TV Show,TV Dramas
s7144,TV Show,International TV Shows
s7144,TV Show,Spanish-Language TV Shows
s7144,TV Show,TV Dramas
s7145,Movie,Comedies
s7145,Movie,International Movies
s7145,Movie,Romantic Movies
s7146,Movie,Children & Family Movies
s7146,Movie,Comedies
s7147,Movie,Documentaries
s7148,Movie,Comedies
s7148,Movie,Dramas
s7149,TV Show,Kids' TV
s7150,Movie,Comedies
s7150,Movie,Romantic Movies
s7151,Movie,Comedies
s7151,Movie,Dramas
s7151,Movie,Independent Movies
s7152,Movie,Action & Adventure
s7152,Movie,Sci-Fi & Fantasy
s7153,Movie,Comedies
s7153,Movie,Romantic Movies
s7154,Movie,Action & Adventure
s7154,Movie,Comedies
s7154,Movie,International Movies
s7155,Movie,Documentaries
s7155,Movie,Music & Musicals
s7156,TV Show,Anime Series
s7156,TV Show,Crime TV Shows
s7156,TV Show,International TV Shows
s7157,Movie,Action & Adventure
s7157,Movie,Dramas
s7158,TV Show,Crime TV Shows
s7158,TV Show,International TV Shows
s7158,TV Show,TV Action & Adventure
s7159,Movie,Dramas
s7159,Movie,International Movies
s7160,Movie,Dramas
s7160,Movie,International Movies
s7160,Movie,Romantic Movies
s7161,Movie,Action & Adventure
s7161,Movie,Dramas
s7161,Movie,International Movies
s7162,Movie,Dramas
s7162,Movie,International Movies
s7163,Movie,Action & Adventure
s7163,Movie,Dramas
s7163,Movie,International Movies
s7164,Movie,Dramas
s7164,Movie,International Movies
s7164,Movie,Romantic Movies
s7165,Movie,Children & Family Movies
s7165,Movie,Dramas
s7166,Movie,Dramas
s7166,Movie,International Movies
s7166,Movie,Music & Musicals
s7167,Movie,Thrillers
s7168,Movie,Dramas
s7168,Movie,Independent Movies
s7168,Movie,International Movies
s7169,Movie,Horror Movies
s7169,Movie,International Movies
s7169,Movie,Thrillers
s7170,Movie,International Movies
s7170,Movie,Music & Musicals
s7170,Movie,Romantic Movies
s7171,Movie,Comedies
s7171,Movie,Romantic Movies
s7172,Movie,Comedies
s7172,Movie,Dramas
s7172,Movie,Independent Movies
s7173,Movie,Stand-Up Comedy
s7174,Movie,Dramas
s7174,Movie,International Movies
s7175,Movie,Comedies
s7175,Movie,Dramas
s7175,Movie,International Movies
s7176,TV Show,Docuseries
s7177,TV Show,Docuseries
s7178,TV Show,Docuseries
s7179,Movie,Stand-Up Comedy
s7180,Movie,Stand-Up Comedy
s7181,Movie,Stand-Up Comedy
s7182,Movie,Documentaries
s7182,Movie,LGBTQ Movies
s7183,TV Show,Crime TV Shows
s7183,TV Show,International TV Shows
s7183,TV Show,Romantic TV Shows
s7184,Movie,Action & Adventure
s7184,Movie,Dramas
s7184,Movie,International Movies
s7185,TV Show,Crime TV Shows
s7185,TV Show,International TV Shows
s7185,TV Show,TV Comedies
s7186,TV Show,International TV Shows
s7186,TV Show,TV Dramas
s7187,Movie,Comedies
s7187,Movie,Dramas
s7187,Movie,International Movies
s7188,TV Show,Crime TV Shows
s7188,TV Show,International TV Shows
s7188,TV Show,TV Dramas
s7189,Movie,Classic Movies
s7189,Movie,Comedies
s7189,Movie,Dramas
s7190,Movie,Comedies
s7190,Movie,International Movies
s7190,Movie,Music & Musicals
s7191,Movie,Dramas
s7191,Movie,Independent Movies
s7191,Movie,International Movies
s7192,Movie,Action & Adventure
s7193,Movie,Action & Adventure
s7194,Movie,Comedies
s7194,Movie,Independent Movies
s7194,Movie,Romantic Movies
s7195,Movie,Dramas
s7195,Movie,International Movies
s7195,Movie,Sports Movies
s7196,Movie,Action & Adventure
s7196,Movie,Dramas
s7196,Movie,International Movies
s7197,TV Show,Kids' TV
s7198,Movie,Action & Adventure
s7199,Movie,Action & Adventure
s7200,Movie,Action & Adventure
s7200,Movie,Independent Movies
s7200,Movie,Sci-Fi & Fantasy
s7201,Movie,Documentaries
s7201,Movie,International Movies
s7202,Movie,Action & Adventure
s7203,Movie,Action & Adventure
s7203,Movie,Dramas
s7203,Movie,Independent Movies
s7204,Movie,Comedies
s7204,Movie,Cult Movies
s7204,Movie,Horror Movies
s7205,Movie,Action & Adventure
s7205,Movie,Comedies
s7205,Movie,Romantic Movies
s7206,Movie,Action & Adventure
s7206,Movie,Dramas
s7206,Movie,International Movies
s7207,Movie,Dramas
s7207,Movie,Independent Movies
s7207,Movie,Thrillers
s7208,Movie,Dramas
s7208,Movie,Independent Movies
s7209,Movie,Action & Adventure
s7209,Movie,Comedies
s7210,TV Show,British TV Shows
s7210,TV Show,Docuseries
s7210,TV Show,Science & Nature TV
s7211,Movie,Comedies
s7211,Movie,Cult Movies
s7211,Movie,Sports Movies
s7212,Movie,Dramas
s7213,Movie,Comedies
s7213,Movie,International Movies
s7214,Movie,Thrillers
s7215,TV Show,International TV Shows
s7215,TV Show,Romantic TV Shows
s7215,TV Show,TV Dramas
s7216,TV Show,British TV Shows
s7216,TV Show,International TV Shows
s7216,TV Show,Reality TV
s7217,Movie,Comedies
s7217,Movie,Horror Movies
s7217,Movie,International Movies
s7218,TV Show,Anime Series
s7218,TV Show,International TV Shows
s7219,Movie,Horror Movies
s7219,Movie,Thrillers
s7220,Movie,Classic Movies
s7220,Movie,Documentaries
s7221,Movie,Sci-Fi & Fantasy
s7221,Movie,Thrillers
s7222,Movie,Documentaries
s7223,TV Show,Docuseries
s7223,TV Show,International TV Shows
s7224,Movie,Action & Adventure
s7224,Movie,Dramas
s7224,Movie,International Movies
s7225,Movie,International Movies
s7225,Movie,Romantic Movies
s7226,Movie,Comedies
s7226,Movie,International Movies
s7226,Movie,Thrillers
s7227,Movie,Children & Family Movies
s7228,Movie,Children & Family Movies
s7229,Movie,Children & Family Movies
s7230,Movie,Children & Family Movies
s7231,Movie,Children & Family Movies
s7232,Movie,Children & Family Movies
s7233,Movie,Children & Family Movies
s7234,Movie,Children & Family Movies
s7235,Movie,Dramas
s7235,Movie,Independent Movies
s7236,TV Show,Kids' TV
s7237,Movie,Horror Movies
s7238,Movie,Comedies
s7238,Movie,Dramas
s7239,Movie,Dramas
s7239,Movie,Independent Movies
s7239,Movie,International Movies
s7240,Movie,Action & Adventure
s7240,Movie,Comedies
s7240,Movie,Cult Movies
s7241,Movie,Children & Family Movies
s7241,Movie,Comedies
s7242,Movie,Children & Family Movies
s7242,Movie,Comedies
s7243,Movie,Action & Adventure
s7243,Movie,Comedies
s7243,Movie,International Movies
s7244,Movie,Dramas
s7244,Movie,International Movies
s7244,Movie,Romantic Movies
s7245,Movie,Documentaries
s7245,Movie,Music & Musicals
s7246,TV Show,International TV Shows
s7246,TV Show,Romantic TV Shows
s7246,TV Show,TV Dramas
s7247,Movie,Comedies
s7247,Movie,Dramas
s7247,Movie,International Movies
s7248,Movie,Dramas
s7248,Movie,International Movies
s7248,Movie,Romantic Movies
s7249,Movie,Music & Musicals
s7250,Movie,International Movies
s7250,Movie,Romantic Movies
s7251,Movie,Comedies
s7251,Movie,International Movies
s7252,Movie,Documentaries
s7253,Movie,Classic Movies
s7253,Movie,Dramas
s7253,Movie,Music & Musicals
s7254,Movie,Comedies
s7254,Movie,International Movies
s7255,TV Show,International TV Shows
s7255,TV Show,Spanish-Language TV Shows
s7255,TV Show,TV Comedies
s7256,TV Show,International TV Shows
s7256,TV Show,TV Dramas
s7257,TV Show,Crime TV Shows
s7257,TV Show,International TV Shows
s7257,TV Show,Spanish-Language TV Shows
s7258,TV Show,Classic & Cult TV
s7258,TV Show,Crime TV Shows
s7258,TV Show,International TV Shows
s7259,TV Show,Crime TV Shows
s7259,TV Show,International TV Shows
s7259,TV Show,Spanish-Language TV Shows
s7260,Movie,Dramas
s7260,Movie,International Movies
s7260,Movie,Thrillers
s7261,Movie,Horror Movies
s7261,Movie,International Movies
s7262,Movie,Action & Adventure
s7263,Movie,Sci-Fi & Fantasy
s7263,Movie,Thrillers
s7264,Movie,Comedies
s7264,Movie,Independent Movies
s7265,TV Show,International TV Shows
s7265,TV Show,Spanish-Language TV Shows
s7265,TV Show,TV Dramas
s7266,Movie,Dramas
s7266,Movie,International Movies
s7267,TV Show,British TV Shows
s7267,TV Show,International TV Shows
s7267,TV Show,TV Dramas
s7268,Movie,Action & Adventure
s7269,TV Show,Crime TV Shows
s7269,TV Show,International TV Shows
s7269,TV Show,Korean TV Shows
s7270,Movie,Dramas
s7270,Movie,Independent Movies
s7270,Movie,LGBTQ Movies
s7271,Movie,Action & Adventure
s7272,Movie,Dramas
s7272,Movie,Independent Movies
s7272,Movie,Romantic Movies
s7273,Movie,Documentaries
s7273,Movie,International Movies
s7273,Movie,Sports Movies
s7274,Movie,Documentaries
s7274,Movie,International Movies
s7275,Movie,Comedies
s7275,Movie,Romantic Movies
s7276,Movie,Children & Family Movies
s7277,Movie,Movies
s7278,Movie,Movies
s7279,Movie,Children & Family Movies
s7280,TV Show,British TV Shows
s7280,TV Show,Kids' TV
s7281,Movie,Comedies
s7281,Movie,Horror Movies
s7281,Movie,International Movies
s7282,Movie,Action & Adventure
s7282,Movie,Faith & Spirituality
s7282,Movie,Sci-Fi & Fantasy
s7283,Movie,Children & Family Movies
s7284,Movie,Action & Adventure
s7284,Movie,International Movies
s7284,Movie,Sci-Fi & Fantasy
s7285,Movie,Action & Adventure
s7285,Movie,Cult Movies
s7285,Movie,International Movies
s7286,TV Show,Docuseries
s7287,Movie,Action & Adventure
s7287,Movie,Horror Movies
s7287,Movie,Sci-Fi & Fantasy
s7288,TV Show,Kids' TV
s7289,TV Show,Kids' TV
s7290,Movie,Documentaries
s7290,Movie,International Movies
s7291,Movie,Action & Adventure
s7291,Movie,Children & Family Movies
s7292,TV Show,Kids' TV
s7293,Movie,Children & Family Movies
s7293,Movie,Comedies
s7294,Movie,Documentaries
s7294,Movie,International Movies
s7294,Movie,Sports Movies
s7295,Movie,Classic Movies
s7295,Movie,Documentaries
s7296,TV Show,International TV Shows
s7296,TV Show,Romantic TV Shows
s7296,TV Show,TV Comedies
s7297,Movie,Comedies
s7297,Movie,LGBTQ Movies
s7298,TV Show,Reality TV
s7299,Movie,Comedies
s7299,Movie,Horror Movies
s7299,Movie,Independent Movies
s7300,Movie,Documentaries
s7300,Movie,LGBTQ Movies
s7301,TV Show,British TV Shows
s7301,TV Show,Docuseries
s7301,TV Show,Science & Nature TV
s7302,TV Show,British TV Shows
s7302,TV Show,Docuseries
s7302,TV Show,Science & Nature TV
s7303,Movie,Horror Movies
s7303,Movie,Independent Movies
s7303,Movie,Thrillers
s7304,Movie,Action & Adventure
s7304,Movie,International Movies
s7305,Movie,Dramas
s7305,Movie,Faith & Spirituality
s7306,Movie,Classic Movies
s7306,Movie,Dramas
s7306,Movie,International Movies
s7307,Movie,Dramas
s7307,Movie,Thrillers
s7308,TV Show,British TV Shows
s7308,TV Show,TV Comedies
s7309,Movie,Dramas
s7310,Movie,Action & Adventure
s7310,Movie,International Movies
s7311,Movie,Documentaries
s7311,Movie,Music & Musicals
s7312,Movie,Action & Adventure
s7312,Movie,International Movies
s7312,Movie,Romantic Movies
s7313,TV Show,Kids' TV
s7313,TV Show,TV Comedies
s7314,Movie,Children & Family Movies
s7314,Movie,Comedies
s7315,Movie,Children & Family Movies
s7315,Movie,Comedies
s7316,Movie,Dramas
s7316,Movie,Independent Movies
s7317,Movie,Comedies
s7318,Movie,Children & Family Movies
s7318,Movie,Comedies
s7319,Movie,Children & Family Movies
s7319,Movie,Comedies
s7320,Movie,Children & Family Movies
s7320,Movie,Comedies
s7321,Movie,Comedies
s7321,Movie,Dramas
s7321,Movie,Independent Movies
s7322,TV Show,Kids' TV
s7322,TV Show,TV Comedies
s7323,Movie,Thrillers
s7324,Movie,Documentaries
s7325,TV Show,Crime TV Shows
s7325,TV Show,Docuseries
s7325,TV Show,International TV Shows
s7326,TV Show,Crime TV Shows
s7326,TV Show,International TV Shows
s7326,TV Show,Romantic TV Shows
s7327,Movie,Action & Adventure
s7327,Movie,Comedies
s7327,Movie,Independent Movies
s7328,Movie,Dramas
s7328,Movie,Independent Movies
s7329,Movie,Action & Adventure
s7329,Movie,International Movies
s7329,Movie,Sci-Fi & Fantasy
s7330,Movie,Dramas
s7330,Movie,Independent Movies
s7330,Movie,International Movies
s7331,Movie,Action & Adventure
s7331,Movie,Classic Movies
s7331,Movie,Cult Movies
s7332,TV Show,Kids' TV
s7333,Movie,Classic Movies
s7333,Movie,Dramas
s7333,Movie,Romantic Movies
s7334,TV Show,British TV Shows
s7334,TV Show,Crime TV Shows
s7334,TV Show,International TV Shows
s7335,Movie,Documentaries
s7335,Movie,International Movies
s7335,Movie,Music & Musicals
s7336,Movie,Action & Adventure
s7336,Movie,Comedies
s7336,Movie,International Movies
s7337,Movie,Comedies
s7337,Movie,International Movies
s7338,Movie,Dramas
s7338,Movie,International Movies
s7338,Movie,Sports Movies
s7339,TV Show,International TV Shows
s7339,TV Show,Spanish-Language TV Shows
s7339,TV Show,TV Comedies
s7340,Movie,Documentaries
s7340,Movie,International Movies
s7341,TV Show,Crime TV Shows
s7341,TV Show,Docuseries
s7341,TV Show,International TV Shows
s7342,Movie,Documentaries
s7342,Movie,Sports Movies
s7343,TV Show,TV Dramas
s7343,TV Show,TV Horror
s7343,TV Show,TV Mysteries
s7344,TV Show,International TV Shows
s7344,TV Show,Romantic TV Shows
s7344,TV Show,TV Comedies
s7345,Movie,Comedies
s7345,Movie,Romantic Movies
s7346,Movie,Comedies
s7346,Movie,Dramas
s7346,Movie,International Movies
s7347,Movie,Comedies
s7347,Movie,International Movies
s7347,Movie,Romantic Movies
s7348,Movie,Action & Adventure
s7348,Movie,Comedies
s7348,Movie,International Movies
s7349,TV Show,International TV Shows
s7349,TV Show,Korean TV Shows
s7349,TV Show,Romantic TV Shows
s7350,TV Show,International TV Shows
s7350,TV Show,TV Comedies
s7350,TV Show,TV Dramas
s7351,Movie,Dramas
s7351,Movie,Thrillers
s7352,Movie,Comedies
s7352,Movie,International Movies
s7352,Movie,Romantic Movies
s7353,Movie,Comedies
s7353,Movie,International Movies
s7353,Movie,Romantic Movies
s7354,TV Show,British TV Shows
s7354,TV Show,International TV Shows
s7354,TV Show,Reality TV
s7355,Movie,Comedies
s7355,Movie,International Movies
s7355,Movie,Romantic Movies
s7356,Movie,Documentaries
s7357,Movie,Dramas
s7357,Movie,Independent Movies
s7357,Movie,LGBTQ Movies
s7358,Movie,Dramas
s7358,Movie,International Movies
s7359,Movie,Documentaries
s7359,Movie,International Movies
s7359,Movie,Sports Movies
s7360,TV Show,International TV Shows
s7360,TV Show,Romantic TV Shows
s7360,TV Show,TV Comedies
s7361,Movie,Dramas
s7361,Movie,International Movies
s7361,Movie,Romantic Movies
s7362,Movie,Horror Movies
s7362,Movie,International Movies
s7362,Movie,Thrillers
s7363,Movie,Comedies
s7363,Movie,International Movies
s7363,Movie,Sports Movies
s7364,Movie,International Movies
s7364,Movie,Thrillers
s7365,Movie,Dramas
s7365,Movie,International Movies
s7366,Movie,Comedies
s7367,Movie,Horror Movies
s7367,Movie,International Movies
s7368,Movie,Action & Adventure
s7368,Movie,Classic Movies
s7368,Movie,Cult Movies
s7369,TV Show,TV Dramas
s7370,Movie,Comedies
s7371,Movie,Cult Movies
s7371,Movie,Horror Movies
s7372,Movie,Dramas
s7372,Movie,International Movies
s7373,Movie,Dramas
s7373,Movie,Independent Movies
s7373,Movie,International Movies
s7374,Movie,Documentaries
s7375,Movie,International Movies
s7375,Movie,Thrillers
s7376,TV Show,Kids' TV
s7376,TV Show,TV Comedies
s7377,TV Show,Anime Series
s7377,TV Show,International TV Shows
s7378,Movie,Children & Family Movies
s7379,Movie,Action & Adventure
s7379,Movie,Documentaries
s7379,Movie,International Movies
s7380,Movie,Children & Family Movies
s7380,Movie,Documentaries
s7380,Movie,International Movies
s7381,Movie,Action & Adventure
s7381,Movie,Dramas
s7381,Movie,International Movies
s7382,TV Show,International TV Shows
s7382,TV Show,TV Action & Adventure
s7382,TV Show,TV Sci-Fi & Fantasy
s7383,TV Show,International TV Shows
s7383,TV Show,TV Action & Adventure
s7383,TV Show,TV Sci-Fi & Fantasy
s7384,TV Show,International TV Shows
s7384,TV Show,TV Comedies
s7385,Movie,Comedies
s7385,Movie,International Movies
s7386,TV Show,International TV Shows
s7386,TV Show,Romantic TV Shows
s7386,TV Show,TV Dramas
s7387,Movie,Comedies
s7387,Movie,International Movies
s7387,Movie,Music & Musicals
s7388,Movie,Dramas
s7388,Movie,International Movies
s7388,Movie,Music & Musicals
s7389,Movie,Dramas
s7389,Movie,International Movies
s7390,Movie,Horror Movies
s7391,Movie,Action & Adventure
s7391,Movie,Dramas
s7392,Movie,Comedies
s7392,Movie,International Movies
s7392,Movie,Romantic Movies
s7393,TV Show,International TV Shows
s7393,TV Show,Reality TV
s7393,TV Show,TV Action & Adventure
s7394,Movie,Dramas
s7394,Movie,Independent Movies
s7394,Movie,International Movies
s7395,Movie,Dramas
s7395,Movie,International Movies
s7395,Movie,Romantic Movies
s7396,Movie,Dramas
s7396,Movie,Independent Movies
s7397,Movie,Dramas
s7397,Movie,Independent Movies
s7398,Movie,Comedies
s7398,Movie,Independent Movies
s7398,Movie,Romantic Movies
s7399,Movie,Documentaries
s7399,Movie,International Movies
s7400,Movie,Comedies
s7400,Movie,Dramas
s7400,Movie,International Movies
s7401,Movie,Dramas
s7401,Movie,Independent Movies
s7401,Movie,International Movies
s7402,Movie,Dramas
s7402,Movie,Independent Movies
s7402,Movie,International Movies
s7403,Movie,Horror Movies
s7403,Movie,Thrillers
s7404,Movie,Action & Adventure
s7405,TV Show,Docuseries
s7406,Movie,Movies
s7407,TV Show,TV Comedies
s7408,Movie,Dramas
s7408,Movie,Independent Movies
s7408,Movie,International Movies
s7409,TV Show,Reality TV
s7409,TV Show,Romantic TV Shows
s7410,TV Show,Docuseries
s7410,TV Show,Science & Nature TV
s7410,TV Show,TV Dramas
s7411,Movie,Action & Adventure
s7411,Movie,International Movies
s7412,Movie,Stand-Up Comedy
s7413,Movie,Documentaries
s7413,Movie,Faith & Spirituality
s7414,Movie,Documentaries
s7414,Movie,International Movies
s7415,Movie,Documentaries
s7415,Movie,Sports Movies
s7416,Movie,Action & Adventure
s7416,Movie,Sci-Fi & Fantasy
s7417,Movie,Anime Features
s7417,Movie,Children & Family Movies
s7418,Movie,Children & Family Movies
s7418,Movie,Music & Musicals
s7419,TV Show,British TV Shows
s7419,TV Show,International TV Shows
s7419,TV Show,Reality TV
s7420,Movie,Dramas
s7420,Movie,Independent Movies
s7420,Movie,International Movies
s7421,Movie,Action & Adventure
s7421,Movie,International Movies
s7422,Movie,Dramas
s7422,Movie,Independent Movies
s7422,Movie,International Movies
s7423,Movie,Comedies
s7423,Movie,Dramas
s7423,Movie,International Movies
s7424,Movie,Dramas
s7424,Movie,Independent Movies
s7425,Movie,Dramas
s7425,Movie,International Movies
s7426,Movie,Comedies
s7426,Movie,International Movies
s7426,Movie,Music & Musicals
s7427,Movie,Documentaries
s7428,Movie,Documentaries
s7429,Movie,Comedies
s7429,Movie,International Movies
s7429,Movie,Romantic Movies
s7430,Movie,Comedies
s7430,Movie,Dramas
s7430,Movie,International Movies
s7431,Movie,Dramas
s7431,Movie,Independent Movies
s7431,Movie,Thrillers
s7432,Movie,Classic Movies
s7432,Movie,Dramas
s7432,Movie,Independent Movies
s7433,Movie,Dramas
s7434,Movie,Horror Movies
s7434,Movie,International Movies
s7434,Movie,Thrillers
s7435,Movie,Documentaries
s7436,TV Show,British TV Shows
s7436,TV Show,Docuseries
s7436,TV Show,International TV Shows
s7437,TV Show,Reality TV
s7438,Movie,Dramas
s7438,Movie,International Movies
s7438,Movie,Romantic Movies
s7439,TV Show,International TV Shows
s7439,TV Show,Romantic TV Shows
s7439,TV Show,TV Comedies
s7440,Movie,Comedies
s7440,Movie,Dramas
s7440,Movie,Independent Movies
s7441,Movie,Dramas
s7441,Movie,International Movies
s7441,Movie,Thrillers
s7442,Movie,Documentaries
s7443,Movie,Action & Adventure
s7443,Movie,Comedies
s7443,Movie,Sci-Fi & Fantasy
s7444,Movie,Action & Adventure
s7444,Movie,Comedies
s7444,Movie,Sci-Fi & Fantasy
s7445,Movie,Dramas
s7445,Movie,Independent Movies
s7446,Movie,Action & Adventure
s7446,Movie,Dramas
s7446,Movie,International Movies
s7447,TV Show,International TV Shows
s7447,TV Show,TV Dramas
s7448,TV Show,International TV Shows
s7448,TV Show,TV Dramas
s7448,TV Show,Teen TV Shows
s7449,Movie,Comedies
s7449,Movie,International Movies
s7450,TV Show,International TV Shows
s7450,TV Show,Reality TV
s7450,TV Show,Spanish-Language TV Shows
s7451,Movie,Comedies
s7451,Movie,International Movies
s7451,Movie,Sci-Fi & Fantasy
s7452,Movie,Action & Adventure
s7452,Movie,Dramas
s7452,Movie,International Movies
s7453,Movie,Children & Family Movies
s7453,Movie,Comedies
s7454,TV Show,International TV Shows
s7454,TV Show,Stand-Up Comedy & Talk Shows
s7454,TV Show,TV Comedies
s7455,Movie,Action & Adventure
s7455,Movie,Sci-Fi & Fantasy
s7456,TV Show,Kids' TV
s7457,Movie,Dramas
s7457,Movie,Independent Movies
s7457,Movie,LGBTQ Movies
s7458,TV Show,Kids' TV
s7459,Movie,Dramas
s7459,Movie,International Movies
s7460,TV Show,Reality TV
s7461,Movie,Children & Family Movies
s7461,Movie,Dramas
s7461,Movie,Sports Movies
s7462,Movie,Children & Family Movies
s7462,Movie,Comedies
s7463,Movie,Dramas
s7463,Movie,International Movies
s7463,Movie,Music & Musicals
s7464,TV Show,Crime TV Shows
s7464,TV Show,International TV Shows
s7464,TV Show,Spanish-Language TV Shows
s7465,Movie,Anime Features
s7466,Movie,Dramas
s7466,Movie,International Movies
s7467,Movie,Romantic Movies
s7468,Movie,Documentaries
s7469,TV Show,International TV Shows
s7469,TV Show,Romantic TV Shows
s7469,TV Show,TV Comedies
s7470,Movie,Documentaries
s7470,Movie,Music & Musicals
s7471,Movie,Dramas
s7471,Movie,Independent Movies
s7472,Movie,Documentaries
s7473,Movie,Action & Adventure
s7473,Movie,Dramas
s7474,Movie,Comedies
s7474,Movie,International Movies
s7474,Movie,Romantic Movies
s7475,Movie,Dramas
s7475,Movie,Independent Movies
s7476,Movie,Dramas
s7476,Movie,Independent Movies
s7476,Movie,International Movies
s7477,Movie,Action & Adventure
s7477,Movie,Horror Movies
s7477,Movie,Independent Movies
s7478,Movie,Dramas
s7478,Movie,Independent Movies
s7478,Movie,Thrillers
s7479,Movie,Dramas
s7479,Movie,International Movies
s7480,Movie,Dramas
s7481,TV Show,International TV Shows
s7481,TV Show,Korean TV Shows
s7481,TV Show,Romantic TV Shows
s7482,Movie,Dramas
s7483,Movie,Thrillers
s7484,TV Show,British TV Shows
s7484,TV Show,International TV Shows
s7484,TV Show,Reality TV
s7485,Movie,Action & Adventure
s7485,Movie,Comedies
s7486,TV Show,British TV Shows
s7486,TV Show,Docuseries
s7486,TV Show,Science & Nature TV
s7487,Movie,Children & Family Movies
s7487,Movie,Comedies
s7488,Movie,Comedies
s7488,Movie,International Movies
s7489,Movie,Children & Family Movies
s7490,Movie,Children & Family Movies
s7491,Movie,Children & Family Movies
s7491,Movie,Music & Musicals
s7492,Movie,Children & Family Movies
s7493,Movie,Children & Family Movies
s7494,Movie,Children & Family Movies
s7495,Movie,Children & Family Movies
s7496,Movie,Children & Family Movies
s7497,Movie,Children & Family Movies
s7498,Movie,Children & Family Movies
s7499,Movie,Children & Family Movies
s7500,Movie,Children & Family Movies
s7501,Movie,Children & Family Movies
s7502,Movie,Children & Family Movies
s7503,TV Show,Kids' TV
s7504,Movie,Comedies
s7504,Movie,Romantic Movies
s7505,TV Show,British TV Shows
s7505,TV Show,Docuseries
s7505,TV Show,International TV Shows
s7506,TV Show,British TV Shows
s7506,TV Show,Docuseries
s7506,TV Show,International TV Shows
s7507,Movie,Dramas
s7507,Movie,Independent Movies
s7507,Movie,Sci-Fi & Fantasy
s7508,Movie,Dramas
s7508,Movie,Independent Movies
s7508,Movie,LGBTQ Movies
s7509,Movie,Action & Adventure
s7509,Movie,Comedies
s7509,Movie,International Movies
s7510,Movie,Dramas
s7510,Movie,Independent Movies
s7510,Movie,International Movies
s7511,Movie,Dramas
s7511,Movie,Independent Movies
s7511,Movie,International Movies
s7512,Movie,Documentaries
s7513,Movie,Dramas
s7513,Movie,International Movies
s7514,Movie,Children & Family Movies
s7514,Movie,Comedies
s7515,Movie,Action & Adventure
s7515,Movie,Documentaries
s7515,Movie,International Movies
s7516,Movie,Comedies
s7517,Movie,Dramas
s7518,Movie,Comedies
s7518,Movie,Romantic Movies
s7519,Movie,Documentaries
s7519,Movie,International Movies
s7520,Movie,Comedies
s7520,Movie,Dramas
s7520,Movie,International Movies
s7521,Movie,Comedies
s7522,TV Show,Kids' TV
s7522,TV Show,TV Comedies
s7523,Movie,Comedies
s7523,Movie,International Movies
s7524,Movie,Dramas
s7524,Movie,Independent Movies
s7525,Movie,Comedies
s7525,Movie,International Movies
s7525,Movie,Romantic Movies
s7526,Movie,Children & Family Movies
s7527,Movie,Children & Family Movies
s7527,Movie,Comedies
s7528,Movie,Comedies
s7528,Movie,Cult Movies
s7528,Movie,Horror Movies
s7529,TV Show,Crime TV Shows
s7529,TV Show,Docuseries
s7530,TV Show,Kids' TV
s7530,TV Show,TV Comedies
s7531,Movie,Action & Adventure
s7531,Movie,Classic Movies
s7531,Movie,Dramas
s7532,Movie,Children & Family Movies
s7532,Movie,Comedies
s7533,Movie,Dramas
s7533,Movie,Independent Movies
s7533,Movie,International Movies
s7534,Movie,Dramas
s7534,Movie,Faith & Spirituality
s7535,Movie,Comedies
s7535,Movie,International Movies
s7536,Movie,Comedies
s7536,Movie,Independent Movies
s7537,Movie,Comedies
s7537,Movie,Romantic Movies
s7538,Movie,Dramas
s7539,TV Show,British TV Shows
s7539,TV Show,International TV Shows
s7539,TV Show,Reality TV
s7540,Movie,Comedies
s7540,Movie,Dramas
s7540,Movie,International Movies
s7541,TV Show,International TV Shows
s7541,TV Show,Stand-Up Comedy & Talk Shows
s7542,Movie,Children & Family Movies
s7542,Movie,Comedies
s7543,Movie,Children & Family Movies
s7543,Movie,Comedies
s7544,Movie,Comedies
s7544,Movie,Dramas
s7544,Movie,International Movies
s7545,Movie,Action & Adventure
s7545,Movie,Comedies
s7545,Movie,International Movies
s7546,Movie,Documentaries
s7547,Movie,Dramas
s7548,TV Show,British TV Shows
s7548,TV Show,Docuseries
s7549,Movie,Action & Adventure
s7549,Movie,Dramas
s7549,Movie,International Movies
s7550,Movie,Dramas
s7550,Movie,Romantic Movies
s7551,Movie,Comedies
s7551,Movie,International Movies
s7552,TV Show,TV Comedies
s7552,TV Show,TV Sci-Fi & Fantasy
s7553,Movie,Horror Movies
s7553,Movie,International Movies
s7554,Movie,Comedies
s7554,Movie,Sports Movies
s7555,Movie,Documentaries
s7555,Movie,International Movies
s7556,Movie,Horror Movies
s7557,Movie,Documentaries
s7558,Movie,Action & Adventure
s7558,Movie,Comedies
s7558,Movie,International Movies
s7559,Movie,Dramas
s7559,Movie,Independent Movies
s7560,Movie,Action & Adventure
s7560,Movie,Anime Features
s7560,Movie,International Movies
s7561,Movie,Stand-Up Comedy
s7562,Movie,Documentaries
s7563,Movie,Action & Adventure
s7563,Movie,Comedies
s7563,Movie,Independent Movies
s7564,Movie,Documentaries
s7565,Movie,Action & Adventure
s7565,Movie,Children & Family Movies
s7566,Movie,Dramas
s7566,Movie,International Movies
s7567,Movie,Comedies
s7568,Movie,Dramas
s7568,Movie,Independent Movies
s7569,TV Show,Docuseries
s7569,TV Show,Science & Nature TV
s7570,TV Show,Docuseries
s7570,TV Show,Science & Nature TV
s7571,Movie,Documentaries
s7572,TV Show,British TV Shows
s7572,TV Show,Docuseries
s7572,TV Show,Science & Nature TV
s7573,TV Show,British TV Shows
s7573,TV Show,Docuseries
s7573,TV Show,Science & Nature TV
s7574,TV Show,British TV Shows
s7574,TV Show,Docuseries
s7574,TV Show,Science & Nature TV
s7575,TV Show,British TV Shows
s7575,TV Show,Docuseries
s7575,TV Show,Science & Nature TV
s7576,Movie,Classic Movies
s7576,Movie,Documentaries
s7577,TV Show,Docuseries
s7578,Movie,Dramas
s7578,Movie,International Movies
s7579,Movie,Dramas
s7579,Movie,Faith & Spirituality
s7580,Movie,Children & Family Movies
s7580,Movie,Comedies
s7581,Movie,Documentaries
s7582,Movie,Action & Adventure
s7582,Movie,Sci-Fi & Fantasy
s7583,Movie,Action & Adventure
s7583,Movie,Dramas
s7583,Movie,International Movies
s7584,Movie,Dramas
s7584,Movie,Independent Movies
s7585,Movie,Dramas
s7585,Movie,Independent Movies
s7585,Movie,Thrillers
s7586,Movie,Dramas
s7586,Movie,Independent Movies
s7586,Movie,Thrillers
s7587,TV Show,British TV Shows
s7587,TV Show,International TV Shows
s7587,TV Show,Reality TV
s7588,Movie,Dramas
s7588,Movie,Romantic Movies
s7589,TV Show,Anime Series
s7589,TV Show,Kids' TV
s7590,TV Show,Kids' TV
s7590,TV Show,TV Comedies
s7591,Movie,Comedies
s7591,Movie,International Movies
s7592,Movie,Comedies
s7592,Movie,Dramas
s7592,Movie,International Movies
s7593,Movie,Comedies
s7593,Movie,Romantic Movies
s7594,TV Show,International TV Shows
s7594,TV Show,TV Dramas
s7594,TV Show,TV Thrillers
s7595,Movie,Children & Family Movies
s7596,Movie,Children & Family Movies
s7597,Movie,Children & Family Movies
s7597,Movie,Comedies
s7598,TV Show,British TV Shows
s7598,TV Show,Romantic TV Shows
s7598,TV Show,TV Dramas
s7599,Movie,Documentaries
s7600,Movie,Children & Family Movies
s7600,Movie,Documentaries
s7601,Movie,Documentaries
s7602,Movie,Documentaries
s7603,Movie,Documentaries
s7604,Movie,Documentaries
s7605,Movie,Documentaries
s7606,Movie,Documentaries
s7607,Movie,Documentaries
s7608,Movie,Documentaries
s7609,Movie,Documentaries
s7610,Movie,Documentaries
s7611,Movie,Documentaries
s7612,Movie,Documentaries
s7613,Movie,Documentaries
s7614,Movie,Documentaries
s7615,Movie,Documentaries
s7616,Movie,Documentaries
s7617,Movie,Documentaries
s7618,Movie,Documentaries
s7619,Movie,Movies
s7620,Movie,Dramas
s7620,Movie,Thrillers
s7621,Movie,Dramas
s7622,Movie,Documentaries
s7622,Movie,Music & Musicals
s7623,Movie,Dramas
s7624,TV Show,Crime TV Shows
s7624,TV Show,International TV Shows
s7624,TV Show,TV Dramas
s7625,TV Show,Docuseries
s7625,TV Show,International TV Shows
s7625,TV Show,Spanish-Language TV Shows
s7626,Movie,Documentaries
s7626,Movie,International Movies
s7627,Movie,Documentaries
s7627,Movie,International Movies
s7627,Movie,Music & Musicals
s7628,TV Show,Anime Series
s7628,TV Show,Crime TV Shows
s7629,TV Show,TV Comedies
s7629,TV Show,TV Dramas
s7630,TV Show,British TV Shows
s7630,TV Show,Crime TV Shows
s7630,TV Show,Docuseries
s7631,Movie,Dramas
s7631,Movie,Independent Movies
s7631,Movie,International Movies
s7632,Movie,Dramas
s7632,Movie,Independent Movies
s7632,Movie,International Movies
s7633,TV Show,International TV Shows
s7633,TV Show,Romantic TV Shows
s7633,TV Show,TV Dramas
s7634,Movie,Documentaries
s7634,Movie,International Movies
s7634,Movie,Music & Musicals
s7635,Movie,Comedies
s7635,Movie,Dramas
s7635,Movie,Independent Movies
s7636,Movie,Documentaries
s7636,Movie,International Movies
s7637,Movie,Action & Adventure
s7637,Movie,Sci-Fi & Fantasy
s7638,Movie,Action & Adventure
s7638,Movie,Classic Movies
s7638,Movie,Comedies
s7639,Movie,Action & Adventure
s7639,Movie,Comedies
s7640,Movie,Action & Adventure
s7640,Movie,Comedies
s7641,TV Show,Crime TV Shows
s7641,TV Show,International TV Shows
s7641,TV Show,TV Dramas
s7642,Movie,Comedies
s7642,Movie,International Movies
s7643,Movie,Action & Adventure
s7644,Movie,Comedies
s7644,Movie,Horror Movies
s7644,Movie,International Movies
s7645,Movie,Comedies
s7645,Movie,Horror Movies
s7645,Movie,International Movies
s7646,Movie,Comedies
s7646,Movie,Horror Movies
s7646,Movie,International Movies
s7647,TV Show,Kids' TV
s7647,TV Show,TV Action & Adventure
s7647,TV Show,TV Sci-Fi & Fantasy
s7648,Movie,Documentaries
s7649,TV Show,Docuseries
s7650,TV Show,Kids' TV
s7651,Movie,Comedies
s7651,Movie,International Movies
s7651,Movie,Romantic Movies
s7652,Movie,Action & Adventure
s7652,Movie,International Movies
s7653,Movie,Documentaries
s7653,Movie,Faith & Spirituality
s7654,Movie,Dramas
s7654,Movie,International Movies
s7655,Movie,Documentaries
s7655,Movie,Music & Musicals
s7656,Movie,Documentaries
s7656,Movie,Music & Musicals
s7657,Movie,Documentaries
s7657,Movie,Music & Musicals
s7658,Movie,Documentaries
s7658,Movie,Music & Musicals
s7659,Movie,Dramas
s7659,Movie,International Movies
s7660,Movie,Action & Adventure
s7660,Movie,Classic Movies
s7660,Movie,International Movies
s7661,Movie,Dramas
s7661,Movie,International Movies
s7661,Movie,Romantic Movies
s7662,Movie,Documentaries
s7662,Movie,Music & Musicals
s7663,Movie,Documentaries
s7663,Movie,International Movies
s7663,Movie,Music & Musicals
s7664,Movie,Dramas
s7665,Movie,Documentaries
s7666,Movie,Dramas
s7666,Movie,International Movies
s7666,Movie,Music & Musicals
s7667,TV Show,Docuseries
s7667,TV Show,Science & Nature TV
s7668,Movie,Cult Movies
s7668,Movie,Independent Movies
s7668,Movie,Thrillers
s7669,Movie,Documentaries
s7669,Movie,International Movies
s7670,Movie,Children & Family Movies
s7670,Movie,Comedies
s7671,Movie,Action & Adventure
s7671,Movie,Dramas
s7671,Movie,International Movies
s7672,TV Show,British TV Shows
s7672,TV Show,Reality TV
s7673,Movie,Action & Adventure
s7673,Movie,International Movies
s7674,Movie,Documentaries
s7675,TV Show,British TV Shows
s7675,TV Show,Kids' TV
s7675,TV Show,TV Comedies
s7676,TV Show,International TV Shows
s7676,TV Show,Korean TV Shows
s7676,TV Show,Romantic TV Shows
s7677,Movie,Action & Adventure
s7677,Movie,International Movies
s7678,Movie,Comedies
s7678,Movie,Dramas
s7678,Movie,Independent Movies
s7679,Movie,Action & Adventure
s7679,Movie,International Movies
s7680,TV Show,Docuseries
s7681,Movie,Comedies
s7681,Movie,Dramas
s7681,Movie,International Movies
s7682,Movie,Dramas
s7682,Movie,Independent Movies
s7682,Movie,International Movies
s7683,Movie,Dramas
s7683,Movie,International Movies
s7684,Movie,Documentaries
s7684,Movie,International Movies
s7685,Movie,Horror Movies
s7685,Movie,Thrillers
s7686,Movie,Comedies
s7686,Movie,Dramas
s7686,Movie,International Movies
s7687,Movie,Action & Adventure
s7688,Movie,Horror Movies
s7688,Movie,International Movies
s7689,Movie,Comedies
s7689,Movie,Independent Movies
s7689,Movie,International Movies
s7690,TV Show,Kids' TV
s7690,TV Show,TV Comedies
s7691,Movie,Dramas
s7691,Movie,Romantic Movies
s7692,Movie,Dramas
s7692,Movie,International Movies
s7693,Movie,Documentaries
s7693,Movie,International Movies
s7694,TV Show,Crime TV Shows
s7694,TV Show,TV Comedies
s7695,Movie,Action & Adventure
s7695,Movie,International Movies
s7696,Movie,Action & Adventure
s7696,Movie,Dramas
s7697,Movie,Dramas
s7698,Movie,Dramas
s7698,Movie,International Movies
s7699,TV Show,Kids' TV
s7700,Movie,Documentaries
s7700,Movie,International Movies
s7700,Movie,Sports Movies
s7701,Movie,Dramas
s7701,Movie,International Movies
s7701,Movie,Romantic Movies
s7702,Movie,Thrillers
s7703,Movie,Comedies
s7703,Movie,Dramas
s7703,Movie,International Movies
s7704,Movie,Dramas
s7704,Movie,Independent Movies
s7704,Movie,Romantic Movies
s7705,Movie,Horror Movies
s7705,Movie,Thrillers
s7706,TV Show,Docuseries
s7707,Movie,Dramas
s7707,Movie,International Movies
s7707,Movie,Romantic Movies
s7708,Movie,Dramas
s7708,Movie,Independent Movies
s7708,Movie,International Movies
s7709,Movie,Classic Movies
s7709,Movie,Cult Movies
s7709,Movie,Documentaries
s7710,TV Show,TV Comedies
s7711,TV Show,International TV Shows
s7711,TV Show,Romantic TV Shows
s7711,TV Show,Spanish-Language TV Shows
s7712,Movie,Action & Adventure
s7713,Movie,Dramas
s7713,Movie,International Movies
s7713,Movie,Sports Movies
s7714,Movie,Documentaries
s7715,Movie,Action & Adventure
s7716,Movie,Comedies
s7716,Movie,International Movies
s7716,Movie,Romantic Movies
s7717,Movie,Action & Adventure
s7717,Movie,Comedies
s7718,Movie,Dramas
s7718,Movie,International Movies
s7719,TV Show,Reality TV
s7720,Movie,Comedies
s7720,Movie,International Movies
s7721,Movie,Comedies
s7721,Movie,Horror Movies
s7721,Movie,International Movies
s7722,TV Show,Classic & Cult TV
s7722,TV Show,Kids' TV
s7722,TV Show,TV Comedies
s7723,Movie,Movies
s7724,Movie,Dramas
s7724,Movie,International Movies
s7725,Movie,Children & Family Movies
s7725,Movie,Comedies
s7725,Movie,Romantic Movies
s7726,TV Show,TV Dramas
s7726,TV Show,TV Horror
s7726,TV Show,TV Mysteries
s7727,Movie,Dramas
s7727,Movie,LGBTQ Movies
s7728,Movie,Documentaries
s7729,Movie,Thrillers
s7730,TV Show,Crime TV Shows
s7730,TV Show,TV Action & Adventure
s7730,TV Show,TV Dramas
s7731,Movie,Dramas
s7731,Movie,International Movies
s7731,Movie,Thrillers
s7732,Movie,Documentaries
s7733,Movie,Children & Family Movies
s7733,Movie,Comedies
s7734,Movie,Dramas
s7734,Movie,International Movies
s7734,Movie,Thrillers
s7735,Movie,Action & Adventure
s7735,Movie,Dramas
s7735,Movie,International Movies
s7736,Movie,Classic Movies
s7736,Movie,Dramas
s7736,Movie,LGBTQ Movies
s7737,Movie,International Movies
s7737,Movie,Romantic Movies
s7738,Movie,Horror Movies
s7738,Movie,International Movies
s7739,Movie,Comedies
s7739,Movie,International Movies
s7739,Movie,Romantic Movies
s7740,Movie,Dramas
s7740,Movie,Independent Movies
s7740,Movie,International Movies
s7741,Movie,Children & Family Movies
s7741,Movie,Documentaries
s7742,Movie,Romantic Movies
s7743,Movie,Dramas
s7743,Movie,Independent Movies
s7743,Movie,International Movies
s7744,TV Show,TV Shows
s7745,Movie,Dramas
s7745,Movie,International Movies
s7745,Movie,Music & Musicals
s7746,Movie,Dramas
s7746,Movie,International Movies
s7747,Movie,Dramas
s7747,Movie,Independent Movies
s7747,Movie,International Movies
s7748,TV Show,British TV Shows
s7748,TV Show,Docuseries
s7748,TV Show,Science & Nature TV
s7749,TV Show,British TV Shows
s7749,TV Show,Docuseries
s7749,TV Show,International TV Shows
s7750,Movie,Action & Adventure
s7750,Movie,Sci-Fi & Fantasy
s7751,Movie,Dramas
s7751,Movie,International Movies
s7752,Movie,Action & Adventure
s7752,Movie,Classic Movies
s7752,Movie,Dramas
s7753,Movie,Dramas
s7754,Movie,Documentaries
s7754,Movie,International Movies
s7755,Movie,Documentaries
s7755,Movie,Faith & Spirituality
s7755,Movie,International Movies
s7756,Movie,Action & Adventure
s7756,Movie,Children & Family Movies
s7756,Movie,Comedies
s7757,TV Show,TV Comedies
s7758,Movie,Dramas
s7758,Movie,Independent Movies
s7758,Movie,Romantic Movies
s7759,Movie,Dramas
s7759,Movie,Independent Movies
s7759,Movie,LGBTQ Movies
s7760,TV Show,Crime TV Shows
s7760,TV Show,International TV Shows
s7760,TV Show,TV Dramas
s7761,TV Show,Kids' TV
s7761,TV Show,Korean TV Shows
s7762,TV Show,Kids' TV
s7763,TV Show,Kids' TV
s7764,TV Show,Kids' TV
s7765,TV Show,Kids' TV
s7766,TV Show,Kids' TV
s7767,TV Show,Kids' TV
s7768,TV Show,Kids' TV
s7769,TV Show,Kids' TV
s7770,TV Show,Kids' TV
s7771,TV Show,Kids' TV
s7772,TV Show,Kids' TV
s7773,TV Show,Kids' TV
s7774,TV Show,Kids' TV
s7775,Movie,Movies
s7776,Movie,Children & Family Movies
s7777,Movie,Movies
s7778,TV Show,Kids' TV
s7779,Movie,Movies
s7780,TV Show,Kids' TV
s7781,Movie,Children & Family Movies
s7781,Movie,Sci-Fi & Fantasy
s7782,Movie,Movies
s7783,TV Show,Kids' TV
s7784,TV Show,Kids' TV
s7785,TV Show,Kids' TV
s7786,TV Show,Kids' TV
s7787,TV Show,Kids' TV
s7788,Movie,Children & Family Movies
s7789,Movie,Children & Family Movies
s7790,Movie,Dramas
s7790,Movie,Independent Movies
s7790,Movie,International Movies
s7791,Movie,Classic Movies
s7791,Movie,Documentaries
s7792,Movie,International Movies
s7792,Movie,Romantic Movies
s7793,Movie,Documentaries
s7794,Movie,Dramas
s7794,Movie,Thrillers
s7795,Movie,Comedies
s7795,Movie,International Movies
s7795,Movie,Romantic Movies
s7796,TV Show,Kids' TV
s7796,TV Show,TV Comedies
s7797,Movie,Dramas
s7797,Movie,Independent Movies
s7797,Movie,LGBTQ Movies
s7798,Movie,Comedies
s7798,Movie,Romantic Movies
s7799,TV Show,Crime TV Shows
s7799,TV Show,Docuseries
s7800,Movie,Documentaries
s7801,TV Show,International TV Shows
s7801,TV Show,Spanish-Language TV Shows
s7801,TV Show,TV Comedies
s7802,Movie,Action & Adventure
s7802,Movie,Dramas
s7802,Movie,International Movies
s7803,Movie,Classic Movies
s7803,Movie,Cult Movies
s7803,Movie,Dramas
s7804,Movie,Dramas
s7804,Movie,International Movies
s7805,Movie,Action & Adventure
s7806,Movie,Comedies
s7806,Movie,Dramas
s7806,Movie,International Movies
s7807,TV Show,International TV Shows
s7807,TV Show,Romantic TV Shows
s7807,TV Show,TV Dramas
s7808,Movie,Documentaries
s7808,Movie,Sports Movies
s7809,TV Show,International TV Shows
s7809,TV Show,Romantic TV Shows
s7809,TV Show,Spanish-Language TV Shows
s7810,Movie,Action & Adventure
s7811,TV Show,International TV Shows
s7811,TV Show,Romantic TV Shows
s7811,TV Show,TV Comedies
s7812,Movie,Dramas
s7813,TV Show,International TV Shows
s7813,TV Show,Stand-Up Comedy & Talk Shows
s7813,TV Show,TV Comedies
s7814,TV Show,Stand-Up Comedy & Talk Shows
s7814,TV Show,TV Comedies
s7815,Movie,Children & Family Movies
s7815,Movie,Comedies
s7816,TV Show,International TV Shows
s7816,TV Show,Romantic TV Shows
s7816,TV Show,TV Dramas
s7817,Movie,Children & Family Movies
s7818,Movie,Dramas
s7818,Movie,Independent Movies
s7819,Movie,Documentaries
s7819,Movie,International Movies
s7819,Movie,Sports Movies
s7820,Movie,Dramas
s7820,Movie,International Movies
s7821,Movie,Classic Movies
s7821,Movie,Dramas
s7821,Movie,Sports Movies
s7822,Movie,Dramas
s7822,Movie,International Movies
s7823,Movie,Documentaries
s7824,Movie,Action & Adventure
s7824,Movie,Comedies
s7824,Movie,International Movies
s7825,Movie,Dramas
s7825,Movie,International Movies
s7825,Movie,Romantic Movies
s7826,Movie,Comedies
s7826,Movie,Dramas
s7826,Movie,Independent Movies
s7827,Movie,Children & Family Movies
s7827,Movie,Comedies
s7828,Movie,Classic Movies
s7828,Movie,Dramas
s7828,Movie,International Movies
s7829,TV Show,International TV Shows
s7829,TV Show,TV Dramas
s7830,Movie,Dramas
s7830,Movie,International Movies
s7831,Movie,Comedies
s7831,Movie,Dramas
s7831,Movie,International Movies
s7832,Movie,Action & Adventure
s7832,Movie,Horror Movies
s7832,Movie,International Movies
s7833,Movie,Horror Movies
s7833,Movie,International Movies
s7833,Movie,Thrillers
s7834,Movie,Dramas
s7834,Movie,International Movies
s7834,Movie,Music & Musicals
s7835,Movie,Documentaries
s7836,TV Show,International TV Shows
s7836,TV Show,Romantic TV Shows
s7836,TV Show,TV Dramas
s7837,Movie,Dramas
s7837,Movie,International Movies
s7838,Movie,Comedies
s7838,Movie,International Movies
s7838,Movie,Romantic Movies
s7839,TV Show,International TV Shows
s7839,TV Show,Romantic TV Shows
s7839,TV Show,TV Dramas
s7840,Movie,Classic Movies
s7840,Movie,Dramas
s7841,TV Show,International TV Shows
s7841,TV Show,Romantic TV Shows
s7841,TV Show,Spanish-Language TV Shows
s7842,Movie,Dramas
s7843,TV Show,Crime TV Shows
s7843,TV Show,TV Dramas
s7843,TV Show,TV Mysteries
s7844,Movie,Horror Movies
s7845,Movie,Action & Adventure
s7845,Movie,Cult Movies
s7846,Movie,Dramas
s7846,Movie,International Movies
s7847,Movie,Documentaries
s7847,Movie,International Movies
s7848,TV Show,TV Action & Adventure
s7848,TV Show,TV Comedies
s7848,TV Show,TV Sci-Fi & Fantasy
s7849,Movie,Documentaries
s7850,Movie,Action & Adventure
s7850,Movie,Dramas
s7850,Movie,International Movies
s7851,TV Show,British TV Shows
s7851,TV Show,Docuseries
s7851,TV Show,International TV Shows
s7852,Movie,Documentaries
s7852,Movie,Music & Musicals
s7853,Movie,Action & Adventure
s7853,Movie,Comedies
s7853,Movie,International Movies
s7854,Movie,Action & Adventure
s7854,Movie,Dramas
s7855,Movie,Dramas
s7855,Movie,Romantic Movies
s7856,Movie,Dramas
s7856,Movie,Sci-Fi & Fantasy
s7857,TV Show,Crime TV Shows
s7857,TV Show,TV Comedies
s7857,TV Show,TV Dramas
s7858,Movie,Action & Adventure
s7858,Movie,Horror Movies
s7858,Movie,Sci-Fi & Fantasy
s7859,Movie,Documentaries
s7859,Movie,Music & Musicals
s7860,Movie,Documentaries
s7861,Movie,Action & Adventure
s7861,Movie,Comedies
s7861,Movie,International Movies
s7862,Movie,Dramas
s7862,Movie,International Movies
s7863,TV Show,Crime TV Shows
s7863,TV Show,International TV Shows
s7863,TV Show,TV Dramas
s7864,Movie,Action & Adventure
s7864,Movie,Dramas
s7864,Movie,Independent Movies
s7865,TV Show,British TV Shows
s7865,TV Show,Kids' TV
s7866,Movie,Dramas
s7866,Movie,Romantic Movies
s7867,Movie,Dramas
s7867,Movie,Independent Movies
s7867,Movie,International Movies
s7868,TV Show,International TV Shows
s7868,TV Show,Reality TV
s7868,TV Show,Spanish-Language TV Shows
s7869,Movie,Dramas
s7869,Movie,Thrillers
s7870,Movie,Dramas
s7870,Movie,International Movies
s7871,TV Show,British TV Shows
s7871,TV Show,Crime TV Shows
s7871,TV Show,TV Dramas
s7872,Movie,Horror Movies
s7872,Movie,International Movies
s7873,TV Show,International TV Shows
s7873,TV Show,Romantic TV Shows
s7873,TV Show,TV Comedies
s7874,Movie,Dramas
s7874,Movie,Independent Movies
s7874,Movie,International Movies
s7875,Movie,Dramas
s7875,Movie,Independent Movies
s7875,Movie,International Movies
s7876,Movie,Dramas
s7876,Movie,International Movies
s7877,Movie,Documentaries
s7877,Movie,International Movies
s7878,Movie,Action & Adventure
s7878,Movie,Independent Movies
s7878,Movie,International Movies
s7879,TV Show,Anime Series
s7880,Movie,Action & Adventure
s7880,Movie,Classic Movies
s7880,Movie,Dramas
s7881,Movie,Dramas
s7881,Movie,Sports Movies
s7882,Movie,Dramas
s7882,Movie,Sports Movies
s7883,Movie,Dramas
s7883,Movie,Sports Movies
s7884,Movie,Dramas
s7884,Movie,Sports Movies
s7885,Movie,Action & Adventure
s7885,Movie,Sci-Fi & Fantasy
s7886,Movie,Dramas
s7886,Movie,International Movies
s7887,Movie,Documentaries
s7888,Movie,Documentaries
s7889,Movie,Action & Adventure
s7889,Movie,Comedies
s7889,Movie,Music & Musicals
s7890,Movie,Dramas
s7890,Movie,Independent Movies
s7891,Movie,Comedies
s7891,Movie,Independent Movies
s7892,Movie,Children & Family Movies
s7892,Movie,Independent Movies
s7893,TV Show,International TV Shows
s7893,TV Show,Romantic TV Shows
s7893,TV Show,Teen TV Shows
s7894,Movie,Documentaries
s7894,Movie,International Movies
s7894,Movie,Music & Musicals
s7895,Movie,Classic Movies
s7895,Movie,Horror Movies
s7895,Movie,Thrillers
s7896,Movie,Dramas
s7897,TV Show,TV Comedies
s7897,TV Show,TV Dramas
s7898,TV Show,International TV Shows
s7898,TV Show,Romantic TV Shows
s7898,TV Show,Spanish-Language TV Shows
s7899,Movie,Dramas
s7899,Movie,Independent Movies
s7899,Movie,International Movies
s7900,Movie,Action & Adventure
s7900,Movie,Independent Movies
s7901,Movie,Action & Adventure
s7901,Movie,Comedies
s7901,Movie,International Movies
s7902,Movie,Comedies
s7902,Movie,Romantic Movies
s7903,Movie,Action & Adventure
s7903,Movie,International Movies
s7903,Movie,Music & Musicals
s7904,Movie,Comedies
s7904,Movie,Romantic Movies
s7905,Movie,Dramas
s7905,Movie,Romantic Movies
s7906,Movie,Thrillers
s7907,TV Show,Anime Series
s7907,TV Show,International TV Shows
s7908,Movie,Children & Family Movies
s7908,Movie,Comedies
s7908,Movie,Sports Movies
s7909,TV Show,Docuseries
s7909,TV Show,Stand-Up Comedy & Talk Shows
s7910,Movie,Stand-Up Comedy
s7911,Movie,Dramas
s7911,Movie,International Movies
s7912,Movie,Documentaries
s7912,Movie,International Movies
s7913,Movie,Action & Adventure
s7914,Movie,Dramas
s7914,Movie,Independent Movies
s7914,Movie,International Movies
s7915,Movie,Documentaries
s7915,Movie,International Movies
s7916,Movie,Dramas
s7916,Movie,International Movies
s7916,Movie,Romantic Movies
s7917,Movie,Comedies
s7917,Movie,Sci-Fi & Fantasy
s7918,Movie,Dramas
s7918,Movie,International Movies
s7918,Movie,Romantic Movies
s7919,TV Show,International TV Shows
s7919,TV Show,Romantic TV Shows
s7919,TV Show,TV Dramas
s7920,Movie,Documentaries
s7920,Movie,International Movies
s7921,Movie,Comedies
s7921,Movie,Independent Movies
s7921,Movie,Romantic Movies
s7922,Movie,Dramas
s7922,Movie,International Movies
s7923,Movie,Dramas
s7923,Movie,International Movies
s7923,Movie,Romantic Movies
s7924,Movie,Dramas
s7924,Movie,International Movies
s7924,Movie,Music & Musicals
s7925,Movie,Dramas
s7925,Movie,International Movies
s7926,Movie,Dramas
s7926,Movie,International Movies
s7927,Movie,Dramas
s7927,Movie,International Movies
s7928,Movie,Comedies
s7928,Movie,International Movies
s7929,Movie,Action & Adventure
s7929,Movie,Dramas
s7929,Movie,Faith & Spirituality
s7930,Movie,Children & Family Movies
s7931,Movie,Classic Movies
s7931,Movie,Documentaries
s7932,Movie,Comedies
s7932,Movie,Dramas
s7932,Movie,International Movies
s7933,Movie,Classic Movies
s7933,Movie,Dramas
s7933,Movie,International Movies
s7934,Movie,Children & Family Movies
s7934,Movie,Comedies
s7935,Movie,Children & Family Movies
s7936,Movie,Dramas
s7936,Movie,International Movies
s7937,Movie,Comedies
s7937,Movie,International Movies
s7937,Movie,Music & Musicals
s7938,Movie,Action & Adventure
s7938,Movie,Comedies
s7938,Movie,International Movies
s7939,Movie,Dramas
s7939,Movie,International Movies
s7940,Movie,Dramas
s7940,Movie,International Movies
s7941,Movie,Dramas
s7941,Movie,Faith & Spirituality
s7941,Movie,International Movies
s7942,Movie,Documentaries
s7942,Movie,Music & Musicals
s7943,TV Show,Docuseries
s7943,TV Show,International TV Shows
s7944,Movie,Dramas
s7944,Movie,International Movies
s7944,Movie,Music & Musicals
s7945,Movie,Comedies
s7945,Movie,Cult Movies
s7945,Movie,Dramas
s7946,Movie,Dramas
s7946,Movie,LGBTQ Movies
s7947,Movie,Action & Adventure
s7947,Movie,Independent Movies
s7948,Movie,Comedies
s7948,Movie,International Movies
s7948,Movie,Romantic Movies
s7949,TV Show,Reality TV
s7950,Movie,Comedies
s7950,Movie,Dramas
s7951,Movie,Dramas
s7952,Movie,Comedies
s7952,Movie,Dramas
s7952,Movie,Independent Movies
s7953,Movie,Children & Family Movies
s7954,TV Show,Crime TV Shows
s7954,TV Show,TV Dramas
s7955,Movie,Classic Movies
s7955,Movie,Comedies
s7955,Movie,Independent Movies
s7956,Movie,Comedies
s7956,Movie,Horror Movies
s7957,Movie,Comedies
s7957,Movie,Horror Movies
s7958,Movie,Classic Movies
s7958,Movie,Dramas
s7959,Movie,Comedies
s7959,Movie,Dramas
s7960,Movie,Children & Family Movies
s7961,Movie,Action & Adventure
s7961,Movie,Comedies
s7961,Movie,Cult Movies
s7962,Movie,Horror Movies
s7963,Movie,Horror Movies
s7964,Movie,Action & Adventure
s7965,Movie,Children & Family Movies
s7965,Movie,Classic Movies
s7965,Movie,Dramas
s7966,Movie,Documentaries
s7966,Movie,International Movies
s7966,Movie,Music & Musicals
s7967,Movie,Action & Adventure
s7967,Movie,Sci-Fi & Fantasy
s7968,Movie,Dramas
s7968,Movie,International Movies
s7968,Movie,Music & Musicals
s7969,TV Show,International TV Shows
s7969,TV Show,Korean TV Shows
s7969,TV Show,Romantic TV Shows
s7970,Movie,Dramas
s7970,Movie,Thrillers
s7971,Movie,Documentaries
s7971,Movie,International Movies
s7972,Movie,Documentaries
s7972,Movie,International Movies
s7973,Movie,Documentaries
s7973,Movie,International Movies
s7974,Movie,Documentaries
s7974,Movie,International Movies
s7975,Movie,Documentaries
s7975,Movie,International Movies
s7976,Movie,Documentaries
s7977,Movie,Documentaries
s7978,Movie,Documentaries
s7979,Movie,Documentaries
s7979,Movie,International Movies
s7980,Movie,Documentaries
s7980,Movie,International Movies
s7981,Movie,Comedies
s7981,Movie,International Movies
s7982,Movie,Documentaries
s7982,Movie,International Movies
s7982,Movie,Sports Movies
s7983,TV Show,TV Comedies
s7984,Movie,Dramas
s7984,Movie,Independent Movies
s7984,Movie,International Movies
s7985,TV Show,International TV Shows
s7985,TV Show,TV Comedies
s7986,Movie,Action & Adventure
s7987,Movie,Comedies
s7987,Movie,Dramas
s7987,Movie,Romantic Movies
s7988,Movie,Comedies
s7988,Movie,Dramas
s7988,Movie,Romantic Movies
s7989,Movie,Dramas
s7989,Movie,International Movies
s7989,Movie,Romantic Movies
s7990,Movie,Comedies
s7990,Movie,Dramas
s7990,Movie,International Movies
s7991,Movie,Dramas
s7992,TV Show,Crime TV Shows
s7992,TV Show,Docuseries
s7992,TV Show,International TV Shows
s7993,Movie,Comedies
s7993,Movie,International Movies
s7994,TV Show,TV Dramas
s7995,Movie,Dramas
s7995,Movie,International Movies
s7995,Movie,Thrillers
s7996,Movie,Dramas
s7996,Movie,Independent Movies
s7996,Movie,International Movies
s7997,Movie,Comedies
s7997,Movie,International Movies
s7997,Movie,Music & Musicals
s7998,Movie,Dramas
s7998,Movie,International Movies
s7999,Movie,Horror Movies
s8000,Movie,Dramas
s8000,Movie,International Movies
s8001,Movie,Documentaries
s8002,Movie,Horror Movies
s8002,Movie,Thrillers
s8003,TV Show,British TV Shows
s8003,TV Show,Crime TV Shows
s8003,TV Show,International TV Shows
s8004,Movie,Action & Adventure
s8004,Movie,Comedies
s8005,Movie,Action & Adventure
s8005,Movie,Dramas
s8005,Movie,International Movies
s8006,Movie,Movies
s8007,Movie,Movies
s8008,Movie,Movies
s8009,Movie,Dramas
s8009,Movie,International Movies
s8010,Movie,Dramas
s8010,Movie,Independent Movies
s8011,Movie,Children & Family Movies
s8011,Movie,Comedies
s8012,Movie,Documentaries
s8012,Movie,Music & Musicals
s8013,Movie,Dramas
s8013,Movie,International Movies
s8013,Movie,Thrillers
s8014,Movie,Horror Movies
s8014,Movie,International Movies
s8015,Movie,Dramas
s8015,Movie,International Movies
s8015,Movie,Thrillers
s8016,TV Show,Kids' TV
s8017,Movie,Dramas
s8017,Movie,Independent Movies
s8017,Movie,International Movies
s8018,Movie,Action & Adventure
s8018,Movie,Independent Movies
s8019,Movie,Horror Movies
s8020,Movie,Documentaries
s8021,TV Show,Crime TV Shows
s8021,TV Show,International TV Shows
s8021,TV Show,TV Action & Adventure
s8022,TV Show,International TV Shows
s8022,TV Show,Spanish-Language TV Shows
s8022,TV Show,TV Dramas
s8023,TV Show,International TV Shows
s8023,TV Show,Spanish-Language TV Shows
s8023,TV Show,TV Dramas
s8024,Movie,Action & Adventure
s8024,Movie,Dramas
s8024,Movie,International Movies
s8025,Movie,Comedies
s8025,Movie,International Movies
s8025,Movie,Romantic Movies
s8026,Movie,Action & Adventure
s8026,Movie,Dramas
s8026,Movie,Sci-Fi & Fantasy
s8027,Movie,Horror Movies
s8027,Movie,International Movies
s8028,Movie,Horror Movies
s8029,Movie,Comedies
s8029,Movie,Dramas
s8029,Movie,Romantic Movies
s8030,Movie,Action & Adventure
s8031,TV Show,Reality TV
s8032,TV Show,Reality TV
s8033,Movie,Action & Adventure
s8033,Movie,Comedies
s8034,Movie,Action & Adventure
s8034,Movie,International Movies
s8035,Movie,Documentaries
s8035,Movie,Sports Movies
s8036,Movie,Action & Adventure
s8036,Movie,Sci-Fi & Fantasy
s8037,Movie,Comedies
s8037,Movie,Dramas
s8037,Movie,Independent Movies
s8038,Movie,Comedies
s8038,Movie,Romantic Movies
s8039,Movie,Dramas
s8039,Movie,Independent Movies
s8040,Movie,Thrillers
s8041,TV Show,Reality TV
s8042,Movie,Action & Adventure
s8042,Movie,Dramas
s8042,Movie,International Movies
s8043,Movie,Action & Adventure
s8043,Movie,Comedies
s8043,Movie,Sci-Fi & Fantasy
s8044,Movie,Comedies
s8044,Movie,Dramas
s8044,Movie,Independent Movies
s8045,Movie,Documentaries
s8045,Movie,Sports Movies
s8046,Movie,Comedies
s8047,Movie,Action & Adventure
s8047,Movie,Dramas
s8048,Movie,Comedies
s8048,Movie,International Movies
s8048,Movie,Romantic Movies
s8049,Movie,Documentaries
s8050,Movie,Dramas
s8050,Movie,International Movies
s8051,Movie,Comedies
s8051,Movie,Independent Movies
s8051,Movie,International Movies
s8052,Movie,Action & Adventure
s8052,Movie,Children & Family Movies
s8052,Movie,Sci-Fi & Fantasy
s8053,Movie,Action & Adventure
s8053,Movie,Children & Family Movies
s8053,Movie,Sci-Fi & Fantasy
s8054,Movie,Action & Adventure
s8054,Movie,International Movies
s8054,Movie,Sci-Fi & Fantasy
s8055,Movie,Dramas
s8055,Movie,Romantic Movies
s8056,Movie,Comedies
s8056,Movie,Romantic Movies
s8057,Movie,Action & Adventure
s8057,Movie,Dramas
s8057,Movie,Independent Movies
s8058,Movie,Documentaries
s8058,Movie,Sports Movies
s8059,TV Show,International TV Shows
s8059,TV Show,Romantic TV Shows
s8059,TV Show,TV Dramas
s8060,Movie,Dramas
s8060,Movie,Faith & Spirituality
s8060,Movie,Sports Movies
s8061,Movie,Horror Movies
s8061,Movie,Independent Movies
s8062,Movie,Documentaries
s8063,TV Show,Kids' TV
s8064,Movie,Dramas
s8064,Movie,Music & Musicals
s8065,TV Show,TV Action & Adventure
s8065,TV Show,TV Dramas
s8066,Movie,Comedies
s8066,Movie,Dramas
s8066,Movie,Independent Movies
s8067,Movie,Documentaries
s8067,Movie,Sports Movies
s8068,Movie,Action & Adventure
s8068,Movie,Sci-Fi & Fantasy
s8069,Movie,Action & Adventure
s8069,Movie,Comedies
s8070,Movie,Documentaries
s8071,TV Show,Kids' TV
s8072,Movie,Dramas
s8072,Movie,Independent Movies
s8073,Movie,Comedies
s8073,Movie,Cult Movies
s8073,Movie,Dramas
s8074,Movie,Dramas
s8074,Movie,International Movies
s8074,Movie,Sports Movies
s8075,Movie,Children & Family Movies
s8075,Movie,Comedies
s8076,Movie,Children & Family Movies
s8076,Movie,Comedies
s8077,Movie,Children & Family Movies
s8077,Movie,Comedies
s8078,Movie,Action & Adventure
s8078,Movie,Comedies
s8078,Movie,International Movies
s8079,Movie,Horror Movies
s8079,Movie,Independent Movies
s8080,Movie,Thrillers
s8081,Movie,Action & Adventure
s8082,Movie,Documentaries
s8083,Movie,Action & Adventure
s8083,Movie,Children & Family Movies
s8083,Movie,Sci-Fi & Fantasy
s8084,TV Show,Romantic TV Shows
s8084,TV Show,TV Dramas
s8084,TV Show,TV Sci-Fi & Fantasy
s8085,Movie,Dramas
s8085,Movie,Independent Movies
s8085,Movie,International Movies
s8086,TV Show,International TV Shows
s8086,TV Show,TV Comedies
s8086,TV Show,TV Dramas
s8087,Movie,Documentaries
s8087,Movie,International Movies
s8088,Movie,Comedies
s8089,Movie,Comedies
s8089,Movie,International Movies
s8090,Movie,Horror Movies
s8091,Movie,Dramas
s8091,Movie,International Movies
s8092,Movie,Horror Movies
s8092,Movie,International Movies
s8093,Movie,Documentaries
s8094,TV Show,Kids' TV
s8095,TV Show,Kids' TV
s8095,TV Show,Korean TV Shows
s8096,Movie,Horror Movies
s8096,Movie,Thrillers
s8097,Movie,Documentaries
s8097,Movie,International Movies
s8097,Movie,Sports Movies
s8098,TV Show,International TV Shows
s8098,TV Show,Reality TV
s8099,Movie,Comedies
s8099,Movie,International Movies
s8099,Movie,Romantic Movies
s8100,Movie,Comedies
s8100,Movie,Independent Movies
s8100,Movie,LGBTQ Movies
s8101,Movie,Dramas
s8101,Movie,Thrillers
s8102,Movie,Comedies
s8102,Movie,Romantic Movies
s8103,TV Show,Kids' TV
s8104,Movie,Classic Movies
s8104,Movie,Comedies
s8104,Movie,Romantic Movies
s8105,Movie,Documentaries
s8105,Movie,International Movies
s8105,Movie,LGBTQ Movies
s8106,Movie,Classic Movies
s8106,Movie,Comedies
s8106,Movie,Cult Movies
s8107,Movie,Comedies
s8107,Movie,Dramas
s8108,TV Show,Crime TV Shows
s8108,TV Show,International TV Shows
s8108,TV Show,Korean TV Shows
s8109,Movie,Action & Adventure
s8109,Movie,Dramas
s8109,Movie,International Movies
s8110,TV Show,Docuseries
s8110,TV Show,International TV Shows
s8111,Movie,Children & Family Movies
s8111,Movie,Comedies
s8112,Movie,Action & Adventure
s8112,Movie,Dramas
s8113,Movie,Dramas
s8113,Movie,International Movies
s8113,Movie,Thrillers
s8114,Movie,Comedies
s8114,Movie,International Movies
s8114,Movie,Music & Musicals
s8115,Movie,Comedies
s8115,Movie,Dramas
s8115,Movie,International Movies
s8116,Movie,International Movies
s8116,Movie,Thrillers
s8117,Movie,Dramas
s8117,Movie,International Movies
s8117,Movie,Romantic Movies
s8118,TV Show,International TV Shows
s8118,TV Show,Korean TV Shows
s8118,TV Show,TV Comedies
s8119,Movie,Comedies
s8119,Movie,Dramas
s8119,Movie,Romantic Movies
s8120,Movie,Dramas
s8120,Movie,International Movies
s8120,Movie,Sports Movies
s8121,Movie,Dramas
s8121,Movie,Independent Movies
s8121,Movie,International Movies
s8122,TV Show,Kids' TV
s8123,Movie,Children & Family Movies
s8124,Movie,Dramas
s8124,Movie,Independent Movies
s8124,Movie,Thrillers
s8125,Movie,Comedies
s8125,Movie,Dramas
s8125,Movie,International Movies
s8126,TV Show,Kids' TV
s8126,TV Show,Korean TV Shows
s8127,Movie,Comedies
s8127,Movie,Cult Movies
s8128,Movie,Action & Adventure
s8128,Movie,Classic Movies
s8128,Movie,Dramas
s8129,Movie,Action & Adventure
s8129,Movie,Sci-Fi & Fantasy
s8130,TV Show,British TV Shows
s8130,TV Show,Docuseries
s8130,TV Show,Science & Nature TV
s8131,Movie,Comedies
s8132,Movie,Dramas
s8132,Movie,International Movies
s8132,Movie,Romantic Movies
s8133,TV Show,Crime TV Shows
s8133,TV Show,Docuseries
s8134,Movie,Documentaries
s8135,Movie,Documentaries
s8135,Movie,LGBTQ Movies
s8136,Movie,Documentaries
s8137,Movie,Dramas
s8137,Movie,Independent Movies
s8137,Movie,International Movies
s8138,TV Show,International TV Shows
s8138,TV Show,TV Dramas
s8139,Movie,Dramas
s8139,Movie,Horror Movies
s8139,Movie,Music & Musicals
s8140,Movie,Dramas
s8140,Movie,Independent Movies
s8140,Movie,Thrillers
s8141,Movie,Comedies
s8141,Movie,Dramas
s8141,Movie,Independent Movies
s8142,Movie,Action & Adventure
s8142,Movie,Dramas
s8142,Movie,International Movies
s8143,Movie,Action & Adventure
s8143,Movie,International Movies
s8144,TV Show,Kids' TV
s8145,Movie,Dramas
s8145,Movie,International Movies
s8145,Movie,Music & Musicals
s8146,Movie,Dramas
s8146,Movie,International Movies
s8147,Movie,Comedies
s8147,Movie,Romantic Movies
s8148,TV Show,Crime TV Shows
s8148,TV Show,TV Action & Adventure
s8148,TV Show,TV Thrillers
s8149,TV Show,TV Dramas
s8150,Movie,Action & Adventure
s8150,Movie,International Movies
s8150,Movie,Romantic Movies
s8151,Movie,International Movies
s8151,Movie,Thrillers
s8152,Movie,Children & Family Movies
s8153,Movie,Children & Family Movies
s8154,Movie,Comedies
s8154,Movie,International Movies
s8155,Movie,Children & Family Movies
s8156,Movie,Documentaries
s8157,Movie,Dramas
s8157,Movie,International Movies
s8157,Movie,Thrillers
s8158,Movie,Dramas
s8158,Movie,Independent Movies
s8158,Movie,LGBTQ Movies
s8159,Movie,Children & Family Movies
s8159,Movie,Comedies
s8160,Movie,Children & Family Movies
s8160,Movie,Comedies
s8161,Movie,Action & Adventure
s8161,Movie,Comedies
s8162,Movie,Comedies
s8162,Movie,International Movies
s8162,Movie,Music & Musicals
s8163,Movie,Children & Family Movies
s8164,Movie,Dramas
s8164,Movie,International Movies
s8165,Movie,Dramas
s8165,Movie,Independent Movies
s8165,Movie,International Movies
s8166,TV Show,International TV Shows
s8166,TV Show,Romantic TV Shows
s8166,TV Show,Spanish-Language TV Shows
s8167,Movie,Action & Adventure
s8167,Movie,Sci-Fi & Fantasy
s8168,Movie,Action & Adventure
s8168,Movie,Sci-Fi & Fantasy
s8169,Movie,Documentaries
s8169,Movie,International Movies
s8170,Movie,Horror Movies
s8170,Movie,Independent Movies
s8170,Movie,Thrillers
s8171,Movie,Comedies
s8171,Movie,International Movies
s8171,Movie,Romantic Movies
s8172,Movie,Action & Adventure
s8172,Movie,International Movies
s8172,Movie,Music & Musicals
s8173,TV Show,Kids' TV
s8173,TV Show,TV Comedies
s8174,TV Show,TV Shows
s8175,TV Show,TV Comedies
s8176,TV Show,Docuseries
s8177,Movie,Documentaries
s8177,Movie,Sports Movies
s8178,Movie,Action & Adventure
s8178,Movie,Dramas
s8178,Movie,International Movies
s8179,Movie,Documentaries
s8179,Movie,International Movies
s8180,Movie,Dramas
s8180,Movie,Thrillers
s8181,TV Show,International TV Shows
s8181,TV Show,TV Dramas
s8182,Movie,Children & Family Movies
s8183,TV Show,Kids' TV
s8183,TV Show,TV Comedies
s8184,Movie,Children & Family Movies
s8185,Movie,Children & Family Movies
s8186,Movie,Dramas
s8186,Movie,International Movies
s8186,Movie,Sci-Fi & Fantasy
s8187,Movie,Action & Adventure
s8187,Movie,Dramas
s8187,Movie,International Movies
s8188,Movie,Comedies
s8188,Movie,Dramas
s8188,Movie,Romantic Movies
s8189,Movie,Horror Movies
s8190,TV Show,Classic & Cult TV
s8190,TV Show,TV Comedies
s8191,Movie,Children & Family Movies
s8191,Movie,Comedies
s8192,Movie,Documentaries
s8193,Movie,Comedies
s8193,Movie,Dramas
s8193,Movie,International Movies
s8194,TV Show,International TV Shows
s8194,TV Show,Reality TV
s8195,Movie,Comedies
s8195,Movie,Dramas
s8195,Movie,International Movies
s8196,Movie,Action & Adventure
s8196,Movie,Comedies
s8196,Movie,Independent Movies
s8197,Movie,Action & Adventure
s8198,Movie,Action & Adventure
s8199,Movie,Horror Movies
s8199,Movie,Independent Movies
s8199,Movie,Thrillers
s8200,TV Show,Reality TV
s8200,TV Show,Romantic TV Shows
s8201,Movie,Dramas
s8202,Movie,Comedies
s8203,Movie,Documentaries
s8204,Movie,Action & Adventure
s8204,Movie,International Movies
s8205,Movie,Horror Movies
s8205,Movie,Thrillers
s8206,Movie,Classic Movies
s8206,Movie,Documentaries
s8207,TV Show,International TV Shows
s8207,TV Show,TV Dramas
s8208,TV Show,Docuseries
s8208,TV Show,International TV Shows
s8208,TV Show,Science & Nature TV
s8209,TV Show,British TV Shows
s8209,TV Show,Docuseries
s8209,TV Show,Science & Nature TV
s8210,TV Show,British TV Shows
s8210,TV Show,Reality TV
s8211,Movie,Documentaries
s8212,Movie,Horror Movies
s8213,Movie,Horror Movies
s8213,Movie,Independent Movies
s8213,Movie,Thrillers
s8214,Movie,Dramas
s8214,Movie,Sports Movies
s8215,TV Show,British TV Shows
s8215,TV Show,Docuseries
s8215,TV Show,International TV Shows
s8216,Movie,Documentaries
s8217,TV Show,British TV Shows
s8217,TV Show,Docuseries
s8218,Movie,Action & Adventure
s8218,Movie,Sci-Fi & Fantasy
s8219,Movie,Dramas
s8219,Movie,International Movies
s8219,Movie,Romantic Movies
s8220,Movie,Action & Adventure
s8220,Movie,Comedies
s8220,Movie,Romantic Movies
s8221,Movie,Sci-Fi & Fantasy
s8221,Movie,Thrillers
s8222,Movie,Horror Movies
s8222,Movie,Independent Movies
s8222,Movie,Thrillers
s8223,Movie,Dramas
s8223,Movie,Independent Movies
s8223,Movie,International Movies
s8224,Movie,Dramas
s8224,Movie,Thrillers
s8225,Movie,Dramas
s8225,Movie,Independent Movies
s8225,Movie,Sports Movies
s8226,Movie,Children & Family Movies
s8226,Movie,Dramas
s8226,Movie,International Movies
s8227,Movie,Comedies
s8227,Movie,Dramas
s8227,Movie,Romantic Movies
s8228,Movie,Dramas
s8228,Movie,International Movies
s8228,Movie,Romantic Movies
s8229,Movie,Action & Adventure
s8229,Movie,Sci-Fi & Fantasy
s8230,Movie,Comedies
s8230,Movie,Dramas
s8231,Movie,Comedies
s8231,Movie,International Movies
s8232,Movie,Action & Adventure
s8232,Movie,Dramas
s8232,Movie,International Movies
s8233,Movie,Horror Movies
s8233,Movie,Thrillers
s8234,Movie,Independent Movies
s8234,Movie,Thrillers
s8235,Movie,Dramas
s8235,Movie,Independent Movies
s8235,Movie,International Movies
s8236,TV Show,International TV Shows
s8236,TV Show,Reality TV
s8237,Movie,Dramas
s8237,Movie,Thrillers
s8238,Movie,Cult Movies
s8238,Movie,Horror Movies
s8239,Movie,Documentaries
s8239,Movie,Sports Movies
s8240,Movie,Dramas
s8240,Movie,Faith & Spirituality
s8241,Movie,Action & Adventure
s8241,Movie,Dramas
s8241,Movie,International Movies
s8242,Movie,Dramas
s8242,Movie,International Movies
s8242,Movie,Thrillers
s8243,Movie,Horror Movies
s8243,Movie,Thrillers
s8244,TV Show,International TV Shows
s8244,TV Show,Reality TV
s8245,Movie,Dramas
s8245,Movie,International Movies
s8245,Movie,Music & Musicals
s8246,Movie,Dramas
s8246,Movie,International Movies
s8246,Movie,Thrillers
s8247,Movie,Dramas
s8247,Movie,Independent Movies
s8247,Movie,International Movies
s8248,Movie,Dramas
s8248,Movie,Faith & Spirituality
s8249,Movie,Children & Family Movies
s8249,Movie,Comedies
s8250,Movie,Classic Movies
s8250,Movie,Dramas
s8251,TV Show,British TV Shows
s8251,TV Show,Docuseries
s8251,TV Show,International TV Shows
s8252,Movie,Dramas
s8252,Movie,Independent Movies
s8253,Movie,Comedies
s8253,Movie,Romantic Movies
s8254,Movie,Comedies
s8254,Movie,Dramas
s8254,Movie,Independent Movies
s8255,Movie,Dramas
s8255,Movie,International Movies
s8255,Movie,Sci-Fi & Fantasy
s8256,Movie,Comedies
s8256,Movie,International Movies
s8256,Movie,Thrillers
s8257,Movie,Horror Movies
s8257,Movie,Thrillers
s8258,TV Show,International TV Shows
s8258,TV Show,Korean TV Shows
s8258,TV Show,TV Comedies
s8259,Movie,Children & Family Movies
s8259,Movie,Comedies
s8260,Movie,Action & Adventure
s8260,Movie,Cult Movies
s8260,Movie,Sci-Fi & Fantasy
s8261,Movie,Comedies
s8261,Movie,Cult Movies
s8261,Movie,International Movies
s8262,Movie,Classic Movies
s8262,Movie,Independent Movies
s8262,Movie,Thrillers
s8263,TV Show,Docuseries
s8263,TV Show,Science & Nature TV
s8264,Movie,Comedies
s8265,Movie,Dramas
s8265,Movie,International Movies
s8266,Movie,Dramas
s8266,Movie,International Movies
s8266,Movie,Romantic Movies
s8267,Movie,Children & Family Movies
s8268,Movie,Dramas
s8268,Movie,International Movies
s8269,Movie,Action & Adventure
s8269,Movie,Independent Movies
s8269,Movie,International Movies
s8270,Movie,Dramas
s8271,Movie,Documentaries
s8271,Movie,Sports Movies
s8272,TV Show,Kids' TV
s8272,TV Show,TV Comedies
s8273,Movie,Dramas
s8273,Movie,Thrillers
s8274,Movie,Dramas
s8274,Movie,International Movies
s8275,Movie,Horror Movies
s8275,Movie,Thrillers
s8276,Movie,Documentaries
s8276,Movie,Horror Movies
s8277,Movie,Horror Movies
s8277,Movie,Thrillers
s8278,TV Show,Anime Series
s8279,Movie,Documentaries
s8280,Movie,Horror Movies
s8280,Movie,Sci-Fi & Fantasy
s8280,Movie,Thrillers
s8281,Movie,Dramas
s8281,Movie,International Movies
s8282,Movie,Thrillers
s8283,TV Show,International TV Shows
s8283,TV Show,TV Comedies
s8284,Movie,Dramas
s8285,Movie,Action & Adventure
s8285,Movie,Comedies
s8286,Movie,Action & Adventure
s8286,Movie,Comedies
s8287,Movie,Dramas
s8287,Movie,International Movies
s8288,TV Show,Docuseries
s8289,Movie,Dramas
s8289,Movie,Independent Movies
s8290,Movie,Independent Movies
s8290,Movie,Sci-Fi & Fantasy
s8290,Movie,Thrillers
s8291,Movie,Classic Movies
s8291,Movie,Cult Movies
s8291,Movie,Horror Movies
s8292,Movie,Dramas
s8292,Movie,Romantic Movies
s8293,Movie,Horror Movies
s8293,Movie,Independent Movies
s8294,TV Show,British TV Shows
s8294,TV Show,Crime TV Shows
s8294,TV Show,TV Dramas
s8295,Movie,Documentaries
s8295,Movie,International Movies
s8296,Movie,Comedies
s8296,Movie,Independent Movies
s8296,Movie,LGBTQ Movies
s8297,Movie,Dramas
s8297,Movie,Sports Movies
s8298,Movie,Horror Movies
s8298,Movie,International Movies
s8298,Movie,Thrillers
s8299,Movie,Horror Movies
s8300,Movie,Dramas
s8300,Movie,Independent Movies
s8301,Movie,Comedies
s8301,Movie,International Movies
s8302,Movie,Comedies
s8303,TV Show,British TV Shows
s8303,TV Show,Crime TV Shows
s8303,TV Show,TV Dramas
s8304,Movie,Action & Adventure
s8304,Movie,Cult Movies
s8304,Movie,International Movies
s8305,Movie,Children & Family Movies
s8305,Movie,Comedies
s8306,Movie,Children & Family Movies
s8306,Movie,Comedies
s8306,Movie,Romantic Movies
s8307,Movie,Action & Adventure
s8307,Movie,Dramas
s8307,Movie,International Movies
s8308,Movie,Action & Adventure
s8308,Movie,Sci-Fi & Fantasy
s8309,Movie,Documentaries
s8310,Movie,Action & Adventure
s8310,Movie,International Movies
s8311,Movie,Horror Movies
s8312,TV Show,TV Dramas
s8313,Movie,Dramas
s8314,Movie,Documentaries
s8314,Movie,Sports Movies
s8315,Movie,Dramas
s8315,Movie,Thrillers
s8316,TV Show,British TV Shows
s8316,TV Show,Kids' TV
s8317,TV Show,Docuseries
s8317,TV Show,International TV Shows
s8317,TV Show,Science & Nature TV
s8318,Movie,Comedies
s8318,Movie,Dramas
s8318,Movie,International Movies
s8319,Movie,Documentaries
s8319,Movie,Sports Movies
s8320,Movie,Dramas
s8320,Movie,Independent Movies
s8320,Movie,Thrillers
s8321,Movie,Dramas
s8321,Movie,Thrillers
s8322,TV Show,Docuseries
s8322,TV Show,International TV Shows
s8323,Movie,Horror Movies
s8323,Movie,Independent Movies
s8323,Movie,International Movies
s8324,Movie,Comedies
s8324,Movie,Dramas
s8324,Movie,Romantic Movies
s8325,Movie,Dramas
s8325,Movie,Independent Movies
s8325,Movie,Thrillers
s8326,Movie,Comedies
s8327,Movie,Dramas
s8327,Movie,Faith & Spirituality
s8328,Movie,Dramas
s8328,Movie,Faith & Spirituality
s8329,Movie,Dramas
s8329,Movie,Faith & Spirituality
s8330,Movie,Dramas
s8330,Movie,Faith & Spirituality
s8331,Movie,Action & Adventure
s8331,Movie,Dramas
s8331,Movie,International Movies
s8332,TV Show,British TV Shows
s8332,TV Show,Reality TV
s8333,Movie,Action & Adventure
s8333,Movie,Classic Movies
s8333,Movie,Cult Movies
s8334,Movie,Action & Adventure
s8334,Movie,Dramas
s8335,TV Show,British TV Shows
s8335,TV Show,Crime TV Shows
s8335,TV Show,International TV Shows
s8336,Movie,Action & Adventure
s8336,Movie,Comedies
s8337,TV Show,TV Comedies
s8338,Movie,Horror Movies
s8339,Movie,Horror Movies
s8339,Movie,Thrillers
s8340,Movie,Children & Family Movies
s8340,Movie,Dramas
s8340,Movie,Faith & Spirituality
s8341,Movie,Documentaries
s8342,Movie,Dramas
s8343,Movie,Horror Movies
s8344,Movie,Dramas
s8344,Movie,International Movies
s8345,Movie,Dramas
s8345,Movie,Independent Movies
s8346,Movie,Action & Adventure
s8347,Movie,Comedies
s8347,Movie,Faith & Spirituality
s8347,Movie,International Movies
s8348,TV Show,International TV Shows
s8348,TV Show,Korean TV Shows
s8348,TV Show,Reality TV
s8349,Movie,Documentaries
s8350,TV Show,International TV Shows
s8350,TV Show,Reality TV
s8351,Movie,Documentaries
s8351,Movie,International Movies
s8351,Movie,Music & Musicals
s8352,Movie,Action & Adventure
s8352,Movie,Sci-Fi & Fantasy
s8353,Movie,Comedies
s8353,Movie,Dramas
s8354,TV Show,British TV Shows
s8354,TV Show,Docuseries
s8354,TV Show,Science & Nature TV
s8355,Movie,Action & Adventure
s8356,Movie,Documentaries
s8356,Movie,Sports Movies
s8357,Movie,Action & Adventure
s8357,Movie,Sci-Fi & Fantasy
s8358,TV Show,British TV Shows
s8358,TV Show,TV Comedies
s8359,Movie,International Movies
s8359,Movie,Sci-Fi & Fantasy
s8359,Movie,Thrillers
s8360,Movie,Children & Family Movies
s8361,Movie,Children & Family Movies
s8361,Movie,Comedies
s8362,Movie,Children & Family Movies
s8362,Movie,Dramas
s8363,Movie,Comedies
s8363,Movie,Dramas
s8364,Movie,Dramas
s8364,Movie,International Movies
s8364,Movie,Thrillers
s8365,Movie,Dramas
s8365,Movie,International Movies
s8366,Movie,Comedies
s8366,Movie,Romantic Movies
s8367,TV Show,British TV Shows
s8367,TV Show,Crime TV Shows
s8367,TV Show,Docuseries
s8368,Movie,Horror Movies
s8368,Movie,Independent Movies
s8368,Movie,Thrillers
s8369,TV Show,Crime TV Shows
s8369,TV Show,Docuseries
s8370,Movie,Dramas
s8370,Movie,International Movies
s8371,Movie,Documentaries
s8371,Movie,International Movies
s8372,TV Show,Docuseries
s8372,TV Show,International TV Shows
s8372,TV Show,Spanish-Language TV Shows
s8373,Movie,Comedies
s8373,Movie,Dramas
s8373,Movie,Romantic Movies
s8374,TV Show,Kids' TV
s8375,Movie,Dramas
s8375,Movie,International Movies
s8376,Movie,Dramas
s8376,Movie,Thrillers
s8377,TV Show,Reality TV
s8378,Movie,Dramas
s8378,Movie,International Movies
s8379,TV Show,Romantic TV Shows
s8379,TV Show,TV Dramas
s8380,TV Show,International TV Shows
s8380,TV Show,Korean TV Shows
s8380,TV Show,TV Dramas
s8381,Movie,Dramas
s8381,Movie,Romantic Movies
s8381,Movie,Sci-Fi & Fantasy
s8382,Movie,Children & Family Movies
s8382,Movie,Faith & Spirituality
s8383,Movie,Documentaries
s8383,Movie,International Movies
s8384,Movie,Classic Movies
s8384,Movie,Dramas
s8385,Movie,Horror Movies
s8385,Movie,Independent Movies
s8385,Movie,Thrillers
s8386,Movie,Dramas
s8387,Movie,Comedies
s8387,Movie,International Movies
s8388,Movie,Documentaries
s8389,Movie,Documentaries
s8390,Movie,Dramas
s8390,Movie,Sports Movies
s8391,Movie,Documentaries
s8392,Movie,Comedies
s8392,Movie,Dramas
s8392,Movie,International Movies
s8393,TV Show,Crime TV Shows
s8393,TV Show,International TV Shows
s8393,TV Show,TV Dramas
s8394,Movie,Comedies
s8394,Movie,Independent Movies
s8395,Movie,Children & Family Movies
s8395,Movie,Dramas
s8396,Movie,Children & Family Movies
s8397,Movie,Dramas
s8397,Movie,International Movies
s8397,Movie,Thrillers
s8398,TV Show,Crime TV Shows
s8398,TV Show,TV Dramas
s8398,TV Show,TV Thrillers
s8399,Movie,Comedies
s8399,Movie,International Movies
s8399,Movie,Romantic Movies
s8400,Movie,Horror Movies
s8400,Movie,International Movies
s8401,Movie,Documentaries
s8401,Movie,Faith & Spirituality
s8402,Movie,Classic Movies
s8402,Movie,Comedies
s8402,Movie,Sports Movies
s8403,Movie,Comedies
s8403,Movie,Dramas
s8403,Movie,Sports Movies
s8404,Movie,Documentaries
s8404,Movie,International Movies
s8405,Movie,Action & Adventure
s8405,Movie,Sci-Fi & Fantasy
s8406,Movie,Action & Adventure
s8406,Movie,Sci-Fi & Fantasy
s8407,Movie,Comedies
s8407,Movie,Sports Movies
s8408,Movie,Documentaries
s8408,Movie,International Movies
s8409,Movie,Dramas
s8409,Movie,International Movies
s8410,Movie,Comedies
s8410,Movie,International Movies
s8410,Movie,Sci-Fi & Fantasy
s8411,Movie,Documentaries
s8412,TV Show,British TV Shows
s8412,TV Show,Docuseries
s8412,TV Show,Science & Nature TV
s8413,Movie,Documentaries
s8413,Movie,Music & Musicals
s8414,Movie,Action & Adventure
s8414,Movie,Romantic Movies
s8415,Movie,Action & Adventure
s8415,Movie,Sci-Fi & Fantasy
s8416,Movie,Action & Adventure
s8416,Movie,Sci-Fi & Fantasy
s8417,Movie,Action & Adventure
s8417,Movie,Sci-Fi & Fantasy
s8418,Movie,Documentaries
s8419,Movie,Dramas
s8419,Movie,International Movies
s8420,Movie,Classic Movies
s8420,Movie,Documentaries
s8421,Movie,Comedies
s8422,TV Show,TV Dramas
s8422,TV Show,TV Mysteries
s8422,TV Show,TV Sci-Fi & Fantasy
s8423,TV Show,Docuseries
s8424,TV Show,Kids' TV
s8424,TV Show,TV Comedies
s8425,TV Show,International TV Shows
s8425,TV Show,Spanish-Language TV Shows
s8425,TV Show,TV Action & Adventure
s8426,Movie,Dramas
s8426,Movie,Independent Movies
s8426,Movie,International Movies
s8427,Movie,Horror Movies
s8427,Movie,Independent Movies
s8428,Movie,Dramas
s8429,TV Show,Docuseries
s8430,TV Show,International TV Shows
s8430,TV Show,TV Comedies
s8430,TV Show,TV Dramas
s8431,Movie,Children & Family Movies
s8431,Movie,Comedies
s8432,TV Show,British TV Shows
s8432,TV Show,Crime TV Shows
s8432,TV Show,Docuseries
s8433,Movie,Dramas
s8433,Movie,International Movies
s8433,Movie,Music & Musicals
s8434,Movie,Comedies
s8435,Movie,Comedies
s8435,Movie,Cult Movies
s8436,Movie,Classic Movies
s8436,Movie,Dramas
s8436,Movie,Sports Movies
s8437,Movie,Classic Movies
s8437,Movie,Documentaries
s8438,TV Show,Stand-Up Comedy & Talk Shows
s8438,TV Show,TV Comedies
s8439,Movie,Comedies
s8439,Movie,Independent Movies
s8439,Movie,Romantic Movies
s8440,TV Show,Docuseries
s8441,Movie,Documentaries
s8441,Movie,International Movies
s8442,Movie,Children & Family Movies
s8443,TV Show,TV Comedies
s8444,Movie,Comedies
s8444,Movie,Dramas
s8444,Movie,Independent Movies
s8445,Movie,Comedies
s8445,Movie,International Movies
s8446,Movie,Action & Adventure
s8446,Movie,Comedies
s8447,Movie,Action & Adventure
s8447,Movie,Comedies
s8448,Movie,Dramas
s8448,Movie,Independent Movies
s8448,Movie,LGBTQ Movies
s8449,Movie,Action & Adventure
s8450,Movie,Dramas
s8450,Movie,Thrillers
s8451,Movie,Documentaries
s8451,Movie,International Movies
s8451,Movie,Sports Movies
s8452,Movie,Comedies
s8452,Movie,Dramas
s8453,Movie,Dramas
s8453,Movie,Music & Musicals
s8453,Movie,Romantic Movies
s8454,Movie,Action & Adventure
s8454,Movie,Dramas
s8454,Movie,International Movies
s8455,Movie,Children & Family Movies
s8455,Movie,Comedies
s8456,Movie,Children & Family Movies
s8457,Movie,Dramas
s8458,Movie,Children & Family Movies
s8458,Movie,Comedies
s8459,Movie,Dramas
s8459,Movie,Independent Movies
s8460,Movie,Dramas
s8460,Movie,International Movies
s8460,Movie,Thrillers
s8461,Movie,Comedies
s8461,Movie,International Movies
s8462,Movie,Children & Family Movies
s8463,Movie,Documentaries
s8464,Movie,Comedies
s8464,Movie,Dramas
s8464,Movie,International Movies
s8465,Movie,Action & Adventure
s8466,Movie,Comedies
s8466,Movie,Romantic Movies
s8467,Movie,Children & Family Movies
s8468,Movie,Action & Adventure
s8468,Movie,Dramas
s8468,Movie,International Movies
s8469,Movie,Documentaries
s8470,Movie,Dramas
s8471,Movie,Documentaries
s8471,Movie,Sports Movies
s8472,TV Show,Docuseries
s8472,TV Show,Science & Nature TV
s8473,Movie,Children & Family Movies
s8473,Movie,Dramas
s8473,Movie,International Movies
s8474,Movie,Dramas
s8474,Movie,Thrillers
s8475,TV Show,Reality TV
s8476,Movie,Documentaries
s8476,Movie,International Movies
s8477,TV Show,British TV Shows
s8477,TV Show,Docuseries
s8477,TV Show,International TV Shows
s8478,Movie,Documentaries
s8478,Movie,Sports Movies
s8479,Movie,Documentaries
s8479,Movie,Sports Movies
s8480,Movie,Documentaries
s8480,Movie,Sports Movies
s8481,Movie,Dramas
s8481,Movie,Independent Movies
s8481,Movie,International Movies
s8482,Movie,Dramas
s8482,Movie,International Movies
s8483,TV Show,International TV Shows
s8483,TV Show,TV Dramas
s8483,TV Show,TV Horror
s8484,Movie,Horror Movies
s8484,Movie,International Movies
s8485,Movie,Horror Movies
s8485,Movie,Independent Movies
s8485,Movie,Sci-Fi & Fantasy
s8486,Movie,Dramas
s8486,Movie,International Movies
s8486,Movie,Romantic Movies
s8487,Movie,Horror Movies
s8487,Movie,Thrillers
s8488,Movie,Dramas
s8488,Movie,International Movies
s8489,Movie,Dramas
s8489,Movie,Independent Movies
s8490,Movie,Action & Adventure
s8491,TV Show,International TV Shows
s8491,TV Show,TV Dramas
s8492,Movie,Documentaries
s8492,Movie,International Movies
s8492,Movie,Music & Musicals
s8493,Movie,Thrillers
s8494,Movie,International Movies
s8494,Movie,Thrillers
s8495,Movie,Comedies
s8495,Movie,Dramas
s8496,Movie,Dramas
s8496,Movie,Independent Movies
s8497,Movie,Dramas
s8497,Movie,Independent Movies
s8497,Movie,International Movies
s8498,Movie,Comedies
s8498,Movie,Dramas
s8498,Movie,Independent Movies
s8499,Movie,Dramas
s8499,Movie,Thrillers
s8500,Movie,Dramas
s8501,Movie,Documentaries
s8502,Movie,Children & Family Movies
s8502,Movie,Comedies
s8503,Movie,Documentaries
s8504,TV Show,Docuseries
s8505,Movie,Comedies
s8505,Movie,International Movies
s8505,Movie,Music & Musicals
s8506,Movie,Dramas
s8507,Movie,Classic Movies
s8507,Movie,Comedies
s8507,Movie,Independent Movies
s8508,Movie,Sci-Fi & Fantasy
s8508,Movie,Thrillers
s8509,Movie,Horror Movies
s8509,Movie,Independent Movies
s8509,Movie,International Movies
s8510,Movie,Dramas
s8510,Movie,International Movies
s8510,Movie,Romantic Movies
s8511,TV Show,Crime TV Shows
s8511,TV Show,International TV Shows
s8511,TV Show,TV Dramas
s8512,Movie,Dramas
s8513,Movie,Action & Adventure
s8513,Movie,Romantic Movies
s8513,Movie,Sci-Fi & Fantasy
s8514,Movie,Dramas
s8514,Movie,Independent Movies
s8514,Movie,Romantic Movies
s8515,Movie,Dramas
s8515,Movie,Independent Movies
s8515,Movie,International Movies
s8516,Movie,Action & Adventure
s8516,Movie,Children & Family Movies
s8516,Movie,Comedies
s8517,Movie,Documentaries
s8517,Movie,International Movies
s8518,Movie,Dramas
s8518,Movie,Independent Movies
s8518,Movie,Thrillers
s8519,TV Show,Docuseries
s8520,TV Show,Docuseries
s8521,Movie,Thrillers
s8522,Movie,Documentaries
s8522,Movie,International Movies
s8523,Movie,Horror Movies
s8524,TV Show,Kids' TV
s8525,Movie,Documentaries
s8526,Movie,Action & Adventure
s8527,Movie,Dramas
s8527,Movie,Thrillers
s8528,Movie,Cult Movies
s8528,Movie,Horror Movies
s8528,Movie,Independent Movies
s8529,Movie,Dramas
s8529,Movie,International Movies
s8530,Movie,Comedies
s8530,Movie,Dramas
s8530,Movie,Independent Movies
s8531,Movie,Documentaries
s8532,Movie,Action & Adventure
s8532,Movie,Sci-Fi & Fantasy
s8533,Movie,Dramas
s8533,Movie,Romantic Movies
s8533,Movie,Sci-Fi & Fantasy
s8534,TV Show,Crime TV Shows
s8534,TV Show,Docuseries
s8535,Movie,Dramas
s8535,Movie,Independent Movies
s8535,Movie,Sports Movies
s8536,Movie,Thrillers
s8537,Movie,Comedies
s8538,Movie,Thrillers
s8539,Movie,Documentaries
s8539,Movie,International Movies
s8540,TV Show,TV Dramas
s8541,Movie,Action & Adventure
s8541,Movie,Comedies
s8542,TV Show,Classic & Cult TV
s8542,TV Show,TV Sci-Fi & Fantasy
s8543,Movie,Comedies
s8543,Movie,Romantic Movies
s8544,Movie,Horror Movies
s8544,Movie,International Movies
s8545,TV Show,International TV Shows
s8545,TV Show,TV Dramas
s8545,TV Show,Teen TV Shows
s8546,TV Show,Docuseries
s8546,TV Show,Science & Nature TV
s8547,Movie,Dramas
s8547,Movie,International Movies
s8548,Movie,Documentaries
s8549,Movie,Horror Movies
s8549,Movie,Thrillers
s8550,TV Show,Docuseries
s8551,Movie,Action & Adventure
s8551,Movie,Dramas
s8551,Movie,International Movies
s8552,TV Show,Docuseries
s8553,Movie,Dramas
s8553,Movie,International Movies
s8554,Movie,Children & Family Movies
s8555,Movie,Comedies
s8555,Movie,Sports Movies
s8556,Movie,Horror Movies
s8556,Movie,International Movies
s8557,Movie,Comedies
s8557,Movie,International Movies
s8557,Movie,Romantic Movies
s8558,TV Show,TV Dramas
s8559,Movie,Horror Movies
s8559,Movie,Independent Movies
s8560,Movie,Horror Movies
s8560,Movie,Thrillers
s8561,TV Show,International TV Shows
s8561,TV Show,Romantic TV Shows
s8561,TV Show,TV Comedies
s8562,Movie,Documentaries
s8562,Movie,International Movies
s8563,Movie,Comedies
s8563,Movie,Dramas
s8563,Movie,Faith & Spirituality
s8564,Movie,Dramas
s8564,Movie,International Movies
s8565,Movie,Action & Adventure
s8566,Movie,Documentaries
s8567,Movie,Thrillers
s8568,TV Show,International TV Shows
s8568,TV Show,Romantic TV Shows
s8568,TV Show,TV Comedies
s8569,Movie,Comedies
s8569,Movie,International Movies
s8570,Movie,Action & Adventure
s8570,Movie,Comedies
s8570,Movie,International Movies
s8571,Movie,Documentaries
s8572,Movie,Dramas
s8572,Movie,International Movies
s8572,Movie,Romantic Movies
s8573,Movie,Documentaries
s8573,Movie,Music & Musicals
s8574,Movie,Documentaries
s8575,TV Show,International TV Shows
s8575,TV Show,TV Horror
s8575,TV Show,TV Mysteries
s8576,TV Show,International TV Shows
s8576,TV Show,Korean TV Shows
s8576,TV Show,Romantic TV Shows
s8577,Movie,Comedies
s8577,Movie,International Movies
s8577,Movie,Romantic Movies
s8578,Movie,Documentaries
s8578,Movie,International Movies
s8578,Movie,Music & Musicals
s8579,Movie,Dramas
s8579,Movie,Independent Movies
s8579,Movie,International Movies
s8580,Movie,Action & Adventure
s8580,Movie,International Movies
s8580,Movie,Sports Movies
s8581,Movie,Action & Adventure
s8581,Movie,Comedies
s8581,Movie,Sci-Fi & Fantasy
s8582,Movie,Children & Family Movies
s8583,Movie,Dramas
s8583,Movie,International Movies
s8584,Movie,Dramas
s8584,Movie,International Movies
s8585,Movie,Action & Adventure
s8585,Movie,International Movies
s8586,Movie,Comedies
s8586,Movie,Dramas
s8586,Movie,International Movies
s8587,Movie,Dramas
s8587,Movie,Thrillers
s8588,Movie,Classic Movies
s8588,Movie,Documentaries
s8589,TV Show,Crime TV Shows
s8589,TV Show,International TV Shows
s8589,TV Show,TV Dramas
s8590,Movie,Dramas
s8590,Movie,International Movies
s8590,Movie,Thrillers
s8591,Movie,Dramas
s8591,Movie,International Movies
s8592,Movie,Comedies
s8592,Movie,Dramas
s8592,Movie,International Movies
s8593,TV Show,International TV Shows
s8593,TV Show,TV Dramas
s8594,TV Show,Crime TV Shows
s8594,TV Show,Docuseries
s8594,TV Show,International TV Shows
s8595,Movie,Children & Family Movies
s8596,Movie,Dramas
s8596,Movie,Independent Movies
s8596,Movie,Sci-Fi & Fantasy
s8597,TV Show,Kids' TV
s8598,Movie,Documentaries
s8599,Movie,Comedies
s8599,Movie,Cult Movies
s8599,Movie,LGBTQ Movies
s8600,TV Show,British TV Shows
s8600,TV Show,Classic & Cult TV
s8600,TV Show,TV Comedies
s8601,TV Show,Kids' TV
s8601,TV Show,Korean TV Shows
s8602,Movie,Documentaries
s8602,Movie,International Movies
s8602,Movie,Music & Musicals
s8603,Movie,Children & Family Movies
s8603,Movie,Comedies
s8604,Movie,Action & Adventure
s8605,TV Show,British TV Shows
s8605,TV Show,Docuseries
s8605,TV Show,Science & Nature TV
s8606,TV Show,Reality TV
s8607,Movie,Dramas
s8607,Movie,Independent Movies
s8607,Movie,International Movies
s8608,Movie,Comedies
s8608,Movie,Dramas
s8608,Movie,Romantic Movies
s8609,Movie,Comedies
s8610,TV Show,International TV Shows
s8610,TV Show,Reality TV
s8611,Movie,Action & Adventure
s8612,Movie,Dramas
s8612,Movie,Independent Movies
s8612,Movie,International Movies
s8613,Movie,Horror Movies
s8613,Movie,International Movies
s8614,Movie,Action & Adventure
s8614,Movie,Horror Movies
s8614,Movie,International Movies
s8615,Movie,Comedies
s8615,Movie,Cult Movies
s8615,Movie,Dramas
s8616,Movie,Dramas
s8616,Movie,Thrillers
s8617,Movie,Sci-Fi & Fantasy
s8617,Movie,Thrillers
s8618,Movie,Dramas
s8618,Movie,Independent Movies
s8618,Movie,Thrillers
s8619,Movie,Comedies
s8619,Movie,Dramas
s8619,Movie,Independent Movies
s8620,Movie,Documentaries
s8620,Movie,Dramas
s8620,Movie,International Movies
s8621,Movie,Documentaries
s8622,Movie,Comedies
s8622,Movie,Cult Movies
s8622,Movie,Horror Movies
s8623,Movie,Comedies
s8623,Movie,Horror Movies
s8623,Movie,Sci-Fi & Fantasy
s8624,Movie,Comedies
s8624,Movie,Horror Movies
s8624,Movie,Sci-Fi & Fantasy
s8625,Movie,Comedies
s8625,Movie,Horror Movies
s8625,Movie,Sci-Fi & Fantasy
s8626,Movie,Comedies
s8626,Movie,Horror Movies
s8626,Movie,Sci-Fi & Fantasy
s8627,Movie,Action & Adventure
s8627,Movie,Comedies
s8627,Movie,Horror Movies
s8628,Movie,Dramas
s8629,Movie,Comedies
s8629,Movie,Dramas
s8629,Movie,Independent Movies
s8630,Movie,Action & Adventure
s8630,Movie,Dramas
s8630,Movie,International Movies
s8631,Movie,International Movies
s8631,Movie,Thrillers
s8632,Movie,Documentaries
s8632,Movie,Music & Musicals
s8633,Movie,Documentaries
s8633,Movie,International Movies
s8634,TV Show,International TV Shows
s8634,TV Show,TV Dramas
s8635,Movie,Action & Adventure
s8636,Movie,Classic Movies
s8636,Movie,Dramas
s8637,Movie,Dramas
s8638,Movie,Dramas
s8638,Movie,Independent Movies
s8639,Movie,Comedies
s8639,Movie,Horror Movies
s8639,Movie,Independent Movies
s8640,Movie,Dramas
s8640,Movie,Faith & Spirituality
s8640,Movie,International Movies
s8641,Movie,Classic Movies
s8641,Movie,Documentaries
s8642,Movie,Children & Family Movies
s8642,Movie,Comedies
s8643,Movie,Horror Movies
s8644,Movie,Documentaries
s8644,Movie,International Movies
s8645,TV Show,Classic & Cult TV
s8645,TV Show,Crime TV Shows
s8645,TV Show,TV Dramas
s8646,Movie,Horror Movies
s8646,Movie,Independent Movies
s8646,Movie,Thrillers
s8647,TV Show,British TV Shows
s8647,TV Show,Kids' TV
s8648,Movie,Dramas
s8648,Movie,International Movies
s8649,Movie,Thrillers
s8650,Movie,Dramas
s8650,Movie,Independent Movies
s8650,Movie,Romantic Movies
s8651,Movie,Documentaries
s8651,Movie,International Movies
s8652,Movie,Documentaries
s8652,Movie,Sports Movies
s8653,Movie,Dramas
s8653,Movie,International Movies
s8653,Movie,Thrillers
s8654,TV Show,International TV Shows
s8654,TV Show,Romantic TV Shows
s8654,TV Show,TV Dramas
s8655,Movie,Dramas
s8655,Movie,International Movies
s8656,Movie,Children & Family Movies
s8656,Movie,Comedies
s8657,Movie,Documentaries
s8658,Movie,Action & Adventure
s8658,Movie,Documentaries
s8658,Movie,Sports Movies
s8659,Movie,Dramas
s8659,Movie,Independent Movies
s8659,Movie,International Movies
s8660,Movie,Action & Adventure
s8660,Movie,Children & Family Movies
s8660,Movie,Comedies
s8661,Movie,Classic Movies
s8661,Movie,Documentaries
s8662,Movie,Comedies
s8662,Movie,Dramas
s8662,Movie,Independent Movies
s8663,Movie,Dramas
s8663,Movie,Independent Movies
s8663,Movie,International Movies
s8664,Movie,International Movies
s8664,Movie,Thrillers
s8665,Movie,Comedies
s8665,Movie,Dramas
s8665,Movie,Romantic Movies
s8666,Movie,Dramas
s8666,Movie,Independent Movies
s8666,Movie,International Movies
s8667,Movie,Action & Adventure
s8667,Movie,Comedies
s8667,Movie,International Movies
s8668,Movie,Action & Adventure
s8669,Movie,Action & Adventure
s8669,Movie,Dramas
s8669,Movie,Sci-Fi & Fantasy
s8670,TV Show,Kids' TV
s8671,Movie,Action & Adventure
s8672,Movie,Action & Adventure
s8672,Movie,Dramas
s8672,Movie,International Movies
s8673,Movie,Comedies
s8673,Movie,Dramas
s8673,Movie,International Movies
s8674,Movie,Documentaries
s8675,Movie,Dramas
s8676,Movie,Dramas
s8677,Movie,Action & Adventure
s8677,Movie,Sci-Fi & Fantasy
s8678,Movie,Documentaries
s8679,Movie,Dramas
s8679,Movie,Thrillers
s8680,TV Show,Kids' TV
s8681,Movie,Dramas
s8681,Movie,International Movies
s8682,Movie,Dramas
s8682,Movie,International Movies
s8683,Movie,Comedies
s8683,Movie,Dramas
s8683,Movie,International Movies
s8684,Movie,Dramas
s8684,Movie,International Movies
s8684,Movie,Thrillers
s8685,TV Show,Kids' TV
s8685,TV Show,Korean TV Shows
s8686,Movie,Dramas
s8687,Movie,Action & Adventure
s8687,Movie,International Movies
s8688,Movie,Action & Adventure
s8688,Movie,International Movies
s8688,Movie,Sci-Fi & Fantasy
s8689,Movie,Dramas
s8689,Movie,International Movies
s8690,Movie,Comedies
s8690,Movie,Independent Movies
s8691,TV Show,International TV Shows
s8691,TV Show,TV Dramas
s8692,Movie,Dramas
s8693,Movie,Documentaries
s8694,Movie,Dramas
s8694,Movie,Independent Movies
s8694,Movie,Thrillers
s8695,Movie,Action & Adventure
s8696,Movie,Comedies
s8696,Movie,Dramas
s8696,Movie,International Movies
s8697,Movie,Dramas
s8698,Movie,Action & Adventure
s8698,Movie,Comedies
s8699,Movie,Horror Movies
s8699,Movie,Independent Movies
s8699,Movie,International Movies
s8700,Movie,Comedies
s8700,Movie,Dramas
s8700,Movie,International Movies
s8701,TV Show,Docuseries
s8701,TV Show,International TV Shows
s8702,Movie,Documentaries
s8703,Movie,Documentaries
s8704,Movie,Dramas
s8704,Movie,Independent Movies
s8704,Movie,Music & Musicals
s8705,Movie,Thrillers
s8706,Movie,Comedies
s8706,Movie,International Movies
s8706,Movie,Romantic Movies
s8707,Movie,Dramas
s8707,Movie,Independent Movies
s8708,Movie,Documentaries
s8708,Movie,International Movies
s8709,Movie,Comedies
s8709,Movie,Dramas
s8709,Movie,Independent Movies
s8710,Movie,Dramas
s8710,Movie,International Movies
s8711,TV Show,TV Comedies
s8711,TV Show,TV Dramas
s8712,Movie,Dramas
s8712,Movie,Independent Movies
s8712,Movie,International Movies
s8713,TV Show,British TV Shows
s8713,TV Show,Docuseries
s8713,TV Show,Science & Nature TV
s8714,Movie,Comedies
s8714,Movie,International Movies
s8715,Movie,Children & Family Movies
s8716,Movie,Dramas
s8716,Movie,Independent Movies
s8717,Movie,Comedies
s8717,Movie,Horror Movies
s8717,Movie,Independent Movies
s8718,Movie,Classic Movies
s8718,Movie,Dramas
s8718,Movie,International Movies
s8719,Movie,Documentaries
s8719,Movie,Sports Movies
s8720,Movie,Comedies
s8720,Movie,Dramas
s8720,Movie,International Movies
s8721,TV Show,International TV Shows
s8721,TV Show,TV Comedies
s8721,TV Show,TV Dramas
s8722,TV Show,International TV Shows
s8722,TV Show,Romantic TV Shows
s8722,TV Show,TV Comedies
s8723,Movie,Horror Movies
s8723,Movie,Thrillers
s8724,Movie,Documentaries
s8725,Movie,Dramas
s8725,Movie,Thrillers
s8726,Movie,Dramas
s8726,Movie,International Movies
s8726,Movie,Romantic Movies
s8727,TV Show,TV Dramas
s8728,Movie,Documentaries
s8728,Movie,International Movies
s8729,Movie,Documentaries
s8729,Movie,International Movies
s8730,Movie,Action & Adventure
s8730,Movie,Comedies
s8730,Movie,Dramas
s8731,Movie,Comedies
s8732,Movie,Comedies
s8732,Movie,Dramas
s8732,Movie,Independent Movies
s8733,Movie,Sci-Fi & Fantasy
s8733,Movie,Thrillers
s8734,Movie,Comedies
s8734,Movie,Independent Movies
s8734,Movie,Thrillers
s8735,Movie,Documentaries
s8735,Movie,LGBTQ Movies
s8735,Movie,Music & Musicals
s8736,Movie,Classic Movies
s8736,Movie,Dramas
s8736,Movie,Independent Movies
s8737,TV Show,International TV Shows
s8737,TV Show,Romantic TV Shows
s8737,TV Show,TV Comedies
s8738,Movie,Documentaries
s8739,Movie,Documentaries
s8740,Movie,Documentaries
s8741,TV Show,British TV Shows
s8741,TV Show,Docuseries
s8741,TV Show,Science & Nature TV
s8742,TV Show,British TV Shows
s8742,TV Show,Docuseries
s8742,TV Show,Science & Nature TV
s8743,Movie,Action & Adventure
s8743,Movie,Comedies
s8743,Movie,Sci-Fi & Fantasy
s8744,Movie,Dramas
s8744,Movie,Independent Movies
s8745,Movie,Documentaries
s8745,Movie,International Movies
s8745,Movie,Sports Movies
s8746,Movie,Children & Family Movies
s8746,Movie,Classic Movies
s8746,Movie,Comedies
s8747,Movie,Documentaries
s8747,Movie,International Movies
s8748,TV Show,Reality TV
s8749,Movie,Classic Movies
s8749,Movie,Dramas
s8750,TV Show,International TV Shows
s8750,TV Show,TV Dramas
s8750,TV Show,TV Thrillers
s8751,Movie,Dramas
s8751,Movie,Independent Movies
s8752,Movie,Comedies
s8752,Movie,Dramas
s8752,Movie,Independent Movies
s8753,Movie,Children & Family Movies
s8753,Movie,Dramas
s8754,Movie,Dramas
s8754,Movie,Independent Movies
s8755,Movie,Dramas
s8755,Movie,Independent Movies
s8755,Movie,Sports Movies
s8756,TV Show,Crime TV Shows
s8756,TV Show,Docuseries
s8757,Movie,Documentaries
s8757,Movie,Music & Musicals
s8758,Movie,Action & Adventure
s8758,Movie,Dramas
s8759,TV Show,British TV Shows
s8759,TV Show,Docuseries
s8760,Movie,Movies
s8761,Movie,Horror Movies
s8761,Movie,Independent Movies
s8761,Movie,Thrillers
s8762,Movie,Comedies
s8762,Movie,International Movies
s8762,Movie,Romantic Movies
s8763,Movie,Dramas
s8763,Movie,International Movies
s8764,Movie,Documentaries
s8765,Movie,Action & Adventure
s8766,Movie,Horror Movies
s8767,Movie,Action & Adventure
s8767,Movie,Sports Movies
s8768,Movie,Action & Adventure
s8769,Movie,Dramas
s8769,Movie,Independent Movies
s8769,Movie,International Movies
s8770,Movie,Dramas
s8770,Movie,Independent Movies
s8770,Movie,International Movies
s8771,Movie,Dramas
s8771,Movie,International Movies
s8771,Movie,Romantic Movies
s8772,Movie,Dramas
s8772,Movie,International Movies
s8772,Movie,Music & Musicals
s8773,Movie,Action & Adventure
s8773,Movie,Comedies
s8773,Movie,International Movies
s8774,Movie,Comedies
s8774,Movie,Dramas
s8774,Movie,International Movies
s8775,Movie,Dramas
s8775,Movie,Independent Movies
s8775,Movie,International Movies
s8776,TV Show,International TV Shows
s8776,TV Show,TV Comedies
s8777,Movie,Children & Family Movies
s8777,Movie,Comedies
s8778,Movie,International Movies
s8778,Movie,LGBTQ Movies
s8778,Movie,Romantic Movies
s8779,Movie,International Movies
s8779,Movie,LGBTQ Movies
s8779,Movie,Romantic Movies
s8780,Movie,International Movies
s8780,Movie,LGBTQ Movies
s8780,Movie,Romantic Movies
s8781,TV Show,Anime Series
s8781,TV Show,Kids' TV
s8782,Movie,Anime Features
s8782,Movie,Children & Family Movies
s8783,Movie,Comedies
s8783,Movie,Horror Movies
s8783,Movie,Independent Movies
s8784,TV Show,Kids' TV
s8785,Movie,Children & Family Movies
s8786,TV Show,Kids' TV
s8787,Movie,Children & Family Movies
s8788,Movie,Comedies
s8788,Movie,Romantic Movies
s8789,Movie,Dramas
s8789,Movie,International Movies
s8790,Movie,Comedies
s8790,Movie,Dramas
s8790,Movie,International Movies
s8791,Movie,Action & Adventure
s8791,Movie,Comedies
s8792,Movie,Comedies
s8792,Movie,Dramas
s8792,Movie,Independent Movies
s8793,Movie,Action & Adventure
s8793,Movie,International Movies
s8794,Movie,Children & Family Movies
s8794,Movie,Comedies
s8795,Movie,Dramas
s8795,Movie,Independent Movies
s8795,Movie,International Movies
s8796,TV Show,Anime Series
s8796,TV Show,Kids' TV
s8797,TV Show,International TV Shows
s8797,TV Show,TV Dramas
s8798,TV Show,Kids' TV
s8799,Movie,Comedies
s8799,Movie,Dramas
s8799,Movie,International Movies
s8800,Movie,Dramas
s8800,Movie,International Movies
s8801,TV Show,International TV Shows
s8801,TV Show,Romantic TV Shows
s8801,TV Show,TV Dramas
s8802,Movie,Dramas
s8802,Movie,International Movies
s8802,Movie,Thrillers
s8803,Movie,Cult Movies
s8803,Movie,Dramas
s8803,Movie,Thrillers
s8804,TV Show,Kids' TV
s8804,TV Show,Korean TV Shows
s8804,TV Show,TV Comedies
s8805,Movie,Comedies
s8805,Movie,Horror Movies
s8806,Movie,Children & Family Movies
s8806,Movie,Comedies
s8807,Movie,Dramas
s8807,Movie,International Movies
s8807,Movie,Music & Musicals
